wallet,mint,token,symbol,call_timestamp,window_start,window_end,history_scope,timestamp,signature,event_type,token_amount,sol_delta,counterparty,fee_sol,fee_coverage
CLiXvfYSJtG5SJTCWyLvXKtDag9pJiA4vSWZGgSKP19X,25GrKYrc3y4LZmmuhppYgFRCKb7JyZ6grum4WhLYvA1z,Optimistic Drake,DRAKE,2026-09-29T12:43:30.551000Z,2026-09-29T12:41:36Z,2026-09-30T12:43:30Z,available_mint_history_to_window_end,2026-09-29T12:41:41Z,3SjwcRhEZ8Hkkd62c2snC79eg7WAEjpB6g6xki6eZGEKvvUidwnxRC85ET8oLu5eEDAQuniHpFx5sNP8dpYkvSiW,PURCHASE,31708085.666278,-1.073068839,,,unavailable
CLiXvfYSJtG5SJTCWyLvXKtDag9pJiA4vSWZGgSKP19X,25GrKYrc3y4LZmmuhppYgFRCKb7JyZ6grum4WhLYvA1z,Optimistic Drake,DRAKE,2026-09-29T12:43:30.551000Z,2026-09-29T12:41:36Z,2026-09-30T12:43:30Z,available_mint_history_to_window_end,2026-09-29T12:57:54Z,3eqh921jHGsQ6c5joofgrnJAxmmDN8zeE3UFGy1o48DkLVm8pLKRuokoN7XUg1pxh5Prj5iDmGuSKdxKDuT2KhQK,SALE,-1585404.283314,0.176636892,,,unavailable
CLiXvfYSJtG5SJTCWyLvXKtDag9pJiA4vSWZGgSKP19X,25GrKYrc3y4LZmmuhppYgFRCKb7JyZ6grum4WhLYvA1z,Optimistic Drake,DRAKE,2026-09-29T12:43:30.551000Z,2026-09-29T12:41:36Z,2026-09-30T12:43:30Z,available_mint_history_to_window_end,2026-09-29T13:12:09Z,5KMn363S68wM6CoxVq3j4RtLgSPujUZvs4REeoKStSMpd9afVQTMD2K2osEdtJVBLNrMi5fhESbUgmGYfaYBUzp,SALE,-3012268.138296,0.331251695,,,unavailable
CLiXvfYSJtG5SJTCWyLvXKtDag9pJiA4vSWZGgSKP19X,25GrKYrc3y4LZmmuhppYgFRCKb7JyZ6grum4WhLYvA1z,Optimistic Drake,DRAKE,2026-09-29T12:43:30.551000Z,2026-09-29T12:41:36Z,2026-09-30T12:43:30Z,available_mint_history_to_window_end,2026-09-29T13:12:45Z,4XV9hopXAEkqs1U6fxb41smvRY1g3KJxXv3xaiksqVFFkX5uxm9jLJaT9GyWTr4shyzMubykysKWQ69Vqcrni8VQ,SALE,-5422082.648934,0.54215691,,,unavailable
CLiXvfYSJtG5SJTCWyLvXKtDag9pJiA4vSWZGgSKP19X,25GrKYrc3y4LZmmuhppYgFRCKb7JyZ6grum4WhLYvA1z,Optimistic Drake,DRAKE,2026-09-29T12:43:30.551000Z,2026-09-29T12:41:36Z,2026-09-30T12:43:30Z,available_mint_history_to_window_end,2026-09-29T13:13:00Z,5VjiC5gQaVxs3jk5be9LcwYMeCC3bc29C4LBePttuCv9agFzMQeyWQYB22iW3YtTLGnHPEr8bMfJFoLLQ6icsB21,SALE,-21688330.595734,1.738047607,,,unavailable
CLiXvfYSJtG5SJTCWyLvXKtDag9pJiA4vSWZGgSKP19X,25GrKYrc3y4LZmmuhppYgFRCKb7JyZ6grum4WhLYvA1z,Optimistic Drake,DRAKE,2026-09-29T12:43:30.551000Z,2026-09-29T12:41:36Z,2026-09-30T12:43:30Z,available_mint_history_to_window_end,2026-09-29T13:13:08Z,6fAba7N1tZFKMNUMc3WKvBUbERcvDXt2qgJkDQPnm1ho65uJJAi4qTwzhe5gS8YZRQ59Brtj2HFSQxZKFXDpsH9,TOKEN_IN,7209707.972001,0.0,6yVb4pxNwDfr6rovwNnBg3SyKSvDcHGD4WdFPN1JJBqm,,unavailable
CLiXvfYSJtG5SJTCWyLvXKtDag9pJiA4vSWZGgSKP19X,25GrKYrc3y4LZmmuhppYgFRCKb7JyZ6grum4WhLYvA1z,Optimistic Drake,DRAKE,2026-09-29T12:43:30.551000Z,2026-09-29T12:41:36Z,2026-09-30T12:43:30Z,available_mint_history_to_window_end,2026-09-29T13:13:11Z,3f33YRZ6EGHeZpNCTFJSVqcjPuLvYeYCVfUGxuQyLiVzJEDyr66F5rsJv7XV7vwiDdisAqq7yhQ9oBwKfjX8VEUD,SALE,-7209707.972001,0.533888924,,,unavailable
CLiXvfYSJtG5SJTCWyLvXKtDag9pJiA4vSWZGgSKP19X,25GrKYrc3y4LZmmuhppYgFRCKb7JyZ6grum4WhLYvA1z,Optimistic Drake,DRAKE,2026-09-29T12:43:30.551000Z,2026-09-29T12:41:36Z,2026-09-30T12:43:30Z,available_mint_history_to_window_end,2026-09-29T13:14:15Z,32gn6Rj7JVnf9qD35dZQyHYX8Nev3nJnYvCEHUETZctnVVyBn9hkLAVJgyh6yRkzU9Y8YFUkbVdCenAvv3oMU4Qm,TOKEN_IN,2539710.134877,0.0,6yVb4pxNwDfr6rovwNnBg3SyKSvDcHGD4WdFPN1JJBqm,,unavailable
CLiXvfYSJtG5SJTCWyLvXKtDag9pJiA4vSWZGgSKP19X,25GrKYrc3y4LZmmuhppYgFRCKb7JyZ6grum4WhLYvA1z,Optimistic Drake,DRAKE,2026-09-29T12:43:30.551000Z,2026-09-29T12:41:36Z,2026-09-30T12:43:30Z,available_mint_history_to_window_end,2026-09-29T13:14:17Z,5guEvTFy4bMssY1r7qz3Ry17ZUXMmaccYbVwrQd2vosnqUGczp5Cufwi42iAG1qvYJrJX1CVZ3AV74DHRTX5qd9d,SALE,-2539710.134877,0.199038223,,,unavailable
CLiXvfYSJtG5SJTCWyLvXKtDag9pJiA4vSWZGgSKP19X,3f8CKfznVUGrFfhcq8ZBY9M1xyDeEQGrh6iH372h3ebN,Rowdy The Skatedog,Rowdy,2026-09-25T16:11:52.883000Z,2026-09-25T16:10:23Z,2026-09-26T16:11:52Z,available_mint_history_to_window_end,2026-09-25T16:10:28Z,3iAfa5FDpww81fFbKFwu14QJ88tEVWKaBRSi7Sa5oPFV1LXEgSyfsswzxJpDsjs8pgZPt1wd9D8jkySFsdYMJX7n,PURCHASE,25628290.015607,-0.904106339,,,unavailable
CLiXvfYSJtG5SJTCWyLvXKtDag9pJiA4vSWZGgSKP19X,3f8CKfznVUGrFfhcq8ZBY9M1xyDeEQGrh6iH372h3ebN,Rowdy The Skatedog,Rowdy,2026-09-25T16:11:52.883000Z,2026-09-25T16:10:23Z,2026-09-26T16:11:52Z,available_mint_history_to_window_end,2026-09-25T16:12:04Z,2rkCPNhka1cSN3KwWqxpHbFk3nG5W1UPrWEJq7cE1PFBBUZXrmpG833xZsMuXDFt9Poa8paTcC7SnErLVEzLo3Ve,SALE,-7688487.004682,0.8261904,,,unavailable
CLiXvfYSJtG5SJTCWyLvXKtDag9pJiA4vSWZGgSKP19X,3f8CKfznVUGrFfhcq8ZBY9M1xyDeEQGrh6iH372h3ebN,Rowdy The Skatedog,Rowdy,2026-09-25T16:11:52.883000Z,2026-09-25T16:10:23Z,2026-09-26T16:11:52Z,available_mint_history_to_window_end,2026-09-25T16:13:53Z,3JBJypqS4yQWLDvVDxTMcbxBZszAMajFQYu5WM6tmN8gTZkcrn5Vafc3Z3LfnDcApuHvUa1Sn3m3zYLbt5vaX8Cq,SALE,-5381940.903278,0.952185932,,,unavailable
CLiXvfYSJtG5SJTCWyLvXKtDag9pJiA4vSWZGgSKP19X,3f8CKfznVUGrFfhcq8ZBY9M1xyDeEQGrh6iH372h3ebN,Rowdy The Skatedog,Rowdy,2026-09-25T16:11:52.883000Z,2026-09-25T16:10:23Z,2026-09-26T16:11:52Z,available_mint_history_to_window_end,2026-09-25T16:14:06Z,4PpEvksWsSe3coD2Qge4wKA5gbd3w3U1LFcaU4wzx4Ue9ZaPzfkMubxERs87zTVfbzc2tT2vgq9Ls1Qmy4us65BF,SALE,-3767358.632294,0.885721921,,,unavailable
CLiXvfYSJtG5SJTCWyLvXKtDag9pJiA4vSWZGgSKP19X,3f8CKfznVUGrFfhcq8ZBY9M1xyDeEQGrh6iH372h3ebN,Rowdy The Skatedog,Rowdy,2026-09-25T16:11:52.883000Z,2026-09-25T16:10:23Z,2026-09-26T16:11:52Z,available_mint_history_to_window_end,2026-09-25T16:14:52Z,3s5s9cr1poAkxvrTmvzaYKK9FNcsXBzDcfrpU71CkoZXEAAaMiMJgQqgytjdD3BQ8s2Fu3VG9twmTNnhHttSGt2N,SALE,-2637151.042606,0.493811239,,,unavailable
CLiXvfYSJtG5SJTCWyLvXKtDag9pJiA4vSWZGgSKP19X,3f8CKfznVUGrFfhcq8ZBY9M1xyDeEQGrh6iH372h3ebN,Rowdy The Skatedog,Rowdy,2026-09-25T16:11:52.883000Z,2026-09-25T16:10:23Z,2026-09-26T16:11:52Z,available_mint_history_to_window_end,2026-09-25T16:17:59Z,5JugGoMWyYm2jcm12s3tdMxkgMh4odPYi9dTEo4Rx1bdNkvGrfG6Eykhm2XdkNWc6zw9BNcsqyf6okQftQBuefhM,SALE,-6153352.432747,0.842670287,,,unavailable
CLiXvfYSJtG5SJTCWyLvXKtDag9pJiA4vSWZGgSKP19X,3f8CKfznVUGrFfhcq8ZBY9M1xyDeEQGrh6iH372h3ebN,Rowdy The Skatedog,Rowdy,2026-09-25T16:11:52.883000Z,2026-09-25T16:10:23Z,2026-09-26T16:11:52Z,available_mint_history_to_window_end,2026-09-25T16:19:51Z,nkd1aWoRuF8zmxKYMDL5rYrc6mdV4sRkXs6g9XvSFFEgQRsU2QZcD6momqZj9pwEVmXkmDY6rHuCahFTnLMSamV,TOKEN_IN,11147396.409307,0.0,6yVb4pxNwDfr6rovwNnBg3SyKSvDcHGD4WdFPN1JJBqm,,unavailable
CLiXvfYSJtG5SJTCWyLvXKtDag9pJiA4vSWZGgSKP19X,3f8CKfznVUGrFfhcq8ZBY9M1xyDeEQGrh6iH372h3ebN,Rowdy The Skatedog,Rowdy,2026-09-25T16:11:52.883000Z,2026-09-25T16:10:23Z,2026-09-26T16:11:52Z,available_mint_history_to_window_end,2026-09-25T16:19:54Z,2oP2LBH5Ef7Ab8J9T7uq2zVVHS5u5Qm5VjAnpzy2c3uEoe8PNoCFbVtbeRPcGWcqdrYBLkRx8jMYnWSX4mwAMFr6,SALE,-3344218.922792,0.511934692,,,unavailable
CLiXvfYSJtG5SJTCWyLvXKtDag9pJiA4vSWZGgSKP19X,3f8CKfznVUGrFfhcq8ZBY9M1xyDeEQGrh6iH372h3ebN,Rowdy The Skatedog,Rowdy,2026-09-25T16:11:52.883000Z,2026-09-25T16:10:23Z,2026-09-26T16:11:52Z,available_mint_history_to_window_end,2026-09-25T16:20:06Z,5D38tEUHCg7j8Nm19uvxqqZ9BABhxXiW95ZvzZ7xo3Bw2BJKgYK9RUNSckrBfumFj6dSLkzsT12kU9bxjQSYRjqk,SALE,-7803177.486515,1.176254403,,,unavailable
CLiXvfYSJtG5SJTCWyLvXKtDag9pJiA4vSWZGgSKP19X,69N7rm9nnp6sVoULtp5toD26F25rYum8593GupxkUYvH,Never Kill Yourself,NEVER,2026-09-26T12:46:09.362000Z,2026-09-26T12:42:49Z,2026-09-27T12:46:09Z,available_mint_history_to_window_end,2026-09-26T12:42:54Z,5Hg597bpVhWMmmTiB1cKwkP6XLRv3xySSfB4U6ru3TzSQ4n3DHoEqgXs67hZcF64GKrt9Dec9v7nefCKvUDv5FwX,PURCHASE,21268358.94482,-0.761443839,,,unavailable
CLiXvfYSJtG5SJTCWyLvXKtDag9pJiA4vSWZGgSKP19X,69N7rm9nnp6sVoULtp5toD26F25rYum8593GupxkUYvH,Never Kill Yourself,NEVER,2026-09-26T12:46:09.362000Z,2026-09-26T12:42:49Z,2026-09-27T12:46:09Z,available_mint_history_to_window_end,2026-09-26T12:50:58Z,5qpRKy9eatUbkv3K7oEooZWxY8fkrcut1Q8wFwShFkEKawr8k3kn7AACijSZorKs6k4dhNsA5JHqELAmgdyVwBkr,SALE,-6380507.683446,0.814761559,,,unavailable
CLiXvfYSJtG5SJTCWyLvXKtDag9pJiA4vSWZGgSKP19X,69N7rm9nnp6sVoULtp5toD26F25rYum8593GupxkUYvH,Never Kill Yourself,NEVER,2026-09-26T12:46:09.362000Z,2026-09-26T12:42:49Z,2026-09-27T12:46:09Z,available_mint_history_to_window_end,2026-09-26T12:51:34Z,5j9Q6aNGSpKvd7ZWb9XPN7ZhDjfswyAxrFFr3HvY6V9VrWzEMm1U3GJh3WBAjHbTYtuvunYPRRFmkwBDQf76CVrs,SALE,-2977570.252275,0.39623538,,,unavailable
CLiXvfYSJtG5SJTCWyLvXKtDag9pJiA4vSWZGgSKP19X,69N7rm9nnp6sVoULtp5toD26F25rYum8593GupxkUYvH,Never Kill Yourself,NEVER,2026-09-26T12:46:09.362000Z,2026-09-26T12:42:49Z,2026-09-27T12:46:09Z,available_mint_history_to_window_end,2026-09-26T12:52:45Z,Y4ykMKiv4irYirhSHijZDw2LUq5vCWec8zGzw73VSuyTgdWaaGAGdMPk4i4xqTxFcEfDMJNLidKprabSEu5U7GR,SALE,-2382056.20182,0.555944204,,,unavailable
CLiXvfYSJtG5SJTCWyLvXKtDag9pJiA4vSWZGgSKP19X,69N7rm9nnp6sVoULtp5toD26F25rYum8593GupxkUYvH,Never Kill Yourself,NEVER,2026-09-26T12:46:09.362000Z,2026-09-26T12:42:49Z,2026-09-27T12:46:09Z,available_mint_history_to_window_end,2026-09-26T12:53:14Z,YF2qhEkGAozAZKNwC1fGisWKq7tfgEd348BEAYLqdP7ZJ5G9SbPAaQTfgRS9D5Eannnwysq45S7awf1vxJ9ZFat,SALE,-952822.480728,0.216044991,,,unavailable
CLiXvfYSJtG5SJTCWyLvXKtDag9pJiA4vSWZGgSKP19X,69N7rm9nnp6sVoULtp5toD26F25rYum8593GupxkUYvH,Never Kill Yourself,NEVER,2026-09-26T12:46:09.362000Z,2026-09-26T12:42:49Z,2026-09-27T12:46:09Z,available_mint_history_to_window_end,2026-09-26T12:54:13Z,3LTPQZcJKWjpoc5xqxPyRtY3ReQWvT7rhLpuV4gLdKWsvtMWWV1CQ61hr7eUVMrhsgBPCn7fyccE2Bw43E9SQCJs,SALE,-1715080.46531,0.428289494,,,unavailable
CLiXvfYSJtG5SJTCWyLvXKtDag9pJiA4vSWZGgSKP19X,69N7rm9nnp6sVoULtp5toD26F25rYum8593GupxkUYvH,Never Kill Yourself,NEVER,2026-09-26T12:46:09.362000Z,2026-09-26T12:42:49Z,2026-09-27T12:46:09Z,available_mint_history_to_window_end,2026-09-26T12:54:38Z,2BAVYHvhPtMXecaGWKbCNLPVvSr1zgJcBKvnjxFnTcwwMZ5DznSc8sup5jxSwAAR5bN6jjQbrq5FDyf5UwfhiNwt,SALE,-2058096.558372,0.466288804,,,unavailable
CLiXvfYSJtG5SJTCWyLvXKtDag9pJiA4vSWZGgSKP19X,69N7rm9nnp6sVoULtp5toD26F25rYum8593GupxkUYvH,Never Kill Yourself,NEVER,2026-09-26T12:46:09.362000Z,2026-09-26T12:42:49Z,2026-09-27T12:46:09Z,available_mint_history_to_window_end,2026-09-26T12:56:26Z,5Pf73ZPU9So8mp7AcSxJ3KwQ5QnEN2TZEJ3DzqEmup5ettWgeg558usnxfBpnqrhwr2zA99i31FQntbDskaoCCVr,SALE,-1440667.590861,0.321630811,,,unavailable
CLiXvfYSJtG5SJTCWyLvXKtDag9pJiA4vSWZGgSKP19X,69N7rm9nnp6sVoULtp5toD26F25rYum8593GupxkUYvH,Never Kill Yourself,NEVER,2026-09-26T12:46:09.362000Z,2026-09-26T12:42:49Z,2026-09-27T12:46:09Z,available_mint_history_to_window_end,2026-09-26T12:57:39Z,2BziXpLRPigJ4R82YN1Tempup5qkbpLXJtWLmMqXfNzx7r3LQwT6weTexYWwaVqpqfo2De7azrs4EvAo1vPRgN7c,SALE,-1008467.313602,0.294709023,,,unavailable
CLiXvfYSJtG5SJTCWyLvXKtDag9pJiA4vSWZGgSKP19X,69N7rm9nnp6sVoULtp5toD26F25rYum8593GupxkUYvH,Never Kill Yourself,NEVER,2026-09-26T12:46:09.362000Z,2026-09-26T12:42:49Z,2026-09-27T12:46:09Z,available_mint_history_to_window_end,2026-09-26T12:58:45Z,YuMdDSaeow2DhcSDDhThcs34XJJK24JNBxnqK7uDYirf7riuy4v67Rwcj642tRuMCWZF8Xgk3wbUgVS7GywLFzF,SALE,-2353090.398406,0.795728273,,,unavailable
CLiXvfYSJtG5SJTCWyLvXKtDag9pJiA4vSWZGgSKP19X,6XD1vorwquLXjTSL5W4MJMGewZBeiEcPFmZw527TSwva,AlxCooks,AlxCooks,2026-10-03T19:11:00.378000Z,2026-10-03T19:09:16Z,2026-10-04T19:11:00Z,available_mint_history_to_window_end,2026-10-03T19:09:21Z,2hCTCUFNBAsnHXEsJP9uWJHCnBnzUSdA3Bp333MV8yS6vmYEoYydCiaGinC5s5Da8DLAWHwjuPYRJeB4S7koTA9Z,PURCHASE,21131035.961371,-1.85376884,,,unavailable
CLiXvfYSJtG5SJTCWyLvXKtDag9pJiA4vSWZGgSKP19X,6XD1vorwquLXjTSL5W4MJMGewZBeiEcPFmZw527TSwva,AlxCooks,AlxCooks,2026-10-03T19:11:00.378000Z,2026-10-03T19:09:16Z,2026-10-04T19:11:00Z,available_mint_history_to_window_end,2026-10-03T19:12:27Z,8aiMh7i51uhBxG6nvxdMsD7DsVjjSTE7XTXgD5oNkyTTTSCqGWGZoHfW1vMEJc4ruws9ux1Q6acLMLda1ocZwTT,SALE,-2113103.596137,0.422849738,,,unavailable
CLiXvfYSJtG5SJTCWyLvXKtDag9pJiA4vSWZGgSKP19X,6XD1vorwquLXjTSL5W4MJMGewZBeiEcPFmZw527TSwva,AlxCooks,AlxCooks,2026-10-03T19:11:00.378000Z,2026-10-03T19:09:16Z,2026-10-04T19:11:00Z,available_mint_history_to_window_end,2026-10-03T19:12:54Z,A2V8uLzvhxXRMW1T9ycwmMp7Fg27Bx1BGzwnqDTKAEnrhMKyWZZAhienx6uUA8NDH2Pc994LB6sq8mEMxZxn4V7,SALE,-950896.618262,0.199256669,,,unavailable
CLiXvfYSJtG5SJTCWyLvXKtDag9pJiA4vSWZGgSKP19X,6XD1vorwquLXjTSL5W4MJMGewZBeiEcPFmZw527TSwva,AlxCooks,AlxCooks,2026-10-03T19:11:00.378000Z,2026-10-03T19:09:16Z,2026-10-04T19:11:00Z,available_mint_history_to_window_end,2026-10-03T19:13:55Z,3Ekesaz6db8Q9yxtK12KAuJsU4jR6Md2Tv4HHcwtxA4kq4cCM6tuBaKKSG7ZKTqJ2a2CL62UMNRGCCFtqzjbLKNk,SALE,-903351.787349,0.146291346,,,unavailable
CLiXvfYSJtG5SJTCWyLvXKtDag9pJiA4vSWZGgSKP19X,6XD1vorwquLXjTSL5W4MJMGewZBeiEcPFmZw527TSwva,AlxCooks,AlxCooks,2026-10-03T19:11:00.378000Z,2026-10-03T19:09:16Z,2026-10-04T19:11:00Z,available_mint_history_to_window_end,2026-10-03T19:14:47Z,5P7SCxe9LBVuFemGFqwpyhrTZ6Cm2j2XK6ssECewSjCywd1FcjupFDnnAtbtfZ8EWJ4bfSWqd3H1DsLYnSDhGAta,SALE,-858184.197981,0.158445397,,,unavailable
CLiXvfYSJtG5SJTCWyLvXKtDag9pJiA4vSWZGgSKP19X,6XD1vorwquLXjTSL5W4MJMGewZBeiEcPFmZw527TSwva,AlxCooks,AlxCooks,2026-10-03T19:11:00.378000Z,2026-10-03T19:09:16Z,2026-10-04T19:11:00Z,available_mint_history_to_window_end,2026-10-03T19:15:45Z,5Kff8i2u5QMFX2u9q1vmrmJScjtN6QUWaW5hz83bFBjrpHFAWjgsTyQMn3NXZHQ6TbgWpvRqRRcU1aDaAodeLuui,SALE,-16305499.761642,1.303615516,,,unavailable
CLiXvfYSJtG5SJTCWyLvXKtDag9pJiA4vSWZGgSKP19X,6akNLpNd11oq4q5zxhXGwr5jwUi6Ke4CvKmF6QeUwJCQ,Justice For Knox,Knox,2026-10-03T14:59:45.073000Z,2026-10-03T14:56:15Z,2026-10-04T14:59:45Z,available_mint_history_to_window_end,2026-10-03T14:56:20Z,3jsNgPYcitArJa48W186iKMqjFuDdkKUPC5EqC6RqbG5AkB4izWcYYNJu3C1gRQgrjo176DXipX4PqvD9Y6R9CNT,PURCHASE,25097768.878363,-1.06251884,,,unavailable
CLiXvfYSJtG5SJTCWyLvXKtDag9pJiA4vSWZGgSKP19X,6akNLpNd11oq4q5zxhXGwr5jwUi6Ke4CvKmF6QeUwJCQ,Justice For Knox,Knox,2026-10-03T14:59:45.073000Z,2026-10-03T14:56:15Z,2026-10-04T14:59:45Z,available_mint_history_to_window_end,2026-10-03T14:59:18Z,2CVnQynMV9QmFuzqeQZTWJtTuFNHPuembAKW9cLdDyu6jjpasdJyzBzdCuA7XNyBFYhV3xWgE7XZmM5diupyhFZp,SALE,-5019553.775673,0.600766377,,,unavailable
CLiXvfYSJtG5SJTCWyLvXKtDag9pJiA4vSWZGgSKP19X,6akNLpNd11oq4q5zxhXGwr5jwUi6Ke4CvKmF6QeUwJCQ,Justice For Knox,Knox,2026-10-03T14:59:45.073000Z,2026-10-03T14:56:15Z,2026-10-04T14:59:45Z,available_mint_history_to_window_end,2026-10-03T15:01:43Z,5y9SLaVGMn2Ej7HVb91j1ecN7zfcdrmEqai8x5gQFhiadus2RpHMuNd1Kzq5HK7qqdF2HUHBi3fMQ7Xj5bWRKMZD,SALE,-2007821.510269,0.330454716,,,unavailable
CLiXvfYSJtG5SJTCWyLvXKtDag9pJiA4vSWZGgSKP19X,6akNLpNd11oq4q5zxhXGwr5jwUi6Ke4CvKmF6QeUwJCQ,Justice For Knox,Knox,2026-10-03T14:59:45.073000Z,2026-10-03T14:56:15Z,2026-10-04T14:59:45Z,available_mint_history_to_window_end,2026-10-03T15:02:13Z,SW2EGqANqMZFy7chq2k9fysB6y3UJZ5tf823mBfXLEyr29jJFurp5DrVQ5siAVt5vSn5PQZR5FwK7LiGNpyRbps,SALE,-1807039.359242,0.347849595,,,unavailable
CLiXvfYSJtG5SJTCWyLvXKtDag9pJiA4vSWZGgSKP19X,6akNLpNd11oq4q5zxhXGwr5jwUi6Ke4CvKmF6QeUwJCQ,Justice For Knox,Knox,2026-10-03T14:59:45.073000Z,2026-10-03T14:56:15Z,2026-10-04T14:59:45Z,available_mint_history_to_window_end,2026-10-03T15:02:18Z,4eDUpU8UPdvrTNyUJrASCNq8996bEG6VMM9ttphk9Pmm3Rxf315dKahx4ZtyF2aTEi5FiDqwShPk9H4wXDvscioc,SALE,-1626335.423318,0.347761232,,,unavailable
CLiXvfYSJtG5SJTCWyLvXKtDag9pJiA4vSWZGgSKP19X,6akNLpNd11oq4q5zxhXGwr5jwUi6Ke4CvKmF6QeUwJCQ,Justice For Knox,Knox,2026-10-03T14:59:45.073000Z,2026-10-03T14:56:15Z,2026-10-04T14:59:45Z,available_mint_history_to_window_end,2026-10-03T15:02:23Z,4VAP1Kz4UWAhAggyZ9bEoEdGHMiJbqQdUjpdZVWai3qvscuLuMyUoWkzjHpq5X1aFA7TvfUnfE2VqkAKrVyujZvp,SALE,-1463701.880986,0.305054948,,,unavailable
CLiXvfYSJtG5SJTCWyLvXKtDag9pJiA4vSWZGgSKP19X,6akNLpNd11oq4q5zxhXGwr5jwUi6Ke4CvKmF6QeUwJCQ,Justice For Knox,Knox,2026-10-03T14:59:45.073000Z,2026-10-03T14:56:15Z,2026-10-04T14:59:45Z,available_mint_history_to_window_end,2026-10-03T15:02:48Z,2XfgZxu51UpcoBSwCUmkSzMVywiqXuJrZiw447mvipNLFwQ1R1PijWASkMP8f5A4qb1tk43U55R4EJes2u7YgAVe,SALE,-1317331.692888,0.336644443,,,unavailable
CLiXvfYSJtG5SJTCWyLvXKtDag9pJiA4vSWZGgSKP19X,6akNLpNd11oq4q5zxhXGwr5jwUi6Ke4CvKmF6QeUwJCQ,Justice For Knox,Knox,2026-10-03T14:59:45.073000Z,2026-10-03T14:56:15Z,2026-10-04T14:59:45Z,available_mint_history_to_window_end,2026-10-03T15:02:51Z,2WN8zuC37J344NsqxZwnjUViiXarsYccBCb8VLb8am8GBYmNv5o8aaUjbGRVMSwvJ8GGHEPjQcyRsHDwN6uMaiot,SALE,-2371197.047197,0.615964906,,,unavailable
CLiXvfYSJtG5SJTCWyLvXKtDag9pJiA4vSWZGgSKP19X,6akNLpNd11oq4q5zxhXGwr5jwUi6Ke4CvKmF6QeUwJCQ,Justice For Knox,Knox,2026-10-03T14:59:45.073000Z,2026-10-03T14:56:15Z,2026-10-04T14:59:45Z,available_mint_history_to_window_end,2026-10-03T15:02:54Z,5C3yBiVCP2x3JiicRQdtfrYddp9KUSNDNC1wm1VVrogUSV9XCkV6zd3ekDQQfVu7MfBdJtrpTr6aRw78ATQ97PEu,SALE,-948478.818879,0.267064316,,,unavailable
CLiXvfYSJtG5SJTCWyLvXKtDag9pJiA4vSWZGgSKP19X,6akNLpNd11oq4q5zxhXGwr5jwUi6Ke4CvKmF6QeUwJCQ,Justice For Knox,Knox,2026-10-03T14:59:45.073000Z,2026-10-03T14:56:15Z,2026-10-04T14:59:45Z,available_mint_history_to_window_end,2026-10-03T15:04:54Z,2JuYAA9YS1XQRT1vECvMiCkXXNw1D84Wftu4DFLPMY5C834FUvukxUSBQY7UvYSkCy1j5EXqFKnfbe71ZC2QGBa6,SALE,-853630.936991,0.282371515,,,unavailable
CLiXvfYSJtG5SJTCWyLvXKtDag9pJiA4vSWZGgSKP19X,6akNLpNd11oq4q5zxhXGwr5jwUi6Ke4CvKmF6QeUwJCQ,Justice For Knox,Knox,2026-10-03T14:59:45.073000Z,2026-10-03T14:56:15Z,2026-10-04T14:59:45Z,available_mint_history_to_window_end,2026-10-03T15:07:16Z,514ZFasc8vB2XmBKsWp2NhfafWNc969hc7pPDeeC917rK8BxFeQajuHZdoQYerAQAQzjV5VYdHvtKHdUYUjJaJh,SALE,-768267.843292,0.202866212,,,unavailable
CLiXvfYSJtG5SJTCWyLvXKtDag9pJiA4vSWZGgSKP19X,6akNLpNd11oq4q5zxhXGwr5jwUi6Ke4CvKmF6QeUwJCQ,Justice For Knox,Knox,2026-10-03T14:59:45.073000Z,2026-10-03T14:56:15Z,2026-10-04T14:59:45Z,available_mint_history_to_window_end,2026-10-03T15:08:20Z,4p7xrC9QAApeo6tNJU9G78tJFgSxBXUZZkL8BiwyEczjDzkT4B8pKdJAMbFjD2iiyhmi8KUpHTUhrYpmRqaEooJG,SALE,-6914410.589628,0.920257869,,,unavailable
CLiXvfYSJtG5SJTCWyLvXKtDag9pJiA4vSWZGgSKP19X,6akNLpNd11oq4q5zxhXGwr5jwUi6Ke4CvKmF6QeUwJCQ,Justice For Knox,Knox,2026-10-03T14:59:45.073000Z,2026-10-03T14:56:15Z,2026-10-04T14:59:45Z,available_mint_history_to_window_end,2026-10-03T15:08:27Z,44j5DjGRBtHT9ywtZRyoTXjyBGF6Jx6rRNTjvbwg7p3S9k8iBE4wS5ubNzDm5RwQgrh2v8TGYf54xVAhrQFE6TkJ,TOKEN_IN,5874762.62053,0.0,6yVb4pxNwDfr6rovwNnBg3SyKSvDcHGD4WdFPN1JJBqm,,unavailable
CLiXvfYSJtG5SJTCWyLvXKtDag9pJiA4vSWZGgSKP19X,6akNLpNd11oq4q5zxhXGwr5jwUi6Ke4CvKmF6QeUwJCQ,Justice For Knox,Knox,2026-10-03T14:59:45.073000Z,2026-10-03T14:56:15Z,2026-10-04T14:59:45Z,available_mint_history_to_window_end,2026-10-03T15:08:30Z,2Hky4HYugEZoXdV2iRUjF5nQF2J6HmkM7uHZbpLL2Ga42Ewt9dj2vv3BLakReng1d9xnCSBUiVSZDMPjPwYm5HRQ,SALE,-5874762.62053,0.577104135,,,unavailable
CLiXvfYSJtG5SJTCWyLvXKtDag9pJiA4vSWZGgSKP19X,7HiD5rzoZxAYXEJ8Z4t3WgM8VE1iSKWJdxPPyEdDNzwN,Corps Lance Cpl. Bruno,BRUNO,2026-10-05T17:59:58.381000Z,2026-10-05T17:57:28Z,2026-10-06T17:59:58Z,available_mint_history_to_window_end,2026-10-05T17:57:33Z,3SMd3yyLhpLf3fWsZGkfkcBSg2Cpv6Bawj83daQiDNPf2yfWtmsQPWCLMW57W7fUNtd8KSb8c1yHKeMGpiNC7xDL,PURCHASE,27939416.298611,-1.45814384,,,unavailable
CLiXvfYSJtG5SJTCWyLvXKtDag9pJiA4vSWZGgSKP19X,7HiD5rzoZxAYXEJ8Z4t3WgM8VE1iSKWJdxPPyEdDNzwN,Corps Lance Cpl. Bruno,BRUNO,2026-10-05T17:59:58.381000Z,2026-10-05T17:57:28Z,2026-10-06T17:59:58Z,available_mint_history_to_window_end,2026-10-05T18:00:39Z,FxNZqmXYjivVEjoyAxvmGZ6XQdVSPnbzsQKo2NjFGcQy5kUswT4n52kpFxkzxiBMTM5fGxcMdxiWP6LgQt7y51v,SALE,-5587883.259722,1.321160786,,,unavailable
CLiXvfYSJtG5SJTCWyLvXKtDag9pJiA4vSWZGgSKP19X,7HiD5rzoZxAYXEJ8Z4t3WgM8VE1iSKWJdxPPyEdDNzwN,Corps Lance Cpl. Bruno,BRUNO,2026-10-05T17:59:58.381000Z,2026-10-05T17:57:28Z,2026-10-06T17:59:58Z,available_mint_history_to_window_end,2026-10-05T18:00:48Z,2wBbB1F6EAbgZmhx5oWYRvC2yUXLi4FMh4TrfFYu3Q5EJb7xHNjeVKNzUj5dKX4ryRLwp8diiAicc8DNZvafVvgV,SALE,-6705459.911667,1.728924417,,,unavailable
CLiXvfYSJtG5SJTCWyLvXKtDag9pJiA4vSWZGgSKP19X,7HiD5rzoZxAYXEJ8Z4t3WgM8VE1iSKWJdxPPyEdDNzwN,Corps Lance Cpl. Bruno,BRUNO,2026-10-05T17:59:58.381000Z,2026-10-05T17:57:28Z,2026-10-06T17:59:58Z,available_mint_history_to_window_end,2026-10-05T18:01:00Z,2iFUdFSsXNLk7h4h7az8cpr6XD5a7u3ipPbaTQfDLjwePivqmkoEAuHvu1Ppwd18az2vnp88YZuJjubPsv7wDR7K,SALE,-3129214.625444,0.826513736,,,unavailable
CLiXvfYSJtG5SJTCWyLvXKtDag9pJiA4vSWZGgSKP19X,7HiD5rzoZxAYXEJ8Z4t3WgM8VE1iSKWJdxPPyEdDNzwN,Corps Lance Cpl. Bruno,BRUNO,2026-10-05T17:59:58.381000Z,2026-10-05T17:57:28Z,2026-10-06T17:59:58Z,available_mint_history_to_window_end,2026-10-05T18:01:49Z,2eQW4Aq62EpYfvmGHn4cS6dRiNpP5hrmyNmNuY4hmwRtsfG5XRWRmUq5XM8evcTopRKNPmjeEmzwD9UY9q6H4SJK,SALE,-2503371.700356,0.542286307,,,unavailable
CLiXvfYSJtG5SJTCWyLvXKtDag9pJiA4vSWZGgSKP19X,7HiD5rzoZxAYXEJ8Z4t3WgM8VE1iSKWJdxPPyEdDNzwN,Corps Lance Cpl. Bruno,BRUNO,2026-10-05T17:59:58.381000Z,2026-10-05T17:57:28Z,2026-10-06T17:59:58Z,available_mint_history_to_window_end,2026-10-05T18:05:00Z,3pZqMZTcvfy92VqyWxb54jivRghCkUDDNDkYnZoGj25baDXyaxVdPjHYH5F44d2KPSSDSoP6sV18db6CjR3otSo5,SALE,-10013486.801422,1.081969064,,,unavailable
CLiXvfYSJtG5SJTCWyLvXKtDag9pJiA4vSWZGgSKP19X,7HiD5rzoZxAYXEJ8Z4t3WgM8VE1iSKWJdxPPyEdDNzwN,Corps Lance Cpl. Bruno,BRUNO,2026-10-05T17:59:58.381000Z,2026-10-05T17:57:28Z,2026-10-06T17:59:58Z,available_mint_history_to_window_end,2026-10-05T18:05:04Z,sg1Ru4Qsfc1TurAMeb3ygbWsEgTnQVitQeue1aWiL8Bhqzbgj5KoBTbbp6BSmfsM7VAQN5su6EG5DbCpuLhhdNP,TOKEN_IN,6814310.622807,0.0,6yVb4pxNwDfr6rovwNnBg3SyKSvDcHGD4WdFPN1JJBqm,,unavailable
CLiXvfYSJtG5SJTCWyLvXKtDag9pJiA4vSWZGgSKP19X,7HiD5rzoZxAYXEJ8Z4t3WgM8VE1iSKWJdxPPyEdDNzwN,Corps Lance Cpl. Bruno,BRUNO,2026-10-05T17:59:58.381000Z,2026-10-05T17:57:28Z,2026-10-06T17:59:58Z,available_mint_history_to_window_end,2026-10-05T18:05:28Z,J2yWZ3mgVjUVv3D5EeLUXx5KMh7B1xGKgqTcJMsAbYfug7rW5KAqRb95iYMby4XpCLvp5fLscjULtawo96345pP,SALE,-6814310.622807,0.899057626,,,unavailable
CLiXvfYSJtG5SJTCWyLvXKtDag9pJiA4vSWZGgSKP19X,9PNfxvTARzdxvQas2uknW57bnfMCS1dxW1He7rPbuhuQ,Artificial Inufluencer,AI,2026-10-03T17:58:58.595000Z,2026-10-03T17:57:28Z,2026-10-04T17:58:58Z,available_mint_history_to_window_end,2026-10-03T17:57:33Z,AzarEoSxH49SUPz7eh5GFvSHXGzLHcNsy1XCAd7GScdwqcjA6GEBx6Tv4KJF81vXAY77KpwoD1yfUJp2y1taELC,PURCHASE,27714651.867604,-1.85376884,,,unavailable
CLiXvfYSJtG5SJTCWyLvXKtDag9pJiA4vSWZGgSKP19X,9PNfxvTARzdxvQas2uknW57bnfMCS1dxW1He7rPbuhuQ,Artificial Inufluencer,AI,2026-10-03T17:58:58.595000Z,2026-10-03T17:57:28Z,2026-10-04T17:58:58Z,available_mint_history_to_window_end,2026-10-03T17:57:54Z,5T1qxaqGui2WXctFddF3A8QaotnybhRghZ9iBZNQw72MLRarxT6bCh8uzGdkqvioXJABo1kmrj8oVCUSU1gaKT3o,SALE,-5542930.373521,0.736828039,,,unavailable
CLiXvfYSJtG5SJTCWyLvXKtDag9pJiA4vSWZGgSKP19X,9PNfxvTARzdxvQas2uknW57bnfMCS1dxW1He7rPbuhuQ,Artificial Inufluencer,AI,2026-10-03T17:58:58.595000Z,2026-10-03T17:57:28Z,2026-10-04T17:58:58Z,available_mint_history_to_window_end,2026-10-03T17:58:07Z,4Se9BHX2Q7qPMeSZReqpevnxCqRK5b9pS7wUEv8VFznNzaD5v9izAjsCSg748sDaDni5EoYNfCEusGFR6rdPWizw,SALE,-2217172.149408,0.419219778,,,unavailable
CLiXvfYSJtG5SJTCWyLvXKtDag9pJiA4vSWZGgSKP19X,9PNfxvTARzdxvQas2uknW57bnfMCS1dxW1He7rPbuhuQ,Artificial Inufluencer,AI,2026-10-03T17:58:58.595000Z,2026-10-03T17:57:28Z,2026-10-04T17:58:58Z,available_mint_history_to_window_end,2026-10-03T17:58:12Z,365N6Mb2hBUnTXzaTTgYHYcH2BpdHL91bafGyCec73qQJp9yVrZSUiTUBBYjBqWeoLSt9t948pRsinSTvHjhh6pp,SALE,-1995454.934468,0.403291095,,,unavailable
CLiXvfYSJtG5SJTCWyLvXKtDag9pJiA4vSWZGgSKP19X,9PNfxvTARzdxvQas2uknW57bnfMCS1dxW1He7rPbuhuQ,Artificial Inufluencer,AI,2026-10-03T17:58:58.595000Z,2026-10-03T17:57:28Z,2026-10-04T17:58:58Z,available_mint_history_to_window_end,2026-10-03T18:00:21Z,286bcLPJrZQfwsZm61dbbMHwNywmZ5PLxxjmgt6d5fTK2pi6tDhcBsRmCb9JCSySkKS2kB3m3dviQL1cP59wf7g4,SALE,-897954.72051,0.283912556,,,unavailable
CLiXvfYSJtG5SJTCWyLvXKtDag9pJiA4vSWZGgSKP19X,9PNfxvTARzdxvQas2uknW57bnfMCS1dxW1He7rPbuhuQ,Artificial Inufluencer,AI,2026-10-03T17:58:58.595000Z,2026-10-03T17:57:28Z,2026-10-04T17:58:58Z,available_mint_history_to_window_end,2026-10-03T18:00:27Z,Boynu9eEJP7nsR1bUnU3PWnrb8nDemdgiax9fskYRYrM3f1wtxrGUT2DtQcc6ueww1gHJm6XoZypdnqM2iTTmhw,SALE,-853056.984485,0.306227414,,,unavailable
CLiXvfYSJtG5SJTCWyLvXKtDag9pJiA4vSWZGgSKP19X,9PNfxvTARzdxvQas2uknW57bnfMCS1dxW1He7rPbuhuQ,Artificial Inufluencer,AI,2026-10-03T17:58:58.595000Z,2026-10-03T17:57:28Z,2026-10-04T17:58:58Z,available_mint_history_to_window_end,2026-10-03T18:00:31Z,2eVPzSBS4si1r9DcVw1WbMAiNJFa6opzmpqzkPctFSjwk1bVmEn6KvjvxMddNRmALRJQDjF3RfPrVpgmE28dHeks,SALE,-1620808.270521,0.59605866,,,unavailable
CLiXvfYSJtG5SJTCWyLvXKtDag9pJiA4vSWZGgSKP19X,9PNfxvTARzdxvQas2uknW57bnfMCS1dxW1He7rPbuhuQ,Artificial Inufluencer,AI,2026-10-03T17:58:58.595000Z,2026-10-03T17:57:28Z,2026-10-04T17:58:58Z,available_mint_history_to_window_end,2026-10-03T18:03:02Z,QMDBvaR7xgydDRbcVbARnyZN4PAZuKws6MJwNFtq1bFdrmbFquCTknm2YdG4Ziyozqqfq85PuQX5RzWJjJCf7gT,SALE,-14587274.434691,1.180692618,,,unavailable
CLiXvfYSJtG5SJTCWyLvXKtDag9pJiA4vSWZGgSKP19X,BE5ciZmcADAX78u2a1GrFiPMPC3rNXtdPGUrhzWB4k5d,Special Inu,SI,2026-10-01T13:07:06.421000Z,2026-10-01T13:05:44Z,2026-10-02T13:07:06Z,available_mint_history_to_window_end,2026-10-01T13:05:49Z,3kDaEiDWncVE8ni9NGRVdVfmJqYA11DCH8JpUaXAMwJYiE3wDpHmD6hLaLYTABQqB8xwu9ReoJDZRDG1gQh4CV9Z,PURCHASE,27226768.668988,-0.806681339,,,unavailable
CLiXvfYSJtG5SJTCWyLvXKtDag9pJiA4vSWZGgSKP19X,BE5ciZmcADAX78u2a1GrFiPMPC3rNXtdPGUrhzWB4k5d,Special Inu,SI,2026-10-01T13:07:06.421000Z,2026-10-01T13:05:44Z,2026-10-02T13:07:06Z,available_mint_history_to_window_end,2026-10-01T13:11:25Z,315YXNmzXZt4qGVnD6eBWkN2G3LVa13mVVveWfMBmFpLwX4itoHK8nMMab81WpYxFGcV9kVtBD6HbFXFhX72ZG3g,PURCHASE,456873.911097,-0.064827399,,,unavailable
CLiXvfYSJtG5SJTCWyLvXKtDag9pJiA4vSWZGgSKP19X,BE5ciZmcADAX78u2a1GrFiPMPC3rNXtdPGUrhzWB4k5d,Special Inu,SI,2026-10-01T13:07:06.421000Z,2026-10-01T13:05:44Z,2026-10-02T13:07:06Z,available_mint_history_to_window_end,2026-10-01T13:15:21Z,2creFgSYdv7HdFeb76oCs6LSRg9ZczoJybFNHYT1DaLppCu88qpNYvwRWEDC4EoBpYgMe48ABgfs6DVWmsf2EUbi,SALE,-5536728.516017,0.85943382,,,unavailable
CLiXvfYSJtG5SJTCWyLvXKtDag9pJiA4vSWZGgSKP19X,BE5ciZmcADAX78u2a1GrFiPMPC3rNXtdPGUrhzWB4k5d,Special Inu,SI,2026-10-01T13:07:06.421000Z,2026-10-01T13:05:44Z,2026-10-02T13:07:06Z,available_mint_history_to_window_end,2026-10-01T13:22:25Z,4HxnsfoVMghrHNQKsXknW6kLXLbVCedj5iSkwrxANxeguW6JSQNa4p3TQ7LUMC21FoFAeduweV9U6DG5PqEiFiiR,PURCHASE,172789.059872,-0.032638699,,,unavailable
CLiXvfYSJtG5SJTCWyLvXKtDag9pJiA4vSWZGgSKP19X,BE5ciZmcADAX78u2a1GrFiPMPC3rNXtdPGUrhzWB4k5d,Special Inu,SI,2026-10-01T13:07:06.421000Z,2026-10-01T13:05:44Z,2026-10-02T13:07:06Z,available_mint_history_to_window_end,2026-10-01T13:30:46Z,h2uALXeyTknrGaoNCraAe47sTyFjhUoipqquke8PLM75wFUv53JGsGiyyMa9tyoiUEFaUbihgmKF8xvSq2g296M,SALE,-2231970.312394,0.271649157,,,unavailable
CLiXvfYSJtG5SJTCWyLvXKtDag9pJiA4vSWZGgSKP19X,BE5ciZmcADAX78u2a1GrFiPMPC3rNXtdPGUrhzWB4k5d,Special Inu,SI,2026-10-01T13:07:06.421000Z,2026-10-01T13:05:44Z,2026-10-02T13:07:06Z,available_mint_history_to_window_end,2026-10-01T13:31:33Z,4TycRybrfM9U2ubD34qggUUHrknLcZAg7b8VNCB8SsuUiGBh51A2xfnE8gvjhf2sBWbFko2VVrPRT9vr9HpvmMWK,SALE,-20087732.811546,2.076031733,,,unavailable
CLiXvfYSJtG5SJTCWyLvXKtDag9pJiA4vSWZGgSKP19X,BE5ciZmcADAX78u2a1GrFiPMPC3rNXtdPGUrhzWB4k5d,Special Inu,SI,2026-10-01T13:07:06.421000Z,2026-10-01T13:05:44Z,2026-10-02T13:07:06Z,available_mint_history_to_window_end,2026-10-01T13:31:55Z,33bKAttAu7UsWYjJ3zapztkqhm9CvAP6e5B78qra3aZ95sSFvfJfxpqcnEGeqDazgHfUitt4zG4hFLEUnQKnhEp1,TOKEN_IN,8673381.899908,0.0,6yVb4pxNwDfr6rovwNnBg3SyKSvDcHGD4WdFPN1JJBqm,,unavailable
CLiXvfYSJtG5SJTCWyLvXKtDag9pJiA4vSWZGgSKP19X,BE5ciZmcADAX78u2a1GrFiPMPC3rNXtdPGUrhzWB4k5d,Special Inu,SI,2026-10-01T13:07:06.421000Z,2026-10-01T13:05:44Z,2026-10-02T13:07:06Z,available_mint_history_to_window_end,2026-10-01T13:32:12Z,3gS41rm83s9NAecirRQK4ZnZK7aUUuXiqYYZ1Yb6xbP8XxsukFyZ2ovPXhjHudvaVLVnuCFDs96VUMVCijufgBtK,SALE,-8673381.899908,0.773052533,,,unavailable
CLiXvfYSJtG5SJTCWyLvXKtDag9pJiA4vSWZGgSKP19X,BE5ciZmcADAX78u2a1GrFiPMPC3rNXtdPGUrhzWB4k5d,Special Inu,SI,2026-10-01T13:07:06.421000Z,2026-10-01T13:05:44Z,2026-10-02T13:07:06Z,available_mint_history_to_window_end,2026-10-01T13:32:15Z,R6q5r4a42ddBhrLCgVvyoYYsB66NqTh921JHiv3Rf4raSfocm1wmuEgrfzTbMz5TAx9fKNhn2TrNU5XG1RjBBkj,TOKEN_IN,1905719.115985,0.0,6yVb4pxNwDfr6rovwNnBg3SyKSvDcHGD4WdFPN1JJBqm,,unavailable
CLiXvfYSJtG5SJTCWyLvXKtDag9pJiA4vSWZGgSKP19X,BE5ciZmcADAX78u2a1GrFiPMPC3rNXtdPGUrhzWB4k5d,Special Inu,SI,2026-10-01T13:07:06.421000Z,2026-10-01T13:05:44Z,2026-10-02T13:07:06Z,available_mint_history_to_window_end,2026-10-01T13:32:17Z,2DCqYXYR3ZT5rUQTDSniAq81dxUdU6dnGeBiGHmPH52idWMNptSTtz6fzHZ7USpG4A9FVtvNmteGrVjoYccMW9Xp,SALE,-1905719.115985,0.150200513,,,unavailable
CLiXvfYSJtG5SJTCWyLvXKtDag9pJiA4vSWZGgSKP19X,DJejJn1iJntJVTAixy4VRgqJFF3NMKPEMgVzbJFmpump,Generational Crashout,JADOODOO,2026-09-30T15:44:35.892000Z,2026-09-30T15:43:01Z,2026-10-01T15:44:35Z,available_mint_history_to_window_end,2026-09-30T15:43:06Z,EzwKH9pc7cHqbsSqry1NAxWqQmHJ9RZCmyEQLsNBzRnxnGHnvBjBxBX42afWgzBtowP6iWwVtTHeeXVS9tdhpGY,PURCHASE,16658716.854866,-1.566650089,,,unavailable
CLiXvfYSJtG5SJTCWyLvXKtDag9pJiA4vSWZGgSKP19X,DJejJn1iJntJVTAixy4VRgqJFF3NMKPEMgVzbJFmpump,Generational Crashout,JADOODOO,2026-09-30T15:44:35.892000Z,2026-09-30T15:43:01Z,2026-10-01T15:44:35Z,available_mint_history_to_window_end,2026-09-30T16:01:55Z,4voxZdFfdEE6Z4mzyuW5BfAwstFqbU4PX25M75xU3gSo4Hx9bgQWat68g1HLuyU5vb9JsVYvfvxk3qTkBEi25G73,SALE,-16658716.854866,1.603848349,,,unavailable
CLiXvfYSJtG5SJTCWyLvXKtDag9pJiA4vSWZGgSKP19X,H8oe2SCksJcYzhPeS4TsbteusgZW5k7QaZ4boKyq8C7U,quarantinu,quarantinu,2026-10-05T10:34:23.488000Z,2026-10-05T10:27:41Z,2026-10-06T10:34:23Z,available_mint_history_to_window_end,2026-10-05T10:27:46Z,aMPsMrdwwHyudGu2rb9nvXTHqFsiWpNtXcu1PTor4HRdQPE3QrkDWavZuUhZUMMdVGfzXrxeZohRrCuNxbuiRRF,PURCHASE,23374075.353957,-0.84251884,,,unavailable
CLiXvfYSJtG5SJTCWyLvXKtDag9pJiA4vSWZGgSKP19X,H8oe2SCksJcYzhPeS4TsbteusgZW5k7QaZ4boKyq8C7U,quarantinu,quarantinu,2026-10-05T10:34:23.488000Z,2026-10-05T10:27:41Z,2026-10-06T10:34:23Z,available_mint_history_to_window_end,2026-10-05T10:32:39Z,2mLLyqfEUqBvkZxMBkLWrYEhoL8y3dFb8ARnpAkXGZcbhMii9ki8hnDKZAkKZCv4MJmXN6MTu7X7gWGSjQMHewZo,SALE,-2337407.535396,0.218013631,,,unavailable
CLiXvfYSJtG5SJTCWyLvXKtDag9pJiA4vSWZGgSKP19X,H8oe2SCksJcYzhPeS4TsbteusgZW5k7QaZ4boKyq8C7U,quarantinu,quarantinu,2026-10-05T10:34:23.488000Z,2026-10-05T10:27:41Z,2026-10-06T10:34:23Z,available_mint_history_to_window_end,2026-10-05T10:36:55Z,67etL16FPQMdwtECbqo7j43RTBqYYpottDQXwAKsv1wW8jjiX1aKMSeomrbDos9ZcbujDS7K34sRLGvKnnWnrXZu,SALE,-2103666.781856,0.418876086,,,unavailable
CLiXvfYSJtG5SJTCWyLvXKtDag9pJiA4vSWZGgSKP19X,H8oe2SCksJcYzhPeS4TsbteusgZW5k7QaZ4boKyq8C7U,quarantinu,quarantinu,2026-10-05T10:34:23.488000Z,2026-10-05T10:27:41Z,2026-10-06T10:34:23Z,available_mint_history_to_window_end,2026-10-05T10:39:42Z,2TUinS38B8JaU8ARqSnZLUZuTj8UXXXi5mYGvVpAeYmuTNHxiS48d9YuzoSVHSkeBcJJVExsKBKXEpnFVREh39qS,SALE,-1893300.103671,0.374895708,,,unavailable
CLiXvfYSJtG5SJTCWyLvXKtDag9pJiA4vSWZGgSKP19X,H8oe2SCksJcYzhPeS4TsbteusgZW5k7QaZ4boKyq8C7U,quarantinu,quarantinu,2026-10-05T10:34:23.488000Z,2026-10-05T10:27:41Z,2026-10-06T10:34:23Z,available_mint_history_to_window_end,2026-10-05T10:40:13Z,3yAJ1AMhUWVCD2FvWCGcUY7RAqFyMsd4gSMmMqb46tkRUVkz11xbjoYxjopM7rtjXf3aro2Z5HSUnTFuSdTa2JCk,SALE,-1703970.093303,0.364318635,,,unavailable
CLiXvfYSJtG5SJTCWyLvXKtDag9pJiA4vSWZGgSKP19X,H8oe2SCksJcYzhPeS4TsbteusgZW5k7QaZ4boKyq8C7U,quarantinu,quarantinu,2026-10-05T10:34:23.488000Z,2026-10-05T10:27:41Z,2026-10-06T10:34:23Z,available_mint_history_to_window_end,2026-10-05T10:40:48Z,ersyVcmnjAQBYTGzF94WFEbvVjVHBq4Y7ibYsmRtVRAw5rKpEA1M1mgqdiVEymq5QxwHzPvdFkdvCusT9AQpipp,SALE,-1533573.083973,0.416627353,,,unavailable
CLiXvfYSJtG5SJTCWyLvXKtDag9pJiA4vSWZGgSKP19X,H8oe2SCksJcYzhPeS4TsbteusgZW5k7QaZ4boKyq8C7U,quarantinu,quarantinu,2026-10-05T10:34:23.488000Z,2026-10-05T10:27:41Z,2026-10-06T10:34:23Z,available_mint_history_to_window_end,2026-10-05T10:40:52Z,3h9JtuZ6VoDNtgq8y3GEjsJzDBoJ9hQXiLiCZBTGG7m8nTH8cTdi59E8kg88a4cZS2d9mjYMgvSrs8c6oD3Xdou,SALE,-690107.887788,0.192694608,,,unavailable
CLiXvfYSJtG5SJTCWyLvXKtDag9pJiA4vSWZGgSKP19X,H8oe2SCksJcYzhPeS4TsbteusgZW5k7QaZ4boKyq8C7U,quarantinu,quarantinu,2026-10-05T10:34:23.488000Z,2026-10-05T10:27:41Z,2026-10-06T10:34:23Z,available_mint_history_to_window_end,2026-10-05T10:41:13Z,Q7oBjrDw16hrJ1CYpTPcyXqXGuE3LBxXTDZ3m5fMoUJyHAvSfSwn1nSf442MehxQf1qv2byaVDnX4zAgTUzcoH1,SALE,-2622409.973594,0.690553679,,,unavailable
CLiXvfYSJtG5SJTCWyLvXKtDag9pJiA4vSWZGgSKP19X,H8oe2SCksJcYzhPeS4TsbteusgZW5k7QaZ4boKyq8C7U,quarantinu,quarantinu,2026-10-05T10:34:23.488000Z,2026-10-05T10:27:41Z,2026-10-06T10:34:23Z,available_mint_history_to_window_end,2026-10-05T10:41:23Z,5CU4b7wwx2oJaZKq4ycZtnpFZxoJV5FsWgBQU636FydJfTHb67gos7naMnsjUS9yMbUznMC2h2f1RgC5g3JSaShT,SALE,-1048963.989438,0.281494816,,,unavailable
CLiXvfYSJtG5SJTCWyLvXKtDag9pJiA4vSWZGgSKP19X,H8oe2SCksJcYzhPeS4TsbteusgZW5k7QaZ4boKyq8C7U,quarantinu,quarantinu,2026-10-05T10:34:23.488000Z,2026-10-05T10:27:41Z,2026-10-06T10:34:23Z,available_mint_history_to_window_end,2026-10-05T10:43:27Z,5y4n9CMXP7dinY3M8UyAhwwcWD98ZiTZQiCh6YxvKryoZMM6rw27N7BdrVoHqWvqFdpbsbDn973WKhB8UmVAz6g7,SALE,-944067.590494,0.219820828,,,unavailable
CLiXvfYSJtG5SJTCWyLvXKtDag9pJiA4vSWZGgSKP19X,H8oe2SCksJcYzhPeS4TsbteusgZW5k7QaZ4boKyq8C7U,quarantinu,quarantinu,2026-10-05T10:34:23.488000Z,2026-10-05T10:27:41Z,2026-10-06T10:34:23Z,available_mint_history_to_window_end,2026-10-05T10:43:32Z,269wfP6SJK6YGisMVvz3arsUu8kkVN8oDAgHSvrZYoUJy6zaZo2JoDS1zjNoTkiTHkoiLSKWZ26rPJ3nWCEWt6AY,SALE,-8496608.314444,1.810432159,,,unavailable
CLiXvfYSJtG5SJTCWyLvXKtDag9pJiA4vSWZGgSKP19X,UsrcsZMqw6p53Fohu16UCBjsbjqc73XmoRFZDcnCtMR,BearCatMonkey,Binturong,2026-10-02T15:42:16.079000Z,2026-10-02T15:39:35Z,2026-10-03T15:42:16Z,available_mint_history_to_window_end,2026-10-02T15:39:40Z,22XaYVfimNYWxrVZPufoJH41xUot2mCnUxan9XCRmhTdvASMgr9gMZ14NS2qBFgGjjShy2pX2e7qJqQ8b554d4ZC,PURCHASE,33915800.225142,-1.06251884,,,unavailable
CLiXvfYSJtG5SJTCWyLvXKtDag9pJiA4vSWZGgSKP19X,UsrcsZMqw6p53Fohu16UCBjsbjqc73XmoRFZDcnCtMR,BearCatMonkey,Binturong,2026-10-02T15:42:16.079000Z,2026-10-02T15:39:35Z,2026-10-03T15:42:16Z,available_mint_history_to_window_end,2026-10-02T15:46:52Z,4LT6sHpx4BF4riPsPCpxTdykhyAmByQbPQCFdR4VzombLYBuFYdBxGj2beSoGR1wZwAkXznNWiySP1sXvfpyWSvM,SALE,-6783160.045028,1.022017353,,,unavailable
CLiXvfYSJtG5SJTCWyLvXKtDag9pJiA4vSWZGgSKP19X,UsrcsZMqw6p53Fohu16UCBjsbjqc73XmoRFZDcnCtMR,BearCatMonkey,Binturong,2026-10-02T15:42:16.079000Z,2026-10-02T15:39:35Z,2026-10-03T15:42:16Z,available_mint_history_to_window_end,2026-10-02T15:58:10Z,5JZLuZc2AnC752exAz9W1Pcm4bx2bHDy1gmzU4966S2B21nHGshd5aMakPL58hvqNZH4oJ3sawpVvtMyiYdt7DZy,SALE,-2713264.018011,0.505739651,,,unavailable
CLiXvfYSJtG5SJTCWyLvXKtDag9pJiA4vSWZGgSKP19X,UsrcsZMqw6p53Fohu16UCBjsbjqc73XmoRFZDcnCtMR,BearCatMonkey,Binturong,2026-10-02T15:42:16.079000Z,2026-10-02T15:39:35Z,2026-10-03T15:42:16Z,available_mint_history_to_window_end,2026-10-02T16:03:46Z,5ozgb3B1AdugGzYZckpCDmeMYBg3J9Ejv7qG9jLFtzztyY13F4EbPk5XEUGpMJrAmjteyKUxdSv5n4CQ2rnR2Bcc,SALE,-24419376.162103,1.609068498,,,unavailable
