mint,token,buyer,funder,link_type,depth,funding_signature,buy_signature,seconds_relative_to_call,timing_class
13V3CbY7Q7AXnf24FMsUaQrmLxnRU4Md9phDEWZvpump,rubenhood,7Cf4DfrSTMdKFDUrB7ZwNcXBRNUuNVpxpvrGtpdtKbXt,DefK9f7DnBDfNrFFAdWweXpLJKVrCQWGLqpD3CGWH1Rm,CREATOR_DIRECT,1,5ygcH2tLXi8bFuFtiakDgDL2Ed3EA6BfvoDt9mSLE8cM1ZNWRk8xSKu6fSc2UQsy2duVqNCUZQG8rBPKM8TT49yW,3hhCenujdowwaPXm1E1g5UWPV5RQjuPfQGTjFKgYPyoRK7WhG5oTFb1WSTSKEsgASncc7yTtKgguXk4aDha6zKHB,-482.812,PRE_CALLOUT
5Sg1vv51KGCSDF2gBHgbNATCEXFjYtVhWgztNUwtgJYD,HERZOGIAN,6Gk7xoodXowut2Ts84vJpbEcSem716c4NNniJcsrgTd8,FFdBLYqL9rs5fUT38ArE8GV2L3BziEgG5LJUu6sshfkF,CREATOR_DIRECT,1,3Xef5wkARZb57994G4VtmQt3pnk42QW1YdjX1xtvLenJjJQmwdirJXPT9RNqy8tSsrYGrxbJEgkEdxk992rap8Wk,3gL94PTLghjeycTebkoyftxK81AyKWbimsky13cHSoxexZhph2UyhyTBUTLSpert3JkLxJkXRg2R3FDiikMm8G2X,-207.12,PRE_CALLOUT
9mqJNDG2squcqZt2zC7cWWNtVozUbQUnzVnP1jG6pump,Pearl,1uVqKCwP2XNYaJrzYjf5jBDJArZdb46h6VQ5b3mzgyf,7moqFjvm2MwAiMtCZoqYoTAPzRBxxMRT2ddyHThQuWjr,CREATOR_UPSTREAM,2,5KGNVoKDKDg4zCLayQf9punyNv1a8yww5cEW4rJXhXWf9UpZ5EBzSFspgioe4eMLh5Usqym2NAUNfJUjN6yKThit,4RUqL6Lx2GhpZDg8sJaRhvEF41wjvZCx13u3gVqwSmw4ws9NLhiADCctyQfcYdCLMD2ssixbndKE6RKUtMoZLUY1,-271.263,PRE_CALLOUT
9mqJNDG2squcqZt2zC7cWWNtVozUbQUnzVnP1jG6pump,Pearl,3ansVDDVNHZB7BYVMtyaAiq3jMP6rQ8hQwPXnVsC7KFc,7moqFjvm2MwAiMtCZoqYoTAPzRBxxMRT2ddyHThQuWjr,CREATOR_DIRECT,1,VMGB694oE9pX9cQH6Ue9ukgdZCDD7zYyMSWDtF4d5EprPicVhY8f1kt5MU6xcBQqmcMN6RCf8ycTDTCE4yvvBSd,4giaBACgtRmL8kPeKvParLZxSKFzY3tBjWzKnXnGdPQCf1ZY3cuqNLqSSsHbqHmmi1Bme4utve72ekxeHXDFf21F,-271.263,PRE_CALLOUT
B3xU49SW3khA7m5Lgata2fmPxZeQRuaJbCruPsVDpump,POKE,1uVqKCwP2XNYaJrzYjf5jBDJArZdb46h6VQ5b3mzgyf,7moqFjvm2MwAiMtCZoqYoTAPzRBxxMRT2ddyHThQuWjr,CREATOR_UPSTREAM,2,5KGNVoKDKDg4zCLayQf9punyNv1a8yww5cEW4rJXhXWf9UpZ5EBzSFspgioe4eMLh5Usqym2NAUNfJUjN6yKThit,bxgvPknakShciXrKF9nQ5JHpPb3pktaojaGZM6grLjRhXYCy41dshUmnLnJYspqdc3kXa2UHUJBdkaoZPeXyWp8,-366.373,PRE_CALLOUT
B3xU49SW3khA7m5Lgata2fmPxZeQRuaJbCruPsVDpump,POKE,3ansVDDVNHZB7BYVMtyaAiq3jMP6rQ8hQwPXnVsC7KFc,7moqFjvm2MwAiMtCZoqYoTAPzRBxxMRT2ddyHThQuWjr,CREATOR_DIRECT,1,VMGB694oE9pX9cQH6Ue9ukgdZCDD7zYyMSWDtF4d5EprPicVhY8f1kt5MU6xcBQqmcMN6RCf8ycTDTCE4yvvBSd,hKhbYiKhKmHnv5QL4ajQp3BwxYiaC5FQu77ibHKuAfmZGr9hbfS7e7QZ5Lge4wqdpJemD23tfS1Q5red1A8rRXb,-366.373,PRE_CALLOUT
BUPNYwndVGfzVb6RG6q2PX53VdAimw2Mi98QxqeWpump,POOP,1uVqKCwP2XNYaJrzYjf5jBDJArZdb46h6VQ5b3mzgyf,7moqFjvm2MwAiMtCZoqYoTAPzRBxxMRT2ddyHThQuWjr,CREATOR_UPSTREAM,2,5KGNVoKDKDg4zCLayQf9punyNv1a8yww5cEW4rJXhXWf9UpZ5EBzSFspgioe4eMLh5Usqym2NAUNfJUjN6yKThit,623RWqwCiEeYeG2ndtkjVtpD6yAs625NuXMVWiQ6j8GDY7bnLN3ycV37eyfA7pAGvruboCjMtxRhEH954vwKr5mw,-981.54,PRE_CALLOUT
BUPNYwndVGfzVb6RG6q2PX53VdAimw2Mi98QxqeWpump,POOP,3ansVDDVNHZB7BYVMtyaAiq3jMP6rQ8hQwPXnVsC7KFc,7moqFjvm2MwAiMtCZoqYoTAPzRBxxMRT2ddyHThQuWjr,CREATOR_DIRECT,1,VMGB694oE9pX9cQH6Ue9ukgdZCDD7zYyMSWDtF4d5EprPicVhY8f1kt5MU6xcBQqmcMN6RCf8ycTDTCE4yvvBSd,219yy3zXsTaxQe6EdUdJE12NtoJMEXUjHMXMd311h1LMTbbYKqYkTB5FrZahpZpQmRnbDam5p1VoNmdSRW3k9xDd,-981.54,PRE_CALLOUT
EHUzmwAzmUix7TkwVr7b16U9ChJDr3RpjfXshR5swy5j,bid,5uAL7ZniYaJJMMUcx4rvBPMEoH886XBiqjrJaAbEm7rM,CXoUJHtBGnuNR6zJ3zm8nTnNzCwXxFViXh29d1kTJQmK,CREATOR_UPSTREAM,2,21wSoiUtbUnZftk7FDt6ecpV1AkcWezrQHUL87SAKg7RcoMe3NjJvcvZjXJx8STJU2G5BDQ59rx3eVqQd8tz9BKa,5MzEMRLSKRXeAF8ozV3q95C7ArByPvFdq5D8ADvXxFuzkHB3MghBTTMNf2dvyeUioLEhfgu84nD9tAXrp9xxcTRo,-229.101,PRE_CALLOUT
