wallet,mint,token,symbol,call_timestamp,window_end,trade_count,tokens_bought,tokens_sold,sold_fraction,sol_spent,sol_received,allocated_cost_sol,estimated_realized_pnl_sol,return_on_allocated_cost,first_sale_timestamp,first_sale_seconds_after_call,last_sale_timestamp,sale_signatures
CLiXvfYSJtG5SJTCWyLvXKtDag9pJiA4vSWZGgSKP19X,25GrKYrc3y4LZmmuhppYgFRCKb7JyZ6grum4WhLYvA1z,Optimistic Drake,DRAKE,2026-09-29T12:43:30.551000Z,2026-09-30T12:43:30Z,7,31708085.666278,41457503.773156,1.0,1.073068839,3.521020251,1.073068839,2.447951412,2.2812622294402494,2026-09-29T12:57:54Z,864,2026-09-29T13:14:17Z,3eqh921jHGsQ6c5joofgrnJAxmmDN8zeE3UFGy1o48DkLVm8pLKRuokoN7XUg1pxh5Prj5iDmGuSKdxKDuT2KhQK;5KMn363S68wM6CoxVq3j4RtLgSPujUZvs4REeoKStSMpd9afVQTMD2K2osEdtJVBLNrMi5fhESbUgmGYfaYBUzp;4XV9hopXAEkqs1U6fxb41smvRY1g3KJxXv3xaiksqVFFkX5uxm9jLJaT9GyWTr4shyzMubykysKWQ69Vqcrni8VQ;5VjiC5gQaVxs3jk5be9LcwYMeCC3bc29C4LBePttuCv9agFzMQeyWQYB22iW3YtTLGnHPEr8bMfJFoLLQ6icsB21;3f33YRZ6EGHeZpNCTFJSVqcjPuLvYeYCVfUGxuQyLiVzJEDyr66F5rsJv7XV7vwiDdisAqq7yhQ9oBwKfjX8VEUD;5guEvTFy4bMssY1r7qz3Ry17ZUXMmaccYbVwrQd2vosnqUGczp5Cufwi42iAG1qvYJrJX1CVZ3AV74DHRTX5qd9d
CLiXvfYSJtG5SJTCWyLvXKtDag9pJiA4vSWZGgSKP19X,3f8CKfznVUGrFfhcq8ZBY9M1xyDeEQGrh6iH372h3ebN,Rowdy The Skatedog,Rowdy,2026-09-25T16:11:52.883000Z,2026-09-26T16:11:52Z,8,25628290.015607,36775686.424914,1.0,0.904106339,5.688768873999999,0.904106339,4.784662534999999,5.292145767158479,2026-09-25T16:12:04Z,12,2026-09-25T16:20:06Z,2rkCPNhka1cSN3KwWqxpHbFk3nG5W1UPrWEJq7cE1PFBBUZXrmpG833xZsMuXDFt9Poa8paTcC7SnErLVEzLo3Ve;3JBJypqS4yQWLDvVDxTMcbxBZszAMajFQYu5WM6tmN8gTZkcrn5Vafc3Z3LfnDcApuHvUa1Sn3m3zYLbt5vaX8Cq;4PpEvksWsSe3coD2Qge4wKA5gbd3w3U1LFcaU4wzx4Ue9ZaPzfkMubxERs87zTVfbzc2tT2vgq9Ls1Qmy4us65BF;3s5s9cr1poAkxvrTmvzaYKK9FNcsXBzDcfrpU71CkoZXEAAaMiMJgQqgytjdD3BQ8s2Fu3VG9twmTNnhHttSGt2N;5JugGoMWyYm2jcm12s3tdMxkgMh4odPYi9dTEo4Rx1bdNkvGrfG6Eykhm2XdkNWc6zw9BNcsqyf6okQftQBuefhM;2oP2LBH5Ef7Ab8J9T7uq2zVVHS5u5Qm5VjAnpzy2c3uEoe8PNoCFbVtbeRPcGWcqdrYBLkRx8jMYnWSX4mwAMFr6;5D38tEUHCg7j8Nm19uvxqqZ9BABhxXiW95ZvzZ7xo3Bw2BJKgYK9RUNSckrBfumFj6dSLkzsT12kU9bxjQSYRjqk
CLiXvfYSJtG5SJTCWyLvXKtDag9pJiA4vSWZGgSKP19X,69N7rm9nnp6sVoULtp5toD26F25rYum8593GupxkUYvH,Never Kill Yourself,NEVER,2026-09-26T12:46:09.362000Z,2026-09-27T12:46:09Z,10,21268358.94482,21268358.944819998,0.9999999999999998,0.761443839,4.289632539,0.7614438389999998,3.5281887000000003,4.633550787716074,2026-09-26T12:50:58Z,289,2026-09-26T12:58:45Z,5qpRKy9eatUbkv3K7oEooZWxY8fkrcut1Q8wFwShFkEKawr8k3kn7AACijSZorKs6k4dhNsA5JHqELAmgdyVwBkr;5j9Q6aNGSpKvd7ZWb9XPN7ZhDjfswyAxrFFr3HvY6V9VrWzEMm1U3GJh3WBAjHbTYtuvunYPRRFmkwBDQf76CVrs;Y4ykMKiv4irYirhSHijZDw2LUq5vCWec8zGzw73VSuyTgdWaaGAGdMPk4i4xqTxFcEfDMJNLidKprabSEu5U7GR;YF2qhEkGAozAZKNwC1fGisWKq7tfgEd348BEAYLqdP7ZJ5G9SbPAaQTfgRS9D5Eannnwysq45S7awf1vxJ9ZFat;3LTPQZcJKWjpoc5xqxPyRtY3ReQWvT7rhLpuV4gLdKWsvtMWWV1CQ61hr7eUVMrhsgBPCn7fyccE2Bw43E9SQCJs;2BAVYHvhPtMXecaGWKbCNLPVvSr1zgJcBKvnjxFnTcwwMZ5DznSc8sup5jxSwAAR5bN6jjQbrq5FDyf5UwfhiNwt;5Pf73ZPU9So8mp7AcSxJ3KwQ5QnEN2TZEJ3DzqEmup5ettWgeg558usnxfBpnqrhwr2zA99i31FQntbDskaoCCVr;2BziXpLRPigJ4R82YN1Tempup5qkbpLXJtWLmMqXfNzx7r3LQwT6weTexYWwaVqpqfo2De7azrs4EvAo1vPRgN7c;YuMdDSaeow2DhcSDDhThcs34XJJK24JNBxnqK7uDYirf7riuy4v67Rwcj642tRuMCWZF8Xgk3wbUgVS7GywLFzF
CLiXvfYSJtG5SJTCWyLvXKtDag9pJiA4vSWZGgSKP19X,6XD1vorwquLXjTSL5W4MJMGewZBeiEcPFmZw527TSwva,AlxCooks,AlxCooks,2026-10-03T19:11:00.378000Z,2026-10-04T19:11:00Z,6,21131035.961371,21131035.961370997,0.9999999999999998,1.85376884,2.2304586659999996,1.8537688399999996,0.376689826,0.20320215653209495,2026-10-03T19:12:27Z,87,2026-10-03T19:15:45Z,8aiMh7i51uhBxG6nvxdMsD7DsVjjSTE7XTXgD5oNkyTTTSCqGWGZoHfW1vMEJc4ruws9ux1Q6acLMLda1ocZwTT;A2V8uLzvhxXRMW1T9ycwmMp7Fg27Bx1BGzwnqDTKAEnrhMKyWZZAhienx6uUA8NDH2Pc994LB6sq8mEMxZxn4V7;3Ekesaz6db8Q9yxtK12KAuJsU4jR6Md2Tv4HHcwtxA4kq4cCM6tuBaKKSG7ZKTqJ2a2CL62UMNRGCCFtqzjbLKNk;5P7SCxe9LBVuFemGFqwpyhrTZ6Cm2j2XK6ssECewSjCywd1FcjupFDnnAtbtfZ8EWJ4bfSWqd3H1DsLYnSDhGAta;5Kff8i2u5QMFX2u9q1vmrmJScjtN6QUWaW5hz83bFBjrpHFAWjgsTyQMn3NXZHQ6TbgWpvRqRRcU1aDaAodeLuui
CLiXvfYSJtG5SJTCWyLvXKtDag9pJiA4vSWZGgSKP19X,6akNLpNd11oq4q5zxhXGwr5jwUi6Ke4CvKmF6QeUwJCQ,Justice For Knox,Knox,2026-10-03T14:59:45.073000Z,2026-10-04T14:59:45Z,13,25097768.878363,30972531.498893,1.0,1.06251884,5.134160263999999,1.06251884,4.071641423999999,3.8320651556634977,2026-10-03T14:59:18Z,-27,2026-10-03T15:08:30Z,2CVnQynMV9QmFuzqeQZTWJtTuFNHPuembAKW9cLdDyu6jjpasdJyzBzdCuA7XNyBFYhV3xWgE7XZmM5diupyhFZp;5y9SLaVGMn2Ej7HVb91j1ecN7zfcdrmEqai8x5gQFhiadus2RpHMuNd1Kzq5HK7qqdF2HUHBi3fMQ7Xj5bWRKMZD;SW2EGqANqMZFy7chq2k9fysB6y3UJZ5tf823mBfXLEyr29jJFurp5DrVQ5siAVt5vSn5PQZR5FwK7LiGNpyRbps;4eDUpU8UPdvrTNyUJrASCNq8996bEG6VMM9ttphk9Pmm3Rxf315dKahx4ZtyF2aTEi5FiDqwShPk9H4wXDvscioc;4VAP1Kz4UWAhAggyZ9bEoEdGHMiJbqQdUjpdZVWai3qvscuLuMyUoWkzjHpq5X1aFA7TvfUnfE2VqkAKrVyujZvp;2XfgZxu51UpcoBSwCUmkSzMVywiqXuJrZiw447mvipNLFwQ1R1PijWASkMP8f5A4qb1tk43U55R4EJes2u7YgAVe;2WN8zuC37J344NsqxZwnjUViiXarsYccBCb8VLb8am8GBYmNv5o8aaUjbGRVMSwvJ8GGHEPjQcyRsHDwN6uMaiot;5C3yBiVCP2x3JiicRQdtfrYddp9KUSNDNC1wm1VVrogUSV9XCkV6zd3ekDQQfVu7MfBdJtrpTr6aRw78ATQ97PEu;2JuYAA9YS1XQRT1vECvMiCkXXNw1D84Wftu4DFLPMY5C834FUvukxUSBQY7UvYSkCy1j5EXqFKnfbe71ZC2QGBa6;514ZFasc8vB2XmBKsWp2NhfafWNc969hc7pPDeeC917rK8BxFeQajuHZdoQYerAQAQzjV5VYdHvtKHdUYUjJaJh;4p7xrC9QAApeo6tNJU9G78tJFgSxBXUZZkL8BiwyEczjDzkT4B8pKdJAMbFjD2iiyhmi8KUpHTUhrYpmRqaEooJG;2Hky4HYugEZoXdV2iRUjF5nQF2J6HmkM7uHZbpLL2Ga42Ewt9dj2vv3BLakReng1d9xnCSBUiVSZDMPjPwYm5HRQ
CLiXvfYSJtG5SJTCWyLvXKtDag9pJiA4vSWZGgSKP19X,7HiD5rzoZxAYXEJ8Z4t3WgM8VE1iSKWJdxPPyEdDNzwN,Corps Lance Cpl. Bruno,BRUNO,2026-10-05T17:59:58.381000Z,2026-10-06T17:59:58Z,7,27939416.298611,34753726.921418,1.0,1.45814384,6.3999119360000005,1.45814384,4.9417680960000006,3.3890813515352507,2026-10-05T18:00:39Z,41,2026-10-05T18:05:28Z,FxNZqmXYjivVEjoyAxvmGZ6XQdVSPnbzsQKo2NjFGcQy5kUswT4n52kpFxkzxiBMTM5fGxcMdxiWP6LgQt7y51v;2wBbB1F6EAbgZmhx5oWYRvC2yUXLi4FMh4TrfFYu3Q5EJb7xHNjeVKNzUj5dKX4ryRLwp8diiAicc8DNZvafVvgV;2iFUdFSsXNLk7h4h7az8cpr6XD5a7u3ipPbaTQfDLjwePivqmkoEAuHvu1Ppwd18az2vnp88YZuJjubPsv7wDR7K;2eQW4Aq62EpYfvmGHn4cS6dRiNpP5hrmyNmNuY4hmwRtsfG5XRWRmUq5XM8evcTopRKNPmjeEmzwD9UY9q6H4SJK;3pZqMZTcvfy92VqyWxb54jivRghCkUDDNDkYnZoGj25baDXyaxVdPjHYH5F44d2KPSSDSoP6sV18db6CjR3otSo5;J2yWZ3mgVjUVv3D5EeLUXx5KMh7B1xGKgqTcJMsAbYfug7rW5KAqRb95iYMby4XpCLvp5fLscjULtawo96345pP
CLiXvfYSJtG5SJTCWyLvXKtDag9pJiA4vSWZGgSKP19X,9PNfxvTARzdxvQas2uknW57bnfMCS1dxW1He7rPbuhuQ,Artificial Inufluencer,AI,2026-10-03T17:58:58.595000Z,2026-10-04T17:58:58Z,8,27714651.867604,27714651.867604002,1.0,1.85376884,3.9262301600000002,1.85376884,2.0724613200000004,1.1179718178885778,2026-10-03T17:57:54Z,-64,2026-10-03T18:03:02Z,5T1qxaqGui2WXctFddF3A8QaotnybhRghZ9iBZNQw72MLRarxT6bCh8uzGdkqvioXJABo1kmrj8oVCUSU1gaKT3o;4Se9BHX2Q7qPMeSZReqpevnxCqRK5b9pS7wUEv8VFznNzaD5v9izAjsCSg748sDaDni5EoYNfCEusGFR6rdPWizw;365N6Mb2hBUnTXzaTTgYHYcH2BpdHL91bafGyCec73qQJp9yVrZSUiTUBBYjBqWeoLSt9t948pRsinSTvHjhh6pp;286bcLPJrZQfwsZm61dbbMHwNywmZ5PLxxjmgt6d5fTK2pi6tDhcBsRmCb9JCSySkKS2kB3m3dviQL1cP59wf7g4;Boynu9eEJP7nsR1bUnU3PWnrb8nDemdgiax9fskYRYrM3f1wtxrGUT2DtQcc6ueww1gHJm6XoZypdnqM2iTTmhw;2eVPzSBS4si1r9DcVw1WbMAiNJFa6opzmpqzkPctFSjwk1bVmEn6KvjvxMddNRmALRJQDjF3RfPrVpgmE28dHeks;QMDBvaR7xgydDRbcVbARnyZN4PAZuKws6MJwNFtq1bFdrmbFquCTknm2YdG4Ziyozqqfq85PuQX5RzWJjJCf7gT
CLiXvfYSJtG5SJTCWyLvXKtDag9pJiA4vSWZGgSKP19X,BE5ciZmcADAX78u2a1GrFiPMPC3rNXtdPGUrhzWB4k5d,Special Inu,SI,2026-10-01T13:07:06.421000Z,2026-10-02T13:07:06Z,8,27856431.639957003,38435532.65585,1.0,0.9041474370000001,4.130367756,0.9041474370000001,3.226220319,3.5682458269247954,2026-10-01T13:15:21Z,495,2026-10-01T13:32:17Z,2creFgSYdv7HdFeb76oCs6LSRg9ZczoJybFNHYT1DaLppCu88qpNYvwRWEDC4EoBpYgMe48ABgfs6DVWmsf2EUbi;h2uALXeyTknrGaoNCraAe47sTyFjhUoipqquke8PLM75wFUv53JGsGiyyMa9tyoiUEFaUbihgmKF8xvSq2g296M;4TycRybrfM9U2ubD34qggUUHrknLcZAg7b8VNCB8SsuUiGBh51A2xfnE8gvjhf2sBWbFko2VVrPRT9vr9HpvmMWK;3gS41rm83s9NAecirRQK4ZnZK7aUUuXiqYYZ1Yb6xbP8XxsukFyZ2ovPXhjHudvaVLVnuCFDs96VUMVCijufgBtK;2DCqYXYR3ZT5rUQTDSniAq81dxUdU6dnGeBiGHmPH52idWMNptSTtz6fzHZ7USpG4A9FVtvNmteGrVjoYccMW9Xp
CLiXvfYSJtG5SJTCWyLvXKtDag9pJiA4vSWZGgSKP19X,DJejJn1iJntJVTAixy4VRgqJFF3NMKPEMgVzbJFmpump,Generational Crashout,JADOODOO,2026-09-30T15:44:35.892000Z,2026-10-01T15:44:35Z,2,16658716.854866,16658716.854866,1.0,1.566650089,1.603848349,1.566650089,0.03719826000000004,0.023743821457760144,2026-09-30T16:01:55Z,1040,2026-09-30T16:01:55Z,4voxZdFfdEE6Z4mzyuW5BfAwstFqbU4PX25M75xU3gSo4Hx9bgQWat68g1HLuyU5vb9JsVYvfvxk3qTkBEi25G73
CLiXvfYSJtG5SJTCWyLvXKtDag9pJiA4vSWZGgSKP19X,H8oe2SCksJcYzhPeS4TsbteusgZW5k7QaZ4boKyq8C7U,quarantinu,quarantinu,2026-10-05T10:34:23.488000Z,2026-10-06T10:34:23Z,11,23374075.353957,23374075.353956997,0.9999999999999999,0.84251884,4.987727503,0.8425188399999999,4.145208663,4.920018955303125,2026-10-05T10:32:39Z,-104,2026-10-05T10:43:32Z,2mLLyqfEUqBvkZxMBkLWrYEhoL8y3dFb8ARnpAkXGZcbhMii9ki8hnDKZAkKZCv4MJmXN6MTu7X7gWGSjQMHewZo;67etL16FPQMdwtECbqo7j43RTBqYYpottDQXwAKsv1wW8jjiX1aKMSeomrbDos9ZcbujDS7K34sRLGvKnnWnrXZu;2TUinS38B8JaU8ARqSnZLUZuTj8UXXXi5mYGvVpAeYmuTNHxiS48d9YuzoSVHSkeBcJJVExsKBKXEpnFVREh39qS;3yAJ1AMhUWVCD2FvWCGcUY7RAqFyMsd4gSMmMqb46tkRUVkz11xbjoYxjopM7rtjXf3aro2Z5HSUnTFuSdTa2JCk;ersyVcmnjAQBYTGzF94WFEbvVjVHBq4Y7ibYsmRtVRAw5rKpEA1M1mgqdiVEymq5QxwHzPvdFkdvCusT9AQpipp;3h9JtuZ6VoDNtgq8y3GEjsJzDBoJ9hQXiLiCZBTGG7m8nTH8cTdi59E8kg88a4cZS2d9mjYMgvSrs8c6oD3Xdou;Q7oBjrDw16hrJ1CYpTPcyXqXGuE3LBxXTDZ3m5fMoUJyHAvSfSwn1nSf442MehxQf1qv2byaVDnX4zAgTUzcoH1;5CU4b7wwx2oJaZKq4ycZtnpFZxoJV5FsWgBQU636FydJfTHb67gos7naMnsjUS9yMbUznMC2h2f1RgC5g3JSaShT;5y4n9CMXP7dinY3M8UyAhwwcWD98ZiTZQiCh6YxvKryoZMM6rw27N7BdrVoHqWvqFdpbsbDn973WKhB8UmVAz6g7;269wfP6SJK6YGisMVvz3arsUu8kkVN8oDAgHSvrZYoUJy6zaZo2JoDS1zjNoTkiTHkoiLSKWZ26rPJ3nWCEWt6AY
CLiXvfYSJtG5SJTCWyLvXKtDag9pJiA4vSWZGgSKP19X,UsrcsZMqw6p53Fohu16UCBjsbjqc73XmoRFZDcnCtMR,BearCatMonkey,Binturong,2026-10-02T15:42:16.079000Z,2026-10-03T15:42:16Z,4,33915800.225142,33915800.225142,1.0,1.06251884,3.136825502,1.06251884,2.074306662,1.9522540061501403,2026-10-02T15:46:52Z,276,2026-10-02T16:03:46Z,4LT6sHpx4BF4riPsPCpxTdykhyAmByQbPQCFdR4VzombLYBuFYdBxGj2beSoGR1wZwAkXznNWiySP1sXvfpyWSvM;5JZLuZc2AnC752exAz9W1Pcm4bx2bHDy1gmzU4966S2B21nHGshd5aMakPL58hvqNZH4oJ3sawpVvtMyiYdt7DZy;5ozgb3B1AdugGzYZckpCDmeMYBg3J9Ejv7qG9jLFtzztyY13F4EbPk5XEUGpMJrAmjteyKUxdSv5n4CQ2rnR2Bcc
