symbol,mint,slot,seconds_before_call,wallets_same_slot,caller_wallet,caller_signature,clix_wallet,clix_signature,gkm_wallet,gkm_signature,onechd_wallet,onechd_signature
AI,9PNfxvTARzdxvQas2uknW57bnfMCS1dxW1He7rPbuhuQ,453007306,85.595,4,6yVb4pxNwDfr6rovwNnBg3SyKSvDcHGD4WdFPN1JJBqm,2E43QF8hipkWHdwHdJqqRxoY73RYGZ56Z91Bhda7Z9Kbqp1K1DFBcaXt3y3zRvRNVwCdHwTRv5j9jNBwW9VEPGte,CLiXvfYSJtG5SJTCWyLvXKtDag9pJiA4vSWZGgSKP19X,AzarEoSxH49SUPz7eh5GFvSHXGzLHcNsy1XCAd7GScdwqcjA6GEBx6Tv4KJF81vXAY77KpwoD1yfUJp2y1taELC,GKMJwv2AEWVcfFXUMtxokMYy5ADkjwJa89DtP8LzoA61,2Uwtwt8HUXGnD2q2rSCjpnUgVNcrJ25Hyim5jtSooLFSybztWY6AzJ7YK3nMjx6ivjKJbew6x42sndkSz1uJHFLy,1chdHBRNu9dB7E5McJKFDsbPvfpmANdmeR7BHavhi56,4sJcFcqpMfprjSBYHeM7sZWUdvd5w3UtYdPFf2owPX1EC1jHXtV4Hcj2P2EWD3tf3eSfBBuewzngDPgYsE7Zr8Zi
AlxCooks,6XD1vorwquLXjTSL5W4MJMGewZBeiEcPFmZw527TSwva,453023370,99.378,4,6yVb4pxNwDfr6rovwNnBg3SyKSvDcHGD4WdFPN1JJBqm,4AaJZvS4dMJjP4j8s8R9E591n1fs8sYUT5bvQTMk9oeqeNDQdv5QoUy8qhV6fupcfS1CDpQTkhJJxpNd5bHb2Cy4,CLiXvfYSJtG5SJTCWyLvXKtDag9pJiA4vSWZGgSKP19X,2hCTCUFNBAsnHXEsJP9uWJHCnBnzUSdA3Bp333MV8yS6vmYEoYydCiaGinC5s5Da8DLAWHwjuPYRJeB4S7koTA9Z,GKMJwv2AEWVcfFXUMtxokMYy5ADkjwJa89DtP8LzoA61,AxU1Pe4GegTFb3tAKdZWKSHXx7EbKDxhkmHhXxvApuy6Lis3C7pfmXT8Tho2AxvWW473cdJUudep8wGzZA4hzwt,1chdHBRNu9dB7E5McJKFDsbPvfpmANdmeR7BHavhi56,3dqkBBc8V5zj7BaTWw5zgrFy2dkJv4KyeF1UhtfuPYAa9Yo61JC9zuzDHZABQw2cLuGk1fJY2CZCgPcGjjScd6BV
BRUNO,7HiD5rzoZxAYXEJ8Z4t3WgM8VE1iSKWJdxPPyEdDNzwN,453652767,145.381,4,6yVb4pxNwDfr6rovwNnBg3SyKSvDcHGD4WdFPN1JJBqm,59DmoaiVkHsMLoqy9fzACX91BtEQ2hNV5sb1DJekgXSyuP54HvFW3xKchZTA9XHS52Ubtk6ZP2PNBkrGUMiMDgL1,CLiXvfYSJtG5SJTCWyLvXKtDag9pJiA4vSWZGgSKP19X,3SMd3yyLhpLf3fWsZGkfkcBSg2Cpv6Bawj83daQiDNPf2yfWtmsQPWCLMW57W7fUNtd8KSb8c1yHKeMGpiNC7xDL,GKMJwv2AEWVcfFXUMtxokMYy5ADkjwJa89DtP8LzoA61,24Drowzo41X1ybZ3zitoafNDVHSxhtBHSfWqA7CgXs9KgDUSojWAH3PgQGJNLLDdzWDnFhxPMejHDntaHPK1SWQP,1chdHBRNu9dB7E5McJKFDsbPvfpmANdmeR7BHavhi56,4Udpr4vpykMyWXSYQrxv972xkGRZuZ3AhYXh7X23gd4oGV1WVA5w4tW8CRGSy2H7MKPi4ycRuGzey3giUJNucoqS
Binturong,UsrcsZMqw6p53Fohu16UCBjsbjqc73XmoRFZDcnCtMR,452653216,156.079,4,6yVb4pxNwDfr6rovwNnBg3SyKSvDcHGD4WdFPN1JJBqm,3bv9VCB3W66zJbvQRPzersyKMQDhHz8A23NMdXZxzLG7NXc3gv4GZ2VUA7eJJyXDGmZCtDirazF9riDcy3DVJ7u8,CLiXvfYSJtG5SJTCWyLvXKtDag9pJiA4vSWZGgSKP19X,22XaYVfimNYWxrVZPufoJH41xUot2mCnUxan9XCRmhTdvASMgr9gMZ14NS2qBFgGjjShy2pX2e7qJqQ8b554d4ZC,GKMJwv2AEWVcfFXUMtxokMYy5ADkjwJa89DtP8LzoA61,3g63Z3pU1QuYD4pKuD61i7KLAkw2sJCBbtEvHcGMwvgSqwwBrSHBsudCAMknGjAJTNu9rhagLuR8EQRg45KoDX6q,1chdHBRNu9dB7E5McJKFDsbPvfpmANdmeR7BHavhi56,8up7X3ZnRgkWT43RuUVr2gyegMybp5tmFxYNhGSzm5TZPW1eCaT3p7nPgXvvvrh91rw2i6XGGPFjUejgkEVpNRq
DRAKE,25GrKYrc3y4LZmmuhppYgFRCKb7JyZ6grum4WhLYvA1z,451644859,109.551,4,6yVb4pxNwDfr6rovwNnBg3SyKSvDcHGD4WdFPN1JJBqm,2cFwvRHwsucE7PTuh9tbzNUbWcMYAcb2peEDY7fWrFLGEyfoYaD7hhfkGoKG5ejAtog1PuH5HcecVHfw79HFk87J,CLiXvfYSJtG5SJTCWyLvXKtDag9pJiA4vSWZGgSKP19X,3SjwcRhEZ8Hkkd62c2snC79eg7WAEjpB6g6xki6eZGEKvvUidwnxRC85ET8oLu5eEDAQuniHpFx5sNP8dpYkvSiW,GKMJwv2AEWVcfFXUMtxokMYy5ADkjwJa89DtP8LzoA61,2qnXJoL4zLbyifgRmLieu4ShfVDxm4pgihciPXZGtJ4QaxcH7TyUdLDWyedYu16rFczXQqn4YDaGct22UkxSH6f6,1chdHBRNu9dB7E5McJKFDsbPvfpmANdmeR7BHavhi56,4DmHkf9Hwej8PHGkxgeveV58KGgjc1v2moNtGHELwfn5MTyUbfQv4zmcVA1LuPBEhHhGVPzhxfVo1ZTFE9nE7hET
JADOODOO,DJejJn1iJntJVTAixy4VRgqJFF3NMKPEMgVzbJFmpump,452008224,89.892,4,6yVb4pxNwDfr6rovwNnBg3SyKSvDcHGD4WdFPN1JJBqm,4AYTQm7qDvezqXZeuGqQd5rfApTCwcGd1Rg5VZdoWtBc5Qwy9Uk33LWZCSkjs4a8rLiz7AFPfhzySH5eiRuvZFD5,CLiXvfYSJtG5SJTCWyLvXKtDag9pJiA4vSWZGgSKP19X,EzwKH9pc7cHqbsSqry1NAxWqQmHJ9RZCmyEQLsNBzRnxnGHnvBjBxBX42afWgzBtowP6iWwVtTHeeXVS9tdhpGY,GKMJwv2AEWVcfFXUMtxokMYy5ADkjwJa89DtP8LzoA61,g3hEMbFKE2S9WRKuSSojvbkHmmaixX91jG3avPYNB9vhcDjohVnRxYHpXzXmc2GjHq8gAx6NYEQaCtoypHjccrd,1chdHBRNu9dB7E5McJKFDsbPvfpmANdmeR7BHavhi56,5cDo73V9vfRPQaotVi5cUmNSzg4AVc6sBtgu1QSaUJKQ43mnyUdC3D2Ea6SDWEUsfcVfy8zcVdcGma7xSSZyNCut
Knox,6akNLpNd11oq4q5zxhXGwr5jwUi6Ke4CvKmF6QeUwJCQ,452966740,205.073,4,6yVb4pxNwDfr6rovwNnBg3SyKSvDcHGD4WdFPN1JJBqm,taYXPgtR7EG7bEjX7rfkARnmaYoxiuaQ7KVWDLgJMY4FpkmEMUkFC6QhKNpyL57mexV7XdvTMBudHdYeLEssSdJ,CLiXvfYSJtG5SJTCWyLvXKtDag9pJiA4vSWZGgSKP19X,3jsNgPYcitArJa48W186iKMqjFuDdkKUPC5EqC6RqbG5AkB4izWcYYNJu3C1gRQgrjo176DXipX4PqvD9Y6R9CNT,GKMJwv2AEWVcfFXUMtxokMYy5ADkjwJa89DtP8LzoA61,sK47qfxzEoL4Dtkgc5DMj7L5uoTGRihpQXSCyeLQSrT1pgajQJVAbs6guh8DNdBBACUq7RF2iMyRA3SRcwNCSTP,1chdHBRNu9dB7E5McJKFDsbPvfpmANdmeR7BHavhi56,22C9jFPXcgX62jhYekECvKQAnrkNrF5GE6y5zftqpMckXVwUuWkX7z4YLNSWckRwyTXKDuUEqnKtdyhNef5FHng4
NEVER,69N7rm9nnp6sVoULtp5toD26F25rYum8593GupxkUYvH,450677849,195.362,4,6yVb4pxNwDfr6rovwNnBg3SyKSvDcHGD4WdFPN1JJBqm,Hj3HByMqvJVrsStqMasaQgcEKENiYS3NLp5U5DHWWQyDrAnYkkd929kLbdAMjFhg6pSMVNubHA2bPqnR7pqi2Rf,CLiXvfYSJtG5SJTCWyLvXKtDag9pJiA4vSWZGgSKP19X,5Hg597bpVhWMmmTiB1cKwkP6XLRv3xySSfB4U6ru3TzSQ4n3DHoEqgXs67hZcF64GKrt9Dec9v7nefCKvUDv5FwX,GKMJwv2AEWVcfFXUMtxokMYy5ADkjwJa89DtP8LzoA61,3s19ugJ3BFg83wePdheot4HUwwNmdqNpzFmmrBjp52nhf2sXbN6sfLCpDu7gCyZ8ypvaaUko6byTMXVXzoH2NTvC,1chdHBRNu9dB7E5McJKFDsbPvfpmANdmeR7BHavhi56,5zFkfB9Su9hjS4MJmfeHHKeXVgno2EYnX4wvkfzW9gfMwgPCs5m6vZ6by2dpphi9mXX1M57vAjitGLVhZ5h38fx7
Rowdy,3f8CKfznVUGrFfhcq8ZBY9M1xyDeEQGrh6iH372h3ebN,450402431,84.883,4,6yVb4pxNwDfr6rovwNnBg3SyKSvDcHGD4WdFPN1JJBqm,7pxZyWTYd9yQmS9ah41tY9BVVpJj5kYwhHjCiD7rQD1q9b8a21C7kEVdGQzHWECBvwQpFDKPUP9uzEX5opigM8V,CLiXvfYSJtG5SJTCWyLvXKtDag9pJiA4vSWZGgSKP19X,3iAfa5FDpww81fFbKFwu14QJ88tEVWKaBRSi7Sa5oPFV1LXEgSyfsswzxJpDsjs8pgZPt1wd9D8jkySFsdYMJX7n,GKMJwv2AEWVcfFXUMtxokMYy5ADkjwJa89DtP8LzoA61,5Z11AHBNpNjD2h1ZFMxXxwZRsTsod2HfcYXqmyYTMHf8efjFG7SgpZGPDpZpik2mxU81z6KbrwaNAwbMzdP11cuK,1chdHBRNu9dB7E5McJKFDsbPvfpmANdmeR7BHavhi56,3MMNNM9Vh66J11ZiM1PSx5bxE1mian3K91jVbbfrWP1k8HL5DHexWHhpeVZop6xqqnkLvQzBDJCtgYf9oYaebaiN
SI,BE5ciZmcADAX78u2a1GrFiPMPC3rNXtdPGUrhzWB4k5d,452296095,77.421,4,6yVb4pxNwDfr6rovwNnBg3SyKSvDcHGD4WdFPN1JJBqm,AxDsdCnsxAoWf7rL3HUz5NgVQGL8oAwyCTx5kbMvqCUH1D2WMdmhoq22obBcVUE9WeowXaggKKHCKZvCRK9eKa4,CLiXvfYSJtG5SJTCWyLvXKtDag9pJiA4vSWZGgSKP19X,3kDaEiDWncVE8ni9NGRVdVfmJqYA11DCH8JpUaXAMwJYiE3wDpHmD6hLaLYTABQqB8xwu9ReoJDZRDG1gQh4CV9Z,GKMJwv2AEWVcfFXUMtxokMYy5ADkjwJa89DtP8LzoA61,5kBpKiwBgwng8Zzz8D8Z7v6DjKWRTEmKih2wvb5cUu42xjh5sEpxLbuNeafAaMKWGY73dGm27JL4E4Sv6Giy98sY,1chdHBRNu9dB7E5McJKFDsbPvfpmANdmeR7BHavhi56,2TUvrQPHN1Cfwv7di36udGWAmYzH7bpp8UsE3cdq93YxMTzu11QJbwQh99uzHMVw3FEtBGtE3Z7ELv3DDM8fMQNd
quarantinu,H8oe2SCksJcYzhPeS4TsbteusgZW5k7QaZ4boKyq8C7U,453552220,397.488,4,6yVb4pxNwDfr6rovwNnBg3SyKSvDcHGD4WdFPN1JJBqm,3tn2NzDEahGkeTdGkxkF9eWKSWcayj69Bu5QGsiEPiHaSDsJivFijYWnrZhuKcLKjx1xyzvX5gBj6LbcbAYfzyAs,CLiXvfYSJtG5SJTCWyLvXKtDag9pJiA4vSWZGgSKP19X,aMPsMrdwwHyudGu2rb9nvXTHqFsiWpNtXcu1PTor4HRdQPE3QrkDWavZuUhZUMMdVGfzXrxeZohRrCuNxbuiRRF,GKMJwv2AEWVcfFXUMtxokMYy5ADkjwJa89DtP8LzoA61,5npayeNK442qMxSSMTyzTEnXqDFAGRV6DWFDK3a5J68CW95LWkLsWViQEtXevi3CEQvH2gkG2cK6VDCuUTkjDypf,1chdHBRNu9dB7E5McJKFDsbPvfpmANdmeR7BHavhi56,5CtDpjv88UBs8YVh8T5Hy2bkU9PWapzUewb1wuZrGckhMW7j6UD8qbGFRcExfxedsbDfq3bHGX5hPkiF7DaYPp79
ACTX,GfqKCwNeAdHHi97AmgCLP5qrwcSJRDdyZ1huiU6xUXTz,449757966,80.164,3,6yVb4pxNwDfr6rovwNnBg3SyKSvDcHGD4WdFPN1JJBqm,3Z7vW3fdQqf4UqyJQwm16memYvDR9mpUWJ7Ro8HZ4iU5Dgc1KEhWeY2JAfEdJgt5wr1k1UQm1HYoPK132J2hG3j1,,,GKMJwv2AEWVcfFXUMtxokMYy5ADkjwJa89DtP8LzoA61,RToniHBPLhshZdUjG2d4gzGDuMj4bphBhfS7iKAj3UzXv3Zkk5DxLxxXskoiqPBAhjDYcnhHinTxYqFWfFs7ecP,1chdHBRNu9dB7E5McJKFDsbPvfpmANdmeR7BHavhi56,KP2FrRShSH1whQ9bsAUot2rhbStiRteAMVfooTTM9ZR1TrSmJAJtjVBuUxgiua6qcZ4CKZDwjjQ4CBE7wVKNQBg
honse,BZYpLHhui3qRNokWFg2JcX8CYtMqzWHR5R4xowjcbPqh,448436325,46.297,3,6yVb4pxNwDfr6rovwNnBg3SyKSvDcHGD4WdFPN1JJBqm,5LmfCA6VvVXAcAGe1Wc5MHvDduweeahqQZuRoXTGhCgH9MDV6H6R322vc6NkWV66H58rQUxNdwPNGxdsAZrYamRr,,,GKMJwv2AEWVcfFXUMtxokMYy5ADkjwJa89DtP8LzoA61,3yVq2NWqKcjUz8tQwCyeV9y8eGAyoqBRMVBuHuq3tTi5UMBFL69mBeag1ZmAZ8PB6oNaNgnzKTACCRQ4oYzjnfox,1chdHBRNu9dB7E5McJKFDsbPvfpmANdmeR7BHavhi56,2qZ4rSmwMtdAEaSf5HoQXiEjUPyjEA7SP84iYMo16wqRj5Pe1spBdkdFmA7YsFbtR5rbct9uUVrr4EcEPuCJgFJj
