timestamp,signature,mint,recipient_count,recipients,transfer_instruction_count
2026-10-08T17:20:07Z,suuDSAaNaHaB9Dk6T6JBrLWo4cCweZHr8aFWhKGsaTAiw3wsQy9P9V39m8CQAwgoNzddnrEsfiGWjhqG3b5UMLz,Ehzk6j3Q7V5L7rLp62CmE7csxiivSKUmq92vKtd7fg1a,2,CLiXvfYSJtG5SJTCWyLvXKtDag9pJiA4vSWZGgSKP19X;GKMJwv2AEWVcfFXUMtxokMYy5ADkjwJa89DtP8LzoA61,2
2026-10-08T17:20:07Z,suuDSAaNaHaB9Dk6T6JBrLWo4cCweZHr8aFWhKGsaTAiw3wsQy9P9V39m8CQAwgoNzddnrEsfiGWjhqG3b5UMLz,So11111111111111111111111111111111111111111,2,CLiXvfYSJtG5SJTCWyLvXKtDag9pJiA4vSWZGgSKP19X;GKMJwv2AEWVcfFXUMtxokMYy5ADkjwJa89DtP8LzoA61,2
2026-10-08T17:07:56Z,4u6WcorwkiPDg9sLwLuKjBy1ZC9xyoi7XAHKjWVd9zvZNatMxgEL1SusQfdbyy14pWVLgBpzfWPcQPVX47Y61t1n,3EWMexcsBXppoP7svixypPszpQXv7gta8YRLr5gd4fAb,3,1chdHBRNu9dB7E5McJKFDsbPvfpmANdmeR7BHavhi56;CLiXvfYSJtG5SJTCWyLvXKtDag9pJiA4vSWZGgSKP19X;GKMJwv2AEWVcfFXUMtxokMYy5ADkjwJa89DtP8LzoA61,3
2026-10-08T17:07:06Z,5P3w3NHfVyNkAnrq4twyTFco6nBWNWRGXv1na13nD6Wa5tY6dYhbrZjoZpLQkf4exZTzeWAFj5sP7gG2cuatuUDN,3EWMexcsBXppoP7svixypPszpQXv7gta8YRLr5gd4fAb,2,CLiXvfYSJtG5SJTCWyLvXKtDag9pJiA4vSWZGgSKP19X;GKMJwv2AEWVcfFXUMtxokMYy5ADkjwJa89DtP8LzoA61,2
2026-10-07T18:51:07Z,8EWrQYB1J73qAqmca7pB3k1bDNgG5gboVCwYZJFS4Cor65vbutAHp7Hi7AnR69ESYn8syoUDhB7m3L6EsKMVuHs,2ASQn3RCrLH4U1uR8JCgDkD3cDgrnUcr7SfBxJbw57wz,3,1chdHBRNu9dB7E5McJKFDsbPvfpmANdmeR7BHavhi56;CLiXvfYSJtG5SJTCWyLvXKtDag9pJiA4vSWZGgSKP19X;GKMJwv2AEWVcfFXUMtxokMYy5ADkjwJa89DtP8LzoA61,3
2026-10-07T15:29:26Z,264bSzkmzEQZW69HnfuUd59bjTuVHurpvKep89ZJnt7NzfjGHTacbTkNLGWzorA2sLnSTyCEHiq3HJiMkogs3vWt,9BCAKN5au1TBHDwCiWjG2mi2s8rKEfKCfeTQv8U4BHVm,2,1chdHBRNu9dB7E5McJKFDsbPvfpmANdmeR7BHavhi56;GKMJwv2AEWVcfFXUMtxokMYy5ADkjwJa89DtP8LzoA61,2
2026-10-07T15:28:39Z,XKPXjv88mFUEAhHzASTWKEujGocBCw3XJR8u9nHUfpxjPfZXsDsFLQtGWN4UJvMNMyPEH8z2JovZTD9eFJE8TkT,9BCAKN5au1TBHDwCiWjG2mi2s8rKEfKCfeTQv8U4BHVm,2,1chdHBRNu9dB7E5McJKFDsbPvfpmANdmeR7BHavhi56;GKMJwv2AEWVcfFXUMtxokMYy5ADkjwJa89DtP8LzoA61,2
2026-10-07T12:22:21Z,4C7L3uYeTU6qW31T6sLZEnM7HtY16rgPHUW9H8YQHzCrT25hb7mJPFS7yBsvPU2dnJkjrsSF3z5wzAoJhnkgif8i,AjbabVhvwkFhveiWXJtgDqz6oimEu9ySAzn6ZYT1XNb2,3,1chdHBRNu9dB7E5McJKFDsbPvfpmANdmeR7BHavhi56;CLiXvfYSJtG5SJTCWyLvXKtDag9pJiA4vSWZGgSKP19X;GKMJwv2AEWVcfFXUMtxokMYy5ADkjwJa89DtP8LzoA61,3
2026-10-07T12:22:21Z,4C7L3uYeTU6qW31T6sLZEnM7HtY16rgPHUW9H8YQHzCrT25hb7mJPFS7yBsvPU2dnJkjrsSF3z5wzAoJhnkgif8i,So11111111111111111111111111111111111111111,3,1chdHBRNu9dB7E5McJKFDsbPvfpmANdmeR7BHavhi56;CLiXvfYSJtG5SJTCWyLvXKtDag9pJiA4vSWZGgSKP19X;GKMJwv2AEWVcfFXUMtxokMYy5ADkjwJa89DtP8LzoA61,3
2026-10-06T17:52:53Z,37r11knTQqxkczN64xr7ptMc1ef1G4yDGQAgKGkwBoge1WTJXgLykxvEWtKtkwt43ofr25VyiNcaPGUk9o1pBY3z,96ssJEednGhFeGHfrCX3T475w9epKjCDQ14ZiG8VqEH,3,1chdHBRNu9dB7E5McJKFDsbPvfpmANdmeR7BHavhi56;CLiXvfYSJtG5SJTCWyLvXKtDag9pJiA4vSWZGgSKP19X;GKMJwv2AEWVcfFXUMtxokMYy5ADkjwJa89DtP8LzoA61,3
2026-10-06T17:52:53Z,37r11knTQqxkczN64xr7ptMc1ef1G4yDGQAgKGkwBoge1WTJXgLykxvEWtKtkwt43ofr25VyiNcaPGUk9o1pBY3z,So11111111111111111111111111111111111111111,3,1chdHBRNu9dB7E5McJKFDsbPvfpmANdmeR7BHavhi56;CLiXvfYSJtG5SJTCWyLvXKtDag9pJiA4vSWZGgSKP19X;GKMJwv2AEWVcfFXUMtxokMYy5ADkjwJa89DtP8LzoA61,3
2026-10-06T15:29:51Z,ouYEjaLxYT2aRh15uqJXiSrGkgbdxZUQ6AwKWssusoT8yjYXDTcP1h51fXWdsERpz6NhvzFXUedn42Ndwiya6jA,9mgdJ57uz8DygASchY3NPQK59QgtAdJ9jfYU1KCwSp24,3,1chdHBRNu9dB7E5McJKFDsbPvfpmANdmeR7BHavhi56;CLiXvfYSJtG5SJTCWyLvXKtDag9pJiA4vSWZGgSKP19X;GKMJwv2AEWVcfFXUMtxokMYy5ADkjwJa89DtP8LzoA61,3
