fanout_timestamp,fanout_signature,mint,recipient_wallet,exit_timestamp,exit_signature,tokens_disposed,net_native_sol,net_wsol,hours_after_fanout,classification,limitation
2026-10-08T17:20:07Z,suuDSAaNaHaB9Dk6T6JBrLWo4cCweZHr8aFWhKGsaTAiw3wsQy9P9V39m8CQAwgoNzddnrEsfiGWjhqG3b5UMLz,Ehzk6j3Q7V5L7rLp62CmE7csxiivSKUmq92vKtd7fg1a,CLiXvfYSJtG5SJTCWyLvXKtDag9pJiA4vSWZGgSKP19X,2026-10-08T17:20:32Z,4TVrMbKuyqP1PGs9NWjfRbJ6ZTG81i2jLGcxcHSiVEQLKCWESFmFeU7PbsDrmKNLKHb2EpCPzdVzy1GLZoAMuK9h,21034293.458907,1.197846152,0.0,0.006944444444444444,OBSERVED_CASH_PROCEEDS_NO_COST_BASIS,Token transfer and later disposal are observed; original acquisition cost and beneficial ownership are not established.
2026-10-08T17:20:07Z,suuDSAaNaHaB9Dk6T6JBrLWo4cCweZHr8aFWhKGsaTAiw3wsQy9P9V39m8CQAwgoNzddnrEsfiGWjhqG3b5UMLz,Ehzk6j3Q7V5L7rLp62CmE7csxiivSKUmq92vKtd7fg1a,GKMJwv2AEWVcfFXUMtxokMYy5ADkjwJa89DtP8LzoA61,2026-10-08T17:20:32Z,bsXNW4cbbzU1sw1KfzAqSMzNmoyYjLtQYj2ZyBA5omftfn3gGML8q9JbtkDZygEmpvQuDvFcniguSVbhKs3bi5n,19825043.559591,1.184999946,0.0,0.006944444444444444,OBSERVED_CASH_PROCEEDS_NO_COST_BASIS,Token transfer and later disposal are observed; original acquisition cost and beneficial ownership are not established.
2026-10-08T17:07:56Z,4u6WcorwkiPDg9sLwLuKjBy1ZC9xyoi7XAHKjWVd9zvZNatMxgEL1SusQfdbyy14pWVLgBpzfWPcQPVX47Y61t1n,3EWMexcsBXppoP7svixypPszpQXv7gta8YRLr5gd4fAb,1chdHBRNu9dB7E5McJKFDsbPvfpmANdmeR7BHavhi56,2026-10-08T17:07:58Z,3oJ3CsTJ3YYFzg6rbMcMteFqM3r8aUHVuAwC94jbNm1dsfs6Kwc2Z3xKv2SwLLzcy4iJFWfu8AVZCdCyNEqjZKU7,1014019.326768,0.156191377,0.0,0.0005555555555555556,OBSERVED_CASH_PROCEEDS_NO_COST_BASIS,Token transfer and later disposal are observed; original acquisition cost and beneficial ownership are not established.
2026-10-08T17:07:56Z,4u6WcorwkiPDg9sLwLuKjBy1ZC9xyoi7XAHKjWVd9zvZNatMxgEL1SusQfdbyy14pWVLgBpzfWPcQPVX47Y61t1n,3EWMexcsBXppoP7svixypPszpQXv7gta8YRLr5gd4fAb,CLiXvfYSJtG5SJTCWyLvXKtDag9pJiA4vSWZGgSKP19X,2026-10-08T17:07:58Z,5vsb9LNrQNNnxtK9fFUDEqJceb2nxSYLtccYxkbb46EKUXKPQHoHWXr77Ue37F4jU6macmgfk9F4CP7NaG2FcEun,1134500.831967,0.177880699,0.0,0.0005555555555555556,OBSERVED_CASH_PROCEEDS_NO_COST_BASIS,Token transfer and later disposal are observed; original acquisition cost and beneficial ownership are not established.
2026-10-08T17:07:56Z,4u6WcorwkiPDg9sLwLuKjBy1ZC9xyoi7XAHKjWVd9zvZNatMxgEL1SusQfdbyy14pWVLgBpzfWPcQPVX47Y61t1n,3EWMexcsBXppoP7svixypPszpQXv7gta8YRLr5gd4fAb,GKMJwv2AEWVcfFXUMtxokMYy5ADkjwJa89DtP8LzoA61,2026-10-08T17:07:58Z,3bR6JsPHs8ay2ME5L12oDP9VF3QKF395b952ddZkFPtjcGPun9RZXwU6wtjGCogG9AsZ4ogNcWX7W9YKR8szaLxh,1196774.394746,0.187138185,0.0,0.0005555555555555556,OBSERVED_CASH_PROCEEDS_NO_COST_BASIS,Token transfer and later disposal are observed; original acquisition cost and beneficial ownership are not established.
2026-10-08T17:07:06Z,5P3w3NHfVyNkAnrq4twyTFco6nBWNWRGXv1na13nD6Wa5tY6dYhbrZjoZpLQkf4exZTzeWAFj5sP7gG2cuatuUDN,3EWMexcsBXppoP7svixypPszpQXv7gta8YRLr5gd4fAb,CLiXvfYSJtG5SJTCWyLvXKtDag9pJiA4vSWZGgSKP19X,2026-10-08T17:07:08Z,2vULm2Hgsd1RzV2QuPNM6fund5tY419aGFMMUYscv9AtAtDKrpDhF89cqCTXqSe1J4QZT8MQfzYsUckdWMy6LTGj,2774690.186671,0.415879952,0.0,0.0005555555555555556,OBSERVED_CASH_PROCEEDS_NO_COST_BASIS,Token transfer and later disposal are observed; original acquisition cost and beneficial ownership are not established.
2026-10-08T17:07:06Z,5P3w3NHfVyNkAnrq4twyTFco6nBWNWRGXv1na13nD6Wa5tY6dYhbrZjoZpLQkf4exZTzeWAFj5sP7gG2cuatuUDN,3EWMexcsBXppoP7svixypPszpQXv7gta8YRLr5gd4fAb,GKMJwv2AEWVcfFXUMtxokMYy5ADkjwJa89DtP8LzoA61,2026-10-08T17:07:08Z,518V46t8uxf2a1UA825BaKKvxduGkKvJH9EixzCUhrH5YSvuR1mLV2117kRbvHPAdmhKn4oktwD4ukhYwHj3HaGP,3274229.793395,0.485908701,0.0,0.0005555555555555556,OBSERVED_CASH_PROCEEDS_NO_COST_BASIS,Token transfer and later disposal are observed; original acquisition cost and beneficial ownership are not established.
2026-10-07T18:51:07Z,8EWrQYB1J73qAqmca7pB3k1bDNgG5gboVCwYZJFS4Cor65vbutAHp7Hi7AnR69ESYn8syoUDhB7m3L6EsKMVuHs,2ASQn3RCrLH4U1uR8JCgDkD3cDgrnUcr7SfBxJbw57wz,1chdHBRNu9dB7E5McJKFDsbPvfpmANdmeR7BHavhi56,2026-10-07T18:51:11Z,5sVYn1eJsrgNmBt2Pa2Mg1LQcfnND2orMEebDBa3KbjzFfV3D8n5cwuFFHcJTKxG9uWQxUNKdNyJwa6pZYS44VA5,5624941.498295,0.784114108,0.0,0.0011111111111111111,OBSERVED_CASH_PROCEEDS_NO_COST_BASIS,Token transfer and later disposal are observed; original acquisition cost and beneficial ownership are not established.
2026-10-07T18:51:07Z,8EWrQYB1J73qAqmca7pB3k1bDNgG5gboVCwYZJFS4Cor65vbutAHp7Hi7AnR69ESYn8syoUDhB7m3L6EsKMVuHs,2ASQn3RCrLH4U1uR8JCgDkD3cDgrnUcr7SfBxJbw57wz,CLiXvfYSJtG5SJTCWyLvXKtDag9pJiA4vSWZGgSKP19X,2026-10-07T18:51:11Z,3ucxSD3cvu4dDLhbYzrUvhFDknoCsc6ga1ANL8i5jMs52dTHRWbdTA42bJjnKTEFhiY4S5aMoENQCyYwqWuQLrJZ,4335950.324023,0.615249755,0.0,0.0011111111111111111,OBSERVED_CASH_PROCEEDS_NO_COST_BASIS,Token transfer and later disposal are observed; original acquisition cost and beneficial ownership are not established.
2026-10-07T18:51:07Z,8EWrQYB1J73qAqmca7pB3k1bDNgG5gboVCwYZJFS4Cor65vbutAHp7Hi7AnR69ESYn8syoUDhB7m3L6EsKMVuHs,2ASQn3RCrLH4U1uR8JCgDkD3cDgrnUcr7SfBxJbw57wz,GKMJwv2AEWVcfFXUMtxokMYy5ADkjwJa89DtP8LzoA61,2026-10-07T18:51:11Z,aukULkSb9wd5Cd4Jpu5FeBHMSxqLauGeQM46KrBYa8KrdKeY1m9YmZgzcne6PMWbTmyuBHzkLqiXcJqAgWeXHLR,4510790.253348,0.61335791,0.0,0.0011111111111111111,OBSERVED_CASH_PROCEEDS_NO_COST_BASIS,Token transfer and later disposal are observed; original acquisition cost and beneficial ownership are not established.
2026-10-07T15:29:26Z,264bSzkmzEQZW69HnfuUd59bjTuVHurpvKep89ZJnt7NzfjGHTacbTkNLGWzorA2sLnSTyCEHiq3HJiMkogs3vWt,9BCAKN5au1TBHDwCiWjG2mi2s8rKEfKCfeTQv8U4BHVm,1chdHBRNu9dB7E5McJKFDsbPvfpmANdmeR7BHavhi56,2026-10-07T15:29:28Z,4ArjRXXjcdmHWj5dyJXopJWiAq4njLyy62PXRW3WdjPHGcV895j6YiNAXWHDp9eUMV5Pz8N6XRD2scpqJZqHdWph,1705606.224461,0.302340694,0.0,0.0005555555555555556,OBSERVED_CASH_PROCEEDS_NO_COST_BASIS,Token transfer and later disposal are observed; original acquisition cost and beneficial ownership are not established.
2026-10-07T15:29:26Z,264bSzkmzEQZW69HnfuUd59bjTuVHurpvKep89ZJnt7NzfjGHTacbTkNLGWzorA2sLnSTyCEHiq3HJiMkogs3vWt,9BCAKN5au1TBHDwCiWjG2mi2s8rKEfKCfeTQv8U4BHVm,GKMJwv2AEWVcfFXUMtxokMYy5ADkjwJa89DtP8LzoA61,2026-10-07T15:29:28Z,26VkwuSV9EUyQ8wxKFhvTuQDPWSr2Z3yYeTWfRWNokJU9agHinExLEfcqo62xVgULxP9jd5gM9V8AcpsiqQeaNtm,1747462.764515,0.312691472,0.0,0.0005555555555555556,OBSERVED_CASH_PROCEEDS_NO_COST_BASIS,Token transfer and later disposal are observed; original acquisition cost and beneficial ownership are not established.
2026-10-07T15:29:26Z,264bSzkmzEQZW69HnfuUd59bjTuVHurpvKep89ZJnt7NzfjGHTacbTkNLGWzorA2sLnSTyCEHiq3HJiMkogs3vWt,9BCAKN5au1TBHDwCiWjG2mi2s8rKEfKCfeTQv8U4BHVm,GKMJwv2AEWVcfFXUMtxokMYy5ADkjwJa89DtP8LzoA61,2026-10-07T15:30:35Z,4naShbYDnpHYCwEj1xZRc6BGV9qY6jH1greU43n5bTtY8R4RrSXTZm5hynqzsTHeUEfRcZ7xypgBS6AHLwLiqUF,511948.974395,0.016826481,0.0,0.019166666666666665,OBSERVED_CASH_PROCEEDS_NO_COST_BASIS,Token transfer and later disposal are observed; original acquisition cost and beneficial ownership are not established.
2026-10-07T15:28:39Z,XKPXjv88mFUEAhHzASTWKEujGocBCw3XJR8u9nHUfpxjPfZXsDsFLQtGWN4UJvMNMyPEH8z2JovZTD9eFJE8TkT,9BCAKN5au1TBHDwCiWjG2mi2s8rKEfKCfeTQv8U4BHVm,1chdHBRNu9dB7E5McJKFDsbPvfpmANdmeR7BHavhi56,2026-10-07T15:28:41Z,3fSzeKUBU98qyjUM7fD7xLBmJuRNLnPnZutUxB5LCSh5h5nDRH5xWgPPR4Q4cgDTQ6JvMgjWBLTRczUEYLjwesQW,2860415.688654,0.482970411,0.0,0.0005555555555555556,OBSERVED_CASH_PROCEEDS_NO_COST_BASIS,Token transfer and later disposal are observed; original acquisition cost and beneficial ownership are not established.
2026-10-07T15:28:39Z,XKPXjv88mFUEAhHzASTWKEujGocBCw3XJR8u9nHUfpxjPfZXsDsFLQtGWN4UJvMNMyPEH8z2JovZTD9eFJE8TkT,9BCAKN5au1TBHDwCiWjG2mi2s8rKEfKCfeTQv8U4BHVm,GKMJwv2AEWVcfFXUMtxokMYy5ADkjwJa89DtP8LzoA61,2026-10-07T15:28:41Z,28ca8m5hgs1CRer7cJ2CXr6ksEg95Mf1TyDkXG5oX5vKnDnwMsBVtKjj2ByrgKNoheqx5ZqC4dNQ2dvQGgsHDJ6c,3278217.355639,0.546939834,0.0,0.0005555555555555556,OBSERVED_CASH_PROCEEDS_NO_COST_BASIS,Token transfer and later disposal are observed; original acquisition cost and beneficial ownership are not established.
2026-10-07T12:22:21Z,4C7L3uYeTU6qW31T6sLZEnM7HtY16rgPHUW9H8YQHzCrT25hb7mJPFS7yBsvPU2dnJkjrsSF3z5wzAoJhnkgif8i,AjbabVhvwkFhveiWXJtgDqz6oimEu9ySAzn6ZYT1XNb2,1chdHBRNu9dB7E5McJKFDsbPvfpmANdmeR7BHavhi56,2026-10-07T12:27:46Z,48hjaEx7ET2QRQdJSMCjwheXHe75ULv9hB6KhX53RtcQpE2FWkPdRNyyjWokWyFHoDbhUA9gGD8jB2ftJWvWAj5f,4884583.334978,0.97605658,0.0,0.09027777777777778,OBSERVED_CASH_PROCEEDS_NO_COST_BASIS,Token transfer and later disposal are observed; original acquisition cost and beneficial ownership are not established.
2026-10-07T12:22:21Z,4C7L3uYeTU6qW31T6sLZEnM7HtY16rgPHUW9H8YQHzCrT25hb7mJPFS7yBsvPU2dnJkjrsSF3z5wzAoJhnkgif8i,AjbabVhvwkFhveiWXJtgDqz6oimEu9ySAzn6ZYT1XNb2,1chdHBRNu9dB7E5McJKFDsbPvfpmANdmeR7BHavhi56,2026-10-07T12:28:18Z,29voe1UZU8BpBrxCD2AUYh57zd883Ewu4JFTGLyDtCecQpdMQB6y6EFj2j6orBshgCmttKETenP1N1FAjzz6p83F,3907666.667982,0.921267624,0.0,0.09916666666666667,OBSERVED_CASH_PROCEEDS_NO_COST_BASIS,Token transfer and later disposal are observed; original acquisition cost and beneficial ownership are not established.
2026-10-07T12:22:21Z,4C7L3uYeTU6qW31T6sLZEnM7HtY16rgPHUW9H8YQHzCrT25hb7mJPFS7yBsvPU2dnJkjrsSF3z5wzAoJhnkgif8i,AjbabVhvwkFhveiWXJtgDqz6oimEu9ySAzn6ZYT1XNb2,1chdHBRNu9dB7E5McJKFDsbPvfpmANdmeR7BHavhi56,2026-10-07T12:28:47Z,2HSWmTBVyicWp4Hz8FpqyePiLWtCogDDvBtUXLqGLwNvjskcq7gNeAUv5DwxvcpWm8yFaTd6eLNco2AorDYPWu5D,4689200.001578,1.182378573,0.0,0.10722222222222222,OBSERVED_CASH_PROCEEDS_NO_COST_BASIS,Token transfer and later disposal are observed; original acquisition cost and beneficial ownership are not established.
2026-10-07T12:22:21Z,4C7L3uYeTU6qW31T6sLZEnM7HtY16rgPHUW9H8YQHzCrT25hb7mJPFS7yBsvPU2dnJkjrsSF3z5wzAoJhnkgif8i,AjbabVhvwkFhveiWXJtgDqz6oimEu9ySAzn6ZYT1XNb2,1chdHBRNu9dB7E5McJKFDsbPvfpmANdmeR7BHavhi56,2026-10-07T12:30:33Z,32VvAzXvAvJ186EoZNNdRaRyXanP3SqMtFqYTH2EpHw4Uu9dzNrbygWr8oFtSdNa1fYPPEDiSagbbZrheM2wsMbt,2188293.33407,0.485064004,0.0,0.13666666666666666,OBSERVED_CASH_PROCEEDS_NO_COST_BASIS,Token transfer and later disposal are observed; original acquisition cost and beneficial ownership are not established.
2026-10-07T12:22:21Z,4C7L3uYeTU6qW31T6sLZEnM7HtY16rgPHUW9H8YQHzCrT25hb7mJPFS7yBsvPU2dnJkjrsSF3z5wzAoJhnkgif8i,AjbabVhvwkFhveiWXJtgDqz6oimEu9ySAzn6ZYT1XNb2,1chdHBRNu9dB7E5McJKFDsbPvfpmANdmeR7BHavhi56,2026-10-07T12:30:40Z,467EDJJfky79KvNtDSkPBfKpgTeHXVXwVENo7WXZ1AWTn1oGQkSCLuWuc18P7UZ1rz6M1jN7iCnDihCKAMuLdvpW,8753173.33628,2.065839854,0.0,0.1386111111111111,OBSERVED_CASH_PROCEEDS_NO_COST_BASIS,Token transfer and later disposal are observed; original acquisition cost and beneficial ownership are not established.
2026-10-07T12:22:21Z,4C7L3uYeTU6qW31T6sLZEnM7HtY16rgPHUW9H8YQHzCrT25hb7mJPFS7yBsvPU2dnJkjrsSF3z5wzAoJhnkgif8i,AjbabVhvwkFhveiWXJtgDqz6oimEu9ySAzn6ZYT1XNb2,CLiXvfYSJtG5SJTCWyLvXKtDag9pJiA4vSWZGgSKP19X,2026-10-07T12:25:45Z,4naxeWVsxwPZREF4hvoaCt2vt254K6x9dgNTurkv5hVsJN5TkNVHFxisVaV4L9gK2JW88QA3oUfftCDMx5bSu36q,4941414.047108,0.740887502,0.0,0.056666666666666664,OBSERVED_CASH_PROCEEDS_NO_COST_BASIS,Token transfer and later disposal are observed; original acquisition cost and beneficial ownership are not established.
2026-10-07T12:22:21Z,4C7L3uYeTU6qW31T6sLZEnM7HtY16rgPHUW9H8YQHzCrT25hb7mJPFS7yBsvPU2dnJkjrsSF3z5wzAoJhnkgif8i,AjbabVhvwkFhveiWXJtgDqz6oimEu9ySAzn6ZYT1XNb2,CLiXvfYSJtG5SJTCWyLvXKtDag9pJiA4vSWZGgSKP19X,2026-10-07T12:26:11Z,A2Rmw4LwXPRV9MjaTX1AXPDBYFyEdDyjSPeLpKpsDSVWx1ikV7DGP1mBmVaapPmv5s14UoWQWsyLbhVF6iAScMy,3953131.237687,0.813007126,0.0,0.06388888888888888,OBSERVED_CASH_PROCEEDS_NO_COST_BASIS,Token transfer and later disposal are observed; original acquisition cost and beneficial ownership are not established.
2026-10-07T12:22:21Z,4C7L3uYeTU6qW31T6sLZEnM7HtY16rgPHUW9H8YQHzCrT25hb7mJPFS7yBsvPU2dnJkjrsSF3z5wzAoJhnkgif8i,AjbabVhvwkFhveiWXJtgDqz6oimEu9ySAzn6ZYT1XNb2,CLiXvfYSJtG5SJTCWyLvXKtDag9pJiA4vSWZGgSKP19X,2026-10-07T12:29:13Z,64PcaUx7QJjFcFRkrGjSqyZc45WRd4oMeknq964bavjiQfhUVApa5eLFgtkfeepfesJVucFfKr5PHPkY7FCq7bc2,3236328.542833,0.815779543,0.0,0.11444444444444445,OBSERVED_CASH_PROCEEDS_NO_COST_BASIS,Token transfer and later disposal are observed; original acquisition cost and beneficial ownership are not established.
2026-10-07T12:22:21Z,4C7L3uYeTU6qW31T6sLZEnM7HtY16rgPHUW9H8YQHzCrT25hb7mJPFS7yBsvPU2dnJkjrsSF3z5wzAoJhnkgif8i,AjbabVhvwkFhveiWXJtgDqz6oimEu9ySAzn6ZYT1XNb2,CLiXvfYSJtG5SJTCWyLvXKtDag9pJiA4vSWZGgSKP19X,2026-10-07T12:29:25Z,aL5gxrSFWWpN2nmkNE2gd7iSA2xcraw2xebuBkuzaM3EcJsW4CJ3i8uiXe6BpcwtYKas8fdsmS5sETTgEpFvhqz,3883594.251399,1.046471395,0.0,0.11777777777777777,OBSERVED_CASH_PROCEEDS_NO_COST_BASIS,Token transfer and later disposal are observed; original acquisition cost and beneficial ownership are not established.
2026-10-07T12:22:21Z,4C7L3uYeTU6qW31T6sLZEnM7HtY16rgPHUW9H8YQHzCrT25hb7mJPFS7yBsvPU2dnJkjrsSF3z5wzAoJhnkgif8i,AjbabVhvwkFhveiWXJtgDqz6oimEu9ySAzn6ZYT1XNb2,CLiXvfYSJtG5SJTCWyLvXKtDag9pJiA4vSWZGgSKP19X,2026-10-07T12:31:08Z,4fQkSfjTpQUSrcLpUqe2gHq77rkQDC5aezjAJGd3zjq1aLPqU8LSLjncHQT134hhw9XaopMed3UppUcYu5NUrrRz,9061719.919931,2.33000779,0.0,0.1463888888888889,OBSERVED_CASH_PROCEEDS_NO_COST_BASIS,Token transfer and later disposal are observed; original acquisition cost and beneficial ownership are not established.
2026-10-07T12:22:21Z,4C7L3uYeTU6qW31T6sLZEnM7HtY16rgPHUW9H8YQHzCrT25hb7mJPFS7yBsvPU2dnJkjrsSF3z5wzAoJhnkgif8i,AjbabVhvwkFhveiWXJtgDqz6oimEu9ySAzn6ZYT1XNb2,GKMJwv2AEWVcfFXUMtxokMYy5ADkjwJa89DtP8LzoA61,2026-10-07T12:26:20Z,5Zi5sR8dZJjFbMjvD9MuUgA8dYUGEGeFqPg7fYMpzNTiejFu71cEayWHpmSr7Kuy4A7m7pHm3SuEr9cEwRvHtuoq,7429809.793868,1.48071561,0.0,0.06638888888888889,OBSERVED_CASH_PROCEEDS_NO_COST_BASIS,Token transfer and later disposal are observed; original acquisition cost and beneficial ownership are not established.
2026-10-07T12:22:21Z,4C7L3uYeTU6qW31T6sLZEnM7HtY16rgPHUW9H8YQHzCrT25hb7mJPFS7yBsvPU2dnJkjrsSF3z5wzAoJhnkgif8i,AjbabVhvwkFhveiWXJtgDqz6oimEu9ySAzn6ZYT1XNb2,GKMJwv2AEWVcfFXUMtxokMYy5ADkjwJa89DtP8LzoA61,2026-10-07T12:26:47Z,siHFxcHUFDSBrWGDyYgbDrUAMjXpY1Mb4TMyrQ3ogpGUzjDHFZyQyiTwzh2LDjLAzSWqkNStjrTDsPGifjBwp1R,5200866.855708,0.879600234,0.0,0.07388888888888889,OBSERVED_CASH_PROCEEDS_NO_COST_BASIS,Token transfer and later disposal are observed; original acquisition cost and beneficial ownership are not established.
2026-10-07T12:22:21Z,4C7L3uYeTU6qW31T6sLZEnM7HtY16rgPHUW9H8YQHzCrT25hb7mJPFS7yBsvPU2dnJkjrsSF3z5wzAoJhnkgif8i,AjbabVhvwkFhveiWXJtgDqz6oimEu9ySAzn6ZYT1XNb2,GKMJwv2AEWVcfFXUMtxokMYy5ADkjwJa89DtP8LzoA61,2026-10-07T12:30:33Z,2kYUnFB5KfGYBALnNfDm1SFNTnyfjPHiWnHMEgdEXpdWsLUAfbR23Pu11pSwtpv7WrxbYB8ygcNCqp9V1D4u3yMs,2492680.856015,0.546916858,0.0,0.13666666666666666,OBSERVED_CASH_PROCEEDS_NO_COST_BASIS,Token transfer and later disposal are observed; original acquisition cost and beneficial ownership are not established.
2026-10-07T12:22:21Z,4C7L3uYeTU6qW31T6sLZEnM7HtY16rgPHUW9H8YQHzCrT25hb7mJPFS7yBsvPU2dnJkjrsSF3z5wzAoJhnkgif8i,AjbabVhvwkFhveiWXJtgDqz6oimEu9ySAzn6ZYT1XNb2,GKMJwv2AEWVcfFXUMtxokMYy5ADkjwJa89DtP8LzoA61,2026-10-07T12:31:22Z,5Wu8qkwDPkjJujNgcJFC6TAwPZTeKPM1msJpFnvUW7Kg7pretYEuyZsNYfYY1sFYXmS4u34nJvbhm6SMF8544v3,2991217.027218,0.868359724,0.0,0.1502777777777778,OBSERVED_CASH_PROCEEDS_NO_COST_BASIS,Token transfer and later disposal are observed; original acquisition cost and beneficial ownership are not established.
2026-10-07T12:22:21Z,4C7L3uYeTU6qW31T6sLZEnM7HtY16rgPHUW9H8YQHzCrT25hb7mJPFS7yBsvPU2dnJkjrsSF3z5wzAoJhnkgif8i,AjbabVhvwkFhveiWXJtgDqz6oimEu9ySAzn6ZYT1XNb2,GKMJwv2AEWVcfFXUMtxokMYy5ADkjwJa89DtP8LzoA61,2026-10-07T12:31:27Z,65gikWFEHLtLs7yLiFHpwRWHJhtfXCxVYtznamTzu3ecdYM5tfxSxS6aZcUKAo2Z9BKRgLJjqsqcu342Wp9EhAVV,6979506.396843,2.128725178,0.0,0.15166666666666667,OBSERVED_CASH_PROCEEDS_NO_COST_BASIS,Token transfer and later disposal are observed; original acquisition cost and beneficial ownership are not established.
2026-10-07T12:22:21Z,4C7L3uYeTU6qW31T6sLZEnM7HtY16rgPHUW9H8YQHzCrT25hb7mJPFS7yBsvPU2dnJkjrsSF3z5wzAoJhnkgif8i,AjbabVhvwkFhveiWXJtgDqz6oimEu9ySAzn6ZYT1XNb2,GKMJwv2AEWVcfFXUMtxokMYy5ADkjwJa89DtP8LzoA61,2026-10-07T12:33:05Z,4tHdzGkay77rxsgwDv8HqqxVLDvEBVMf16R9vUei1MQE71pHFQifTksnowwaBCxujuNGWvgqEnfVEUittvg6wbnp,13293163.873957,5.058043845,0.0,0.17888888888888888,OBSERVED_CASH_PROCEEDS_NO_COST_BASIS,Token transfer and later disposal are observed; original acquisition cost and beneficial ownership are not established.
2026-10-06T17:52:53Z,37r11knTQqxkczN64xr7ptMc1ef1G4yDGQAgKGkwBoge1WTJXgLykxvEWtKtkwt43ofr25VyiNcaPGUk9o1pBY3z,96ssJEednGhFeGHfrCX3T475w9epKjCDQ14ZiG8VqEH,1chdHBRNu9dB7E5McJKFDsbPvfpmANdmeR7BHavhi56,2026-10-06T17:54:24Z,4FDkwpbXkUwENv4m9EFr5A8Zxz4uZyRkdU9DLdCW3EHyxLayMV3vyjhjKsiFQG2yAQVXTTmojmPps5dB1SgBFenk,14673600.274598,0.683529809,0.0,0.025277777777777777,OBSERVED_CASH_PROCEEDS_NO_COST_BASIS,Token transfer and later disposal are observed; original acquisition cost and beneficial ownership are not established.
2026-10-06T17:52:53Z,37r11knTQqxkczN64xr7ptMc1ef1G4yDGQAgKGkwBoge1WTJXgLykxvEWtKtkwt43ofr25VyiNcaPGUk9o1pBY3z,96ssJEednGhFeGHfrCX3T475w9epKjCDQ14ZiG8VqEH,CLiXvfYSJtG5SJTCWyLvXKtDag9pJiA4vSWZGgSKP19X,2026-10-06T17:54:24Z,3yuuT2rijw3RXatkEaPWmcNNaXw3Z2kfENq1FYRLBze8bZmLDE42kS4hMV3SFEuERwWDrstZvNMf7rKKnHES8XVm,11288820.215464,0.541694799,0.0,0.025277777777777777,OBSERVED_CASH_PROCEEDS_NO_COST_BASIS,Token transfer and later disposal are observed; original acquisition cost and beneficial ownership are not established.
2026-10-06T17:52:53Z,37r11knTQqxkczN64xr7ptMc1ef1G4yDGQAgKGkwBoge1WTJXgLykxvEWtKtkwt43ofr25VyiNcaPGUk9o1pBY3z,96ssJEednGhFeGHfrCX3T475w9epKjCDQ14ZiG8VqEH,GKMJwv2AEWVcfFXUMtxokMYy5ADkjwJa89DtP8LzoA61,2026-10-06T17:54:24Z,57GmcQzNVFWgXAwh6c3B2kDiQY2ooTaG6pM3NCPJg2v1vabyq7a6hU6DdLqD6LnFLCqx7EZnZ4bkKumQ7oaAyJAq,11047718.637086,0.481103931,0.0,0.025277777777777777,OBSERVED_CASH_PROCEEDS_NO_COST_BASIS,Token transfer and later disposal are observed; original acquisition cost and beneficial ownership are not established.
2026-10-06T15:29:51Z,ouYEjaLxYT2aRh15uqJXiSrGkgbdxZUQ6AwKWssusoT8yjYXDTcP1h51fXWdsERpz6NhvzFXUedn42Ndwiya6jA,9mgdJ57uz8DygASchY3NPQK59QgtAdJ9jfYU1KCwSp24,1chdHBRNu9dB7E5McJKFDsbPvfpmANdmeR7BHavhi56,2026-10-06T15:29:55Z,U6cVHEYYLV2s5STCHxsGmzYPYPKGsLjBrQbFLviibfMJBj1Jx2AfRFnfgrTQWor1GaFMNkXnxQbQjMuiGnuR4FP,10804479.099971,2.985825402,0.0,0.0011111111111111111,OBSERVED_CASH_PROCEEDS_NO_COST_BASIS,Token transfer and later disposal are observed; original acquisition cost and beneficial ownership are not established.
2026-10-06T15:29:51Z,ouYEjaLxYT2aRh15uqJXiSrGkgbdxZUQ6AwKWssusoT8yjYXDTcP1h51fXWdsERpz6NhvzFXUedn42Ndwiya6jA,9mgdJ57uz8DygASchY3NPQK59QgtAdJ9jfYU1KCwSp24,CLiXvfYSJtG5SJTCWyLvXKtDag9pJiA4vSWZGgSKP19X,2026-10-06T15:30:04Z,2SmERypozmc9vS9tHXbHQa3pbaoz4iu5tzQ3GiyFa5JrgWzvpy9gHZAmetbgJU8zeFyzQzeiBnkNiH59D9rDHRN1,11574108.145414,3.37428972,0.0,0.003611111111111111,OBSERVED_CASH_PROCEEDS_NO_COST_BASIS,Token transfer and later disposal are observed; original acquisition cost and beneficial ownership are not established.
2026-10-06T15:29:51Z,ouYEjaLxYT2aRh15uqJXiSrGkgbdxZUQ6AwKWssusoT8yjYXDTcP1h51fXWdsERpz6NhvzFXUedn42Ndwiya6jA,9mgdJ57uz8DygASchY3NPQK59QgtAdJ9jfYU1KCwSp24,GKMJwv2AEWVcfFXUMtxokMYy5ADkjwJa89DtP8LzoA61,2026-10-06T15:32:10Z,5TJgeopUvEsLHbAJdK76SPY5w1pGxFatE1qSf4cUNhftRtp36a5Gu5dXT4ooB21x3SHw8tSXAJ1GnwmrNAXh8kyz,12369030.808103,1.895834338,0.0,0.03861111111111111,OBSERVED_CASH_PROCEEDS_NO_COST_BASIS,Token transfer and later disposal are observed; original acquisition cost and beneficial ownership are not established.
