wallet_label,wallet,since,timestamp,slot,signature,mint,amount,decimals,from_wallet,to_wallet,transfer_type,instruction_index,inner_instruction_index
clix,CLiXvfYSJtG5SJTCWyLvXKtDag9pJiA4vSWZGgSKP19X,2026-10-06T12:47:37.481000Z,2026-10-08T17:20:07Z,454609756,suuDSAaNaHaB9Dk6T6JBrLWo4cCweZHr8aFWhKGsaTAiw3wsQy9P9V39m8CQAwgoNzddnrEsfiGWjhqG3b5UMLz,Ehzk6j3Q7V5L7rLp62CmE7csxiivSKUmq92vKtd7fg1a,21034293458907,6,6yVb4pxNwDfr6rovwNnBg3SyKSvDcHGD4WdFPN1JJBqm,CLiXvfYSJtG5SJTCWyLvXKtDag9pJiA4vSWZGgSKP19X,transfer,3,0
clix,CLiXvfYSJtG5SJTCWyLvXKtDag9pJiA4vSWZGgSKP19X,2026-10-06T12:47:37.481000Z,2026-10-08T17:20:07Z,454609756,suuDSAaNaHaB9Dk6T6JBrLWo4cCweZHr8aFWhKGsaTAiw3wsQy9P9V39m8CQAwgoNzddnrEsfiGWjhqG3b5UMLz,So11111111111111111111111111111111111111111,1513840,9,6yVb4pxNwDfr6rovwNnBg3SyKSvDcHGD4WdFPN1JJBqm,CLiXvfYSJtG5SJTCWyLvXKtDag9pJiA4vSWZGgSKP19X,transfer,2,2
gkm,GKMJwv2AEWVcfFXUMtxokMYy5ADkjwJa89DtP8LzoA61,2026-10-06T12:47:37.481000Z,2026-10-08T17:20:07Z,454609756,suuDSAaNaHaB9Dk6T6JBrLWo4cCweZHr8aFWhKGsaTAiw3wsQy9P9V39m8CQAwgoNzddnrEsfiGWjhqG3b5UMLz,Ehzk6j3Q7V5L7rLp62CmE7csxiivSKUmq92vKtd7fg1a,19825043559591,6,6yVb4pxNwDfr6rovwNnBg3SyKSvDcHGD4WdFPN1JJBqm,GKMJwv2AEWVcfFXUMtxokMYy5ADkjwJa89DtP8LzoA61,transfer,1,0
gkm,GKMJwv2AEWVcfFXUMtxokMYy5ADkjwJa89DtP8LzoA61,2026-10-06T12:47:37.481000Z,2026-10-08T17:20:07Z,454609756,suuDSAaNaHaB9Dk6T6JBrLWo4cCweZHr8aFWhKGsaTAiw3wsQy9P9V39m8CQAwgoNzddnrEsfiGWjhqG3b5UMLz,So11111111111111111111111111111111111111111,1513840,9,6yVb4pxNwDfr6rovwNnBg3SyKSvDcHGD4WdFPN1JJBqm,GKMJwv2AEWVcfFXUMtxokMYy5ADkjwJa89DtP8LzoA61,transfer,0,2
onechd,1chdHBRNu9dB7E5McJKFDsbPvfpmANdmeR7BHavhi56,2026-10-06T12:47:37.481000Z,2026-10-08T17:07:56Z,454607051,4u6WcorwkiPDg9sLwLuKjBy1ZC9xyoi7XAHKjWVd9zvZNatMxgEL1SusQfdbyy14pWVLgBpzfWPcQPVX47Y61t1n,3EWMexcsBXppoP7svixypPszpQXv7gta8YRLr5gd4fAb,1014019326768,6,6yVb4pxNwDfr6rovwNnBg3SyKSvDcHGD4WdFPN1JJBqm,1chdHBRNu9dB7E5McJKFDsbPvfpmANdmeR7BHavhi56,transfer,5,0
clix,CLiXvfYSJtG5SJTCWyLvXKtDag9pJiA4vSWZGgSKP19X,2026-10-06T12:47:37.481000Z,2026-10-08T17:07:56Z,454607051,4u6WcorwkiPDg9sLwLuKjBy1ZC9xyoi7XAHKjWVd9zvZNatMxgEL1SusQfdbyy14pWVLgBpzfWPcQPVX47Y61t1n,3EWMexcsBXppoP7svixypPszpQXv7gta8YRLr5gd4fAb,1134500831967,6,6yVb4pxNwDfr6rovwNnBg3SyKSvDcHGD4WdFPN1JJBqm,CLiXvfYSJtG5SJTCWyLvXKtDag9pJiA4vSWZGgSKP19X,transfer,3,0
gkm,GKMJwv2AEWVcfFXUMtxokMYy5ADkjwJa89DtP8LzoA61,2026-10-06T12:47:37.481000Z,2026-10-08T17:07:56Z,454607051,4u6WcorwkiPDg9sLwLuKjBy1ZC9xyoi7XAHKjWVd9zvZNatMxgEL1SusQfdbyy14pWVLgBpzfWPcQPVX47Y61t1n,3EWMexcsBXppoP7svixypPszpQXv7gta8YRLr5gd4fAb,1196774394746,6,6yVb4pxNwDfr6rovwNnBg3SyKSvDcHGD4WdFPN1JJBqm,GKMJwv2AEWVcfFXUMtxokMYy5ADkjwJa89DtP8LzoA61,transfer,1,0
clix,CLiXvfYSJtG5SJTCWyLvXKtDag9pJiA4vSWZGgSKP19X,2026-10-06T12:47:37.481000Z,2026-10-08T17:07:06Z,454606867,5P3w3NHfVyNkAnrq4twyTFco6nBWNWRGXv1na13nD6Wa5tY6dYhbrZjoZpLQkf4exZTzeWAFj5sP7gG2cuatuUDN,3EWMexcsBXppoP7svixypPszpQXv7gta8YRLr5gd4fAb,2774690186671,6,6yVb4pxNwDfr6rovwNnBg3SyKSvDcHGD4WdFPN1JJBqm,CLiXvfYSJtG5SJTCWyLvXKtDag9pJiA4vSWZGgSKP19X,transfer,3,0
gkm,GKMJwv2AEWVcfFXUMtxokMYy5ADkjwJa89DtP8LzoA61,2026-10-06T12:47:37.481000Z,2026-10-08T17:07:06Z,454606867,5P3w3NHfVyNkAnrq4twyTFco6nBWNWRGXv1na13nD6Wa5tY6dYhbrZjoZpLQkf4exZTzeWAFj5sP7gG2cuatuUDN,3EWMexcsBXppoP7svixypPszpQXv7gta8YRLr5gd4fAb,3274229793395,6,6yVb4pxNwDfr6rovwNnBg3SyKSvDcHGD4WdFPN1JJBqm,GKMJwv2AEWVcfFXUMtxokMYy5ADkjwJa89DtP8LzoA61,transfer,1,0
gkm,GKMJwv2AEWVcfFXUMtxokMYy5ADkjwJa89DtP8LzoA61,2026-10-06T12:47:37.481000Z,2026-10-07T20:10:05Z,454325798,3GmLrYfp6ynqtmy3sdkW2cSZHeRAoWGPdnWHtnjuwBaKZ7JADiAAmPLqQHmX8RE2vFuRF5Gtyb2biZ4qr9z9uVnf,So11111111111111111111111111111111111111111,2314398398,9,GKMJwv2AEWVcfFXUMtxokMYy5ADkjwJa89DtP8LzoA61,6yVb4pxNwDfr6rovwNnBg3SyKSvDcHGD4WdFPN1JJBqm,transfer,0,0
clix,CLiXvfYSJtG5SJTCWyLvXKtDag9pJiA4vSWZGgSKP19X,2026-10-06T12:47:37.481000Z,2026-10-07T20:10:05Z,454325798,5fd2bLaAJ2HtWaXb2PoUs9zvDwf3N8nNUvTpgEEdG6yQghzGH6NcpNYbpACtc875edp6toZPnVyoboN76v2d2Ctm,So11111111111111111111111111111111111111111,2403461552,9,CLiXvfYSJtG5SJTCWyLvXKtDag9pJiA4vSWZGgSKP19X,6yVb4pxNwDfr6rovwNnBg3SyKSvDcHGD4WdFPN1JJBqm,transfer,0,0
onechd,1chdHBRNu9dB7E5McJKFDsbPvfpmANdmeR7BHavhi56,2026-10-06T12:47:37.481000Z,2026-10-07T20:10:05Z,454325798,1UPy9fydvs2XyMopnLi4qmrgL7W9Jajty3uiBfoJGADNnhVbAP1j1XxUTwYsnoSEJmJXzYVvD33gc7QY2CRcgNn,So11111111111111111111111111111111111111111,1972860230,9,1chdHBRNu9dB7E5McJKFDsbPvfpmANdmeR7BHavhi56,6yVb4pxNwDfr6rovwNnBg3SyKSvDcHGD4WdFPN1JJBqm,transfer,0,0
gkm,GKMJwv2AEWVcfFXUMtxokMYy5ADkjwJa89DtP8LzoA61,2026-10-06T12:47:37.481000Z,2026-10-07T19:48:44Z,454321068,R1BefMLdsZwWcu2p71ZimWkB5QWm8QdHeSYgfmBahBPDB5aabCHuVbUjLksWhr2Yhfb28QLBPkEh9WqR828HhTs,7H3L2mi6P1TdYje2X7uaFzf4ANTqYbBqBcEVmSMTb58V,8598286456550,6,6yVb4pxNwDfr6rovwNnBg3SyKSvDcHGD4WdFPN1JJBqm,GKMJwv2AEWVcfFXUMtxokMYy5ADkjwJa89DtP8LzoA61,transfer,1,0
onechd,1chdHBRNu9dB7E5McJKFDsbPvfpmANdmeR7BHavhi56,2026-10-06T12:47:37.481000Z,2026-10-07T18:51:07Z,454308311,8EWrQYB1J73qAqmca7pB3k1bDNgG5gboVCwYZJFS4Cor65vbutAHp7Hi7AnR69ESYn8syoUDhB7m3L6EsKMVuHs,2ASQn3RCrLH4U1uR8JCgDkD3cDgrnUcr7SfBxJbw57wz,5624941498295,6,6yVb4pxNwDfr6rovwNnBg3SyKSvDcHGD4WdFPN1JJBqm,1chdHBRNu9dB7E5McJKFDsbPvfpmANdmeR7BHavhi56,transfer,5,0
clix,CLiXvfYSJtG5SJTCWyLvXKtDag9pJiA4vSWZGgSKP19X,2026-10-06T12:47:37.481000Z,2026-10-07T18:51:07Z,454308311,8EWrQYB1J73qAqmca7pB3k1bDNgG5gboVCwYZJFS4Cor65vbutAHp7Hi7AnR69ESYn8syoUDhB7m3L6EsKMVuHs,2ASQn3RCrLH4U1uR8JCgDkD3cDgrnUcr7SfBxJbw57wz,4335950324023,6,6yVb4pxNwDfr6rovwNnBg3SyKSvDcHGD4WdFPN1JJBqm,CLiXvfYSJtG5SJTCWyLvXKtDag9pJiA4vSWZGgSKP19X,transfer,3,0
gkm,GKMJwv2AEWVcfFXUMtxokMYy5ADkjwJa89DtP8LzoA61,2026-10-06T12:47:37.481000Z,2026-10-07T18:51:07Z,454308311,8EWrQYB1J73qAqmca7pB3k1bDNgG5gboVCwYZJFS4Cor65vbutAHp7Hi7AnR69ESYn8syoUDhB7m3L6EsKMVuHs,2ASQn3RCrLH4U1uR8JCgDkD3cDgrnUcr7SfBxJbw57wz,4510790253348,6,6yVb4pxNwDfr6rovwNnBg3SyKSvDcHGD4WdFPN1JJBqm,GKMJwv2AEWVcfFXUMtxokMYy5ADkjwJa89DtP8LzoA61,transfer,1,0
onechd,1chdHBRNu9dB7E5McJKFDsbPvfpmANdmeR7BHavhi56,2026-10-06T12:47:37.481000Z,2026-10-07T18:00:35Z,454297068,3V7g7Nyg3hrCZ8pd4tp55AfXhM3v5okgZdimD69a8SJWbvHBpgKs7PscpAEaJb6y1x2LEaEEWBAmZqxFoXND1uLF,So11111111111111111111111111111111111111111,2876724721,9,1chdHBRNu9dB7E5McJKFDsbPvfpmANdmeR7BHavhi56,6yVb4pxNwDfr6rovwNnBg3SyKSvDcHGD4WdFPN1JJBqm,transfer,0,0
gkm,GKMJwv2AEWVcfFXUMtxokMYy5ADkjwJa89DtP8LzoA61,2026-10-06T12:47:37.481000Z,2026-10-07T18:00:35Z,454297068,4dgP3zbCXWxdEzZnML9WWuwRrMyCfesSdPcs3mehSXQUx5DKCskiYySCzvw2WsDxXQGMDDt6ifsmuavFqCM9gnXG,So11111111111111111111111111111111111111111,3448257103,9,GKMJwv2AEWVcfFXUMtxokMYy5ADkjwJa89DtP8LzoA61,6yVb4pxNwDfr6rovwNnBg3SyKSvDcHGD4WdFPN1JJBqm,transfer,0,0
clix,CLiXvfYSJtG5SJTCWyLvXKtDag9pJiA4vSWZGgSKP19X,2026-10-06T12:47:37.481000Z,2026-10-07T18:00:35Z,454297068,33seSNVfGAMHvgaJQq2E463hc3cNbxHLLWSghAeJJhEhkKQzTNqM5ecgZUYZEvkTmEqLVBxEEKMGefB6J2xhpJtb,So11111111111111111111111111111111111111111,3565883839,9,CLiXvfYSJtG5SJTCWyLvXKtDag9pJiA4vSWZGgSKP19X,6yVb4pxNwDfr6rovwNnBg3SyKSvDcHGD4WdFPN1JJBqm,transfer,0,0
onechd,1chdHBRNu9dB7E5McJKFDsbPvfpmANdmeR7BHavhi56,2026-10-06T12:47:37.481000Z,2026-10-07T15:29:26Z,454263375,264bSzkmzEQZW69HnfuUd59bjTuVHurpvKep89ZJnt7NzfjGHTacbTkNLGWzorA2sLnSTyCEHiq3HJiMkogs3vWt,9BCAKN5au1TBHDwCiWjG2mi2s8rKEfKCfeTQv8U4BHVm,1705606224461,6,6yVb4pxNwDfr6rovwNnBg3SyKSvDcHGD4WdFPN1JJBqm,1chdHBRNu9dB7E5McJKFDsbPvfpmANdmeR7BHavhi56,transfer,3,0
gkm,GKMJwv2AEWVcfFXUMtxokMYy5ADkjwJa89DtP8LzoA61,2026-10-06T12:47:37.481000Z,2026-10-07T15:29:26Z,454263375,264bSzkmzEQZW69HnfuUd59bjTuVHurpvKep89ZJnt7NzfjGHTacbTkNLGWzorA2sLnSTyCEHiq3HJiMkogs3vWt,9BCAKN5au1TBHDwCiWjG2mi2s8rKEfKCfeTQv8U4BHVm,1747462764515,6,6yVb4pxNwDfr6rovwNnBg3SyKSvDcHGD4WdFPN1JJBqm,GKMJwv2AEWVcfFXUMtxokMYy5ADkjwJa89DtP8LzoA61,transfer,1,0
onechd,1chdHBRNu9dB7E5McJKFDsbPvfpmANdmeR7BHavhi56,2026-10-06T12:47:37.481000Z,2026-10-07T15:28:39Z,454263202,XKPXjv88mFUEAhHzASTWKEujGocBCw3XJR8u9nHUfpxjPfZXsDsFLQtGWN4UJvMNMyPEH8z2JovZTD9eFJE8TkT,9BCAKN5au1TBHDwCiWjG2mi2s8rKEfKCfeTQv8U4BHVm,2860415688654,6,6yVb4pxNwDfr6rovwNnBg3SyKSvDcHGD4WdFPN1JJBqm,1chdHBRNu9dB7E5McJKFDsbPvfpmANdmeR7BHavhi56,transfer,3,0
gkm,GKMJwv2AEWVcfFXUMtxokMYy5ADkjwJa89DtP8LzoA61,2026-10-06T12:47:37.481000Z,2026-10-07T15:28:39Z,454263202,XKPXjv88mFUEAhHzASTWKEujGocBCw3XJR8u9nHUfpxjPfZXsDsFLQtGWN4UJvMNMyPEH8z2JovZTD9eFJE8TkT,9BCAKN5au1TBHDwCiWjG2mi2s8rKEfKCfeTQv8U4BHVm,3278217355639,6,6yVb4pxNwDfr6rovwNnBg3SyKSvDcHGD4WdFPN1JJBqm,GKMJwv2AEWVcfFXUMtxokMYy5ADkjwJa89DtP8LzoA61,transfer,1,0
clix,CLiXvfYSJtG5SJTCWyLvXKtDag9pJiA4vSWZGgSKP19X,2026-10-06T12:47:37.481000Z,2026-10-07T13:21:16Z,454234811,5pMd5bb2ysp7diurKZi4guA6i9bgvmVWSfKShduzL3aw72y8YcjEqbqD5M2qdsU2Yzcphj9qQE2HNdmciRjwQdAw,DvpSCp8n4YX1kstyQREv3mETL4Y1tFK4QdEo7DZgGAV1,15094893469037,6,6yVb4pxNwDfr6rovwNnBg3SyKSvDcHGD4WdFPN1JJBqm,CLiXvfYSJtG5SJTCWyLvXKtDag9pJiA4vSWZGgSKP19X,transfer,1,0
onechd,1chdHBRNu9dB7E5McJKFDsbPvfpmANdmeR7BHavhi56,2026-10-06T12:47:37.481000Z,2026-10-07T13:00:44Z,454230252,4HB4L6ysZMfr1of7aQ94jFwfAh9EUGVFzBGDjt4rhAW3iEjpiFkkqBqmQWuthRy8L4gdR8LEQdPvBie9nicFktHC,So11111111111111111111111111111111111111111,8580666642,9,1chdHBRNu9dB7E5McJKFDsbPvfpmANdmeR7BHavhi56,6yVb4pxNwDfr6rovwNnBg3SyKSvDcHGD4WdFPN1JJBqm,transfer,0,0
clix,CLiXvfYSJtG5SJTCWyLvXKtDag9pJiA4vSWZGgSKP19X,2026-10-06T12:47:37.481000Z,2026-10-07T13:00:44Z,454230252,uE2FTpK85G7tDvvnKQenfAy5fJdpX7dBZi3wrgVLDC9Hho2F4CZidVXCbKwJes73SfstXsjUjFsk4PRvyodM7aL,So11111111111111111111111111111111111111111,8430856246,9,CLiXvfYSJtG5SJTCWyLvXKtDag9pJiA4vSWZGgSKP19X,6yVb4pxNwDfr6rovwNnBg3SyKSvDcHGD4WdFPN1JJBqm,transfer,0,0
gkm,GKMJwv2AEWVcfFXUMtxokMYy5ADkjwJa89DtP8LzoA61,2026-10-06T12:47:37.481000Z,2026-10-07T13:00:44Z,454230252,k3eHVH83H4T1qmze2BBWZ1T3CyL4uUMECL2RzqhHdSgRzjQJrSmehcMihocCkhwpn4D6D62gsdtRYguhxeTRuir,So11111111111111111111111111111111111111111,11233896712,9,GKMJwv2AEWVcfFXUMtxokMYy5ADkjwJa89DtP8LzoA61,6yVb4pxNwDfr6rovwNnBg3SyKSvDcHGD4WdFPN1JJBqm,transfer,0,0
gkm,GKMJwv2AEWVcfFXUMtxokMYy5ADkjwJa89DtP8LzoA61,2026-10-06T12:47:37.481000Z,2026-10-07T12:33:03Z,454224070,Lc99n8tCJfohr9rUVzwBQDHd8VBgWcqK9LAUNRQVNVdaP8CuAqauhjhQDZpvqGGeZwG5ZrtFWBCntXSWRRzNMq5,AjbabVhvwkFhveiWXJtgDqz6oimEu9ySAzn6ZYT1XNb2,13293163873957,6,6yVb4pxNwDfr6rovwNnBg3SyKSvDcHGD4WdFPN1JJBqm,GKMJwv2AEWVcfFXUMtxokMYy5ADkjwJa89DtP8LzoA61,transfer,1,0
onechd,1chdHBRNu9dB7E5McJKFDsbPvfpmANdmeR7BHavhi56,2026-10-06T12:47:37.481000Z,2026-10-07T12:22:21Z,454221687,4C7L3uYeTU6qW31T6sLZEnM7HtY16rgPHUW9H8YQHzCrT25hb7mJPFS7yBsvPU2dnJkjrsSF3z5wzAoJhnkgif8i,AjbabVhvwkFhveiWXJtgDqz6oimEu9ySAzn6ZYT1XNb2,24014529687066,6,6yVb4pxNwDfr6rovwNnBg3SyKSvDcHGD4WdFPN1JJBqm,1chdHBRNu9dB7E5McJKFDsbPvfpmANdmeR7BHavhi56,transfer,5,0
onechd,1chdHBRNu9dB7E5McJKFDsbPvfpmANdmeR7BHavhi56,2026-10-06T12:47:37.481000Z,2026-10-07T12:22:21Z,454221687,4C7L3uYeTU6qW31T6sLZEnM7HtY16rgPHUW9H8YQHzCrT25hb7mJPFS7yBsvPU2dnJkjrsSF3z5wzAoJhnkgif8i,So11111111111111111111111111111111111111111,1513840,9,6yVb4pxNwDfr6rovwNnBg3SyKSvDcHGD4WdFPN1JJBqm,1chdHBRNu9dB7E5McJKFDsbPvfpmANdmeR7BHavhi56,transfer,4,2
clix,CLiXvfYSJtG5SJTCWyLvXKtDag9pJiA4vSWZGgSKP19X,2026-10-06T12:47:37.481000Z,2026-10-07T12:22:21Z,454221687,4C7L3uYeTU6qW31T6sLZEnM7HtY16rgPHUW9H8YQHzCrT25hb7mJPFS7yBsvPU2dnJkjrsSF3z5wzAoJhnkgif8i,AjbabVhvwkFhveiWXJtgDqz6oimEu9ySAzn6ZYT1XNb2,24707070235541,6,6yVb4pxNwDfr6rovwNnBg3SyKSvDcHGD4WdFPN1JJBqm,CLiXvfYSJtG5SJTCWyLvXKtDag9pJiA4vSWZGgSKP19X,transfer,3,0
clix,CLiXvfYSJtG5SJTCWyLvXKtDag9pJiA4vSWZGgSKP19X,2026-10-06T12:47:37.481000Z,2026-10-07T12:22:21Z,454221687,4C7L3uYeTU6qW31T6sLZEnM7HtY16rgPHUW9H8YQHzCrT25hb7mJPFS7yBsvPU2dnJkjrsSF3z5wzAoJhnkgif8i,So11111111111111111111111111111111111111111,1513840,9,6yVb4pxNwDfr6rovwNnBg3SyKSvDcHGD4WdFPN1JJBqm,CLiXvfYSJtG5SJTCWyLvXKtDag9pJiA4vSWZGgSKP19X,transfer,2,2
gkm,GKMJwv2AEWVcfFXUMtxokMYy5ADkjwJa89DtP8LzoA61,2026-10-06T12:47:37.481000Z,2026-10-07T12:22:21Z,454221687,4C7L3uYeTU6qW31T6sLZEnM7HtY16rgPHUW9H8YQHzCrT25hb7mJPFS7yBsvPU2dnJkjrsSF3z5wzAoJhnkgif8i,AjbabVhvwkFhveiWXJtgDqz6oimEu9ySAzn6ZYT1XNb2,24766032646228,6,6yVb4pxNwDfr6rovwNnBg3SyKSvDcHGD4WdFPN1JJBqm,GKMJwv2AEWVcfFXUMtxokMYy5ADkjwJa89DtP8LzoA61,transfer,1,0
gkm,GKMJwv2AEWVcfFXUMtxokMYy5ADkjwJa89DtP8LzoA61,2026-10-06T12:47:37.481000Z,2026-10-07T12:22:21Z,454221687,4C7L3uYeTU6qW31T6sLZEnM7HtY16rgPHUW9H8YQHzCrT25hb7mJPFS7yBsvPU2dnJkjrsSF3z5wzAoJhnkgif8i,So11111111111111111111111111111111111111111,1513840,9,6yVb4pxNwDfr6rovwNnBg3SyKSvDcHGD4WdFPN1JJBqm,GKMJwv2AEWVcfFXUMtxokMYy5ADkjwJa89DtP8LzoA61,transfer,0,2
gkm,GKMJwv2AEWVcfFXUMtxokMYy5ADkjwJa89DtP8LzoA61,2026-10-06T12:47:37.481000Z,2026-10-06T19:27:30Z,453995046,55w2LokVmjU1sK1KvaK7MSYaAbFwVnnbE4jHPgniUZXmKFDd23keDiXv85sZE6ys42gw1otNhBA6pMpeiCeq67cS,So11111111111111111111111111111111111111111,4297180658,9,GKMJwv2AEWVcfFXUMtxokMYy5ADkjwJa89DtP8LzoA61,6yVb4pxNwDfr6rovwNnBg3SyKSvDcHGD4WdFPN1JJBqm,transfer,0,0
clix,CLiXvfYSJtG5SJTCWyLvXKtDag9pJiA4vSWZGgSKP19X,2026-10-06T12:47:37.481000Z,2026-10-06T19:27:20Z,453995006,4okXaYygP2hRoX7oANw259YXUFcdsrJpn5ZxHDArTQNdHRRNoNFSDgAPTuvaz3fC3rnZgEBCGZjbezvxJ8z7N1GV,So11111111111111111111111111111111111111111,5896720413,9,CLiXvfYSJtG5SJTCWyLvXKtDag9pJiA4vSWZGgSKP19X,6yVb4pxNwDfr6rovwNnBg3SyKSvDcHGD4WdFPN1JJBqm,transfer,0,0
gkm,GKMJwv2AEWVcfFXUMtxokMYy5ADkjwJa89DtP8LzoA61,2026-10-06T12:47:37.481000Z,2026-10-06T19:27:20Z,453995008,EGGZUC3YxpaSnQVVofrWh5L37uqZS97tMLU1Sg8kqPeCFsMAMeYSdKBDcKX3TUg4JX3QBfumZ3mn14KGFuyinwH,So11111111111111111111111111111111111111111,9019028805,9,GKMJwv2AEWVcfFXUMtxokMYy5ADkjwJa89DtP8LzoA61,6yVb4pxNwDfr6rovwNnBg3SyKSvDcHGD4WdFPN1JJBqm,transfer,0,0
onechd,1chdHBRNu9dB7E5McJKFDsbPvfpmANdmeR7BHavhi56,2026-10-06T12:47:37.481000Z,2026-10-06T19:27:20Z,453995008,25GASQ6V9k29NQMdxum1dUqcJw4mDBn8JdY6xfLLghMvReEeyxLRWdzMGCKbSng55v2B4oW4WywGHXDD4cDRLamt,So11111111111111111111111111111111111111111,5678304791,9,1chdHBRNu9dB7E5McJKFDsbPvfpmANdmeR7BHavhi56,6yVb4pxNwDfr6rovwNnBg3SyKSvDcHGD4WdFPN1JJBqm,transfer,0,0
gkm,GKMJwv2AEWVcfFXUMtxokMYy5ADkjwJa89DtP8LzoA61,2026-10-06T12:47:37.481000Z,2026-10-06T19:17:56Z,453992912,4VPGmyPnJqFgU5m8EAsMchu7pcKRF1pJhYfWJjMB8fHzzFTnZqqYV2ozUQMvpFdMd4nVhAzwrUVMDhC7mAWGkJW8,F5VdbmjLNEXoyeKuLG4kQvy39BDwq8PjY9DiMUdMkyC6,4104186422150,6,6yVb4pxNwDfr6rovwNnBg3SyKSvDcHGD4WdFPN1JJBqm,GKMJwv2AEWVcfFXUMtxokMYy5ADkjwJa89DtP8LzoA61,transfer,1,0
gkm,GKMJwv2AEWVcfFXUMtxokMYy5ADkjwJa89DtP8LzoA61,2026-10-06T12:47:37.481000Z,2026-10-06T19:16:55Z,453992688,Dr6GJ2XDtHanhsptJYkG6hp9CFVZU2aymZyMbsBWx6chmPCBCzVNkd7ahpwzNyJQrBVweFsJcDU9RpmML9RnNfu,F5VdbmjLNEXoyeKuLG4kQvy39BDwq8PjY9DiMUdMkyC6,8149570230767,6,6yVb4pxNwDfr6rovwNnBg3SyKSvDcHGD4WdFPN1JJBqm,GKMJwv2AEWVcfFXUMtxokMYy5ADkjwJa89DtP8LzoA61,transfer,1,0
clix,CLiXvfYSJtG5SJTCWyLvXKtDag9pJiA4vSWZGgSKP19X,2026-10-06T12:47:37.481000Z,2026-10-06T17:52:53Z,453974063,37r11knTQqxkczN64xr7ptMc1ef1G4yDGQAgKGkwBoge1WTJXgLykxvEWtKtkwt43ofr25VyiNcaPGUk9o1pBY3z,96ssJEednGhFeGHfrCX3T475w9epKjCDQ14ZiG8VqEH,11288820215464,6,6yVb4pxNwDfr6rovwNnBg3SyKSvDcHGD4WdFPN1JJBqm,CLiXvfYSJtG5SJTCWyLvXKtDag9pJiA4vSWZGgSKP19X,transfer,5,0
clix,CLiXvfYSJtG5SJTCWyLvXKtDag9pJiA4vSWZGgSKP19X,2026-10-06T12:47:37.481000Z,2026-10-06T17:52:53Z,453974063,37r11knTQqxkczN64xr7ptMc1ef1G4yDGQAgKGkwBoge1WTJXgLykxvEWtKtkwt43ofr25VyiNcaPGUk9o1pBY3z,So11111111111111111111111111111111111111111,1513840,9,6yVb4pxNwDfr6rovwNnBg3SyKSvDcHGD4WdFPN1JJBqm,CLiXvfYSJtG5SJTCWyLvXKtDag9pJiA4vSWZGgSKP19X,transfer,4,2
gkm,GKMJwv2AEWVcfFXUMtxokMYy5ADkjwJa89DtP8LzoA61,2026-10-06T12:47:37.481000Z,2026-10-06T17:52:53Z,453974063,37r11knTQqxkczN64xr7ptMc1ef1G4yDGQAgKGkwBoge1WTJXgLykxvEWtKtkwt43ofr25VyiNcaPGUk9o1pBY3z,96ssJEednGhFeGHfrCX3T475w9epKjCDQ14ZiG8VqEH,11047718637086,6,6yVb4pxNwDfr6rovwNnBg3SyKSvDcHGD4WdFPN1JJBqm,GKMJwv2AEWVcfFXUMtxokMYy5ADkjwJa89DtP8LzoA61,transfer,3,0
gkm,GKMJwv2AEWVcfFXUMtxokMYy5ADkjwJa89DtP8LzoA61,2026-10-06T12:47:37.481000Z,2026-10-06T17:52:53Z,453974063,37r11knTQqxkczN64xr7ptMc1ef1G4yDGQAgKGkwBoge1WTJXgLykxvEWtKtkwt43ofr25VyiNcaPGUk9o1pBY3z,So11111111111111111111111111111111111111111,1513840,9,6yVb4pxNwDfr6rovwNnBg3SyKSvDcHGD4WdFPN1JJBqm,GKMJwv2AEWVcfFXUMtxokMYy5ADkjwJa89DtP8LzoA61,transfer,2,2
onechd,1chdHBRNu9dB7E5McJKFDsbPvfpmANdmeR7BHavhi56,2026-10-06T12:47:37.481000Z,2026-10-06T17:52:53Z,453974063,37r11knTQqxkczN64xr7ptMc1ef1G4yDGQAgKGkwBoge1WTJXgLykxvEWtKtkwt43ofr25VyiNcaPGUk9o1pBY3z,96ssJEednGhFeGHfrCX3T475w9epKjCDQ14ZiG8VqEH,14673600274598,6,6yVb4pxNwDfr6rovwNnBg3SyKSvDcHGD4WdFPN1JJBqm,1chdHBRNu9dB7E5McJKFDsbPvfpmANdmeR7BHavhi56,transfer,7,0
onechd,1chdHBRNu9dB7E5McJKFDsbPvfpmANdmeR7BHavhi56,2026-10-06T12:47:37.481000Z,2026-10-06T17:52:53Z,453974063,37r11knTQqxkczN64xr7ptMc1ef1G4yDGQAgKGkwBoge1WTJXgLykxvEWtKtkwt43ofr25VyiNcaPGUk9o1pBY3z,So11111111111111111111111111111111111111111,1513840,9,6yVb4pxNwDfr6rovwNnBg3SyKSvDcHGD4WdFPN1JJBqm,1chdHBRNu9dB7E5McJKFDsbPvfpmANdmeR7BHavhi56,transfer,6,2
clix,CLiXvfYSJtG5SJTCWyLvXKtDag9pJiA4vSWZGgSKP19X,2026-10-06T12:47:37.481000Z,2026-10-06T16:01:33Z,453949312,3gu9izQ5RkARjAnd4jFCceMKZt4x9zqjtyDZvZH5J7w2tFwnLefCEie8qdc1o4642aWN7aAzLnhipuwSyjDZJWFU,So11111111111111111111111111111111111111111,9314933175,9,CLiXvfYSJtG5SJTCWyLvXKtDag9pJiA4vSWZGgSKP19X,6yVb4pxNwDfr6rovwNnBg3SyKSvDcHGD4WdFPN1JJBqm,transfer,0,0
gkm,GKMJwv2AEWVcfFXUMtxokMYy5ADkjwJa89DtP8LzoA61,2026-10-06T12:47:37.481000Z,2026-10-06T16:01:33Z,453949312,2GeK2KAiBtbuNasQstY76txSky1qXTotBGK5qLgPFhcSGrhymSRKNSnWMMo2uwiUhwbP4aLEenLPkJeoQg5qLWQB,So11111111111111111111111111111111111111111,10326422863,9,GKMJwv2AEWVcfFXUMtxokMYy5ADkjwJa89DtP8LzoA61,6yVb4pxNwDfr6rovwNnBg3SyKSvDcHGD4WdFPN1JJBqm,transfer,0,0
onechd,1chdHBRNu9dB7E5McJKFDsbPvfpmANdmeR7BHavhi56,2026-10-06T12:47:37.481000Z,2026-10-06T16:01:33Z,453949312,2vC9dmreVPqN5YQmgDVhFJLg1cYSyQcMCw1GMu97DAnEGhdfv9CkBGueB5U94T2FtEHBxu3SkoukaDomaSt2zJqr,So11111111111111111111111111111111111111111,9356334103,9,1chdHBRNu9dB7E5McJKFDsbPvfpmANdmeR7BHavhi56,6yVb4pxNwDfr6rovwNnBg3SyKSvDcHGD4WdFPN1JJBqm,transfer,0,0
onechd,1chdHBRNu9dB7E5McJKFDsbPvfpmANdmeR7BHavhi56,2026-10-06T12:47:37.481000Z,2026-10-06T15:55:47Z,453948021,4e9xFMx86heLJAjo4b8ppDai39a9JMpp37i6tQFBXgXJo7YAQn6m8Z43pwjSHWHAT3yZNeC8ciBWq16xxFXTPisZ,6yBgsW5qm8XewXUfgrj7oH6Z9chsReffyVN5mdU3X5K7,4334468660941,6,1chdHBRNu9dB7E5McJKFDsbPvfpmANdmeR7BHavhi56,6yVb4pxNwDfr6rovwNnBg3SyKSvDcHGD4WdFPN1JJBqm,transfer,1,0
onechd,1chdHBRNu9dB7E5McJKFDsbPvfpmANdmeR7BHavhi56,2026-10-06T12:47:37.481000Z,2026-10-06T15:52:59Z,453947398,cj2xuWYMoN32ePqYHDYn8RsFTUvSKEJyKp96EbXHzW2a4xw9LBdULjGRq3Y1gbw48a9M6wCvJduahWpxCSw7Wk9,6yBgsW5qm8XewXUfgrj7oH6Z9chsReffyVN5mdU3X5K7,4334468660941,6,6yVb4pxNwDfr6rovwNnBg3SyKSvDcHGD4WdFPN1JJBqm,1chdHBRNu9dB7E5McJKFDsbPvfpmANdmeR7BHavhi56,transfer,3,0
clix,CLiXvfYSJtG5SJTCWyLvXKtDag9pJiA4vSWZGgSKP19X,2026-10-06T12:47:37.481000Z,2026-10-06T15:29:51Z,453942240,ouYEjaLxYT2aRh15uqJXiSrGkgbdxZUQ6AwKWssusoT8yjYXDTcP1h51fXWdsERpz6NhvzFXUedn42Ndwiya6jA,9mgdJ57uz8DygASchY3NPQK59QgtAdJ9jfYU1KCwSp24,3917746161931,6,6yVb4pxNwDfr6rovwNnBg3SyKSvDcHGD4WdFPN1JJBqm,CLiXvfYSJtG5SJTCWyLvXKtDag9pJiA4vSWZGgSKP19X,transfer,1,0
gkm,GKMJwv2AEWVcfFXUMtxokMYy5ADkjwJa89DtP8LzoA61,2026-10-06T12:47:37.481000Z,2026-10-06T15:29:51Z,453942240,ouYEjaLxYT2aRh15uqJXiSrGkgbdxZUQ6AwKWssusoT8yjYXDTcP1h51fXWdsERpz6NhvzFXUedn42Ndwiya6jA,9mgdJ57uz8DygASchY3NPQK59QgtAdJ9jfYU1KCwSp24,12369030808103,6,6yVb4pxNwDfr6rovwNnBg3SyKSvDcHGD4WdFPN1JJBqm,GKMJwv2AEWVcfFXUMtxokMYy5ADkjwJa89DtP8LzoA61,transfer,5,0
onechd,1chdHBRNu9dB7E5McJKFDsbPvfpmANdmeR7BHavhi56,2026-10-06T12:47:37.481000Z,2026-10-06T15:29:51Z,453942240,ouYEjaLxYT2aRh15uqJXiSrGkgbdxZUQ6AwKWssusoT8yjYXDTcP1h51fXWdsERpz6NhvzFXUedn42Ndwiya6jA,9mgdJ57uz8DygASchY3NPQK59QgtAdJ9jfYU1KCwSp24,1653439154497,6,6yVb4pxNwDfr6rovwNnBg3SyKSvDcHGD4WdFPN1JJBqm,1chdHBRNu9dB7E5McJKFDsbPvfpmANdmeR7BHavhi56,transfer,3,0
clix,CLiXvfYSJtG5SJTCWyLvXKtDag9pJiA4vSWZGgSKP19X,2026-10-06T12:47:37.481000Z,2026-10-06T13:12:05Z,453911479,3u8h1XGynEmsasUCPKJ7q7mqyrvdHXiAdxJLGJumMW2C85ptZPtjYpyrMTHKUn4DjCvyjNPn5sm3v8Ly6wX6mQSt,So11111111111111111111111111111111111111111,9868228190,9,CLiXvfYSJtG5SJTCWyLvXKtDag9pJiA4vSWZGgSKP19X,6yVb4pxNwDfr6rovwNnBg3SyKSvDcHGD4WdFPN1JJBqm,transfer,0,0
gkm,GKMJwv2AEWVcfFXUMtxokMYy5ADkjwJa89DtP8LzoA61,2026-10-06T12:47:37.481000Z,2026-10-06T13:12:05Z,453911479,7LQw9YNTfidTfYDcfNi2ABfjXnkf8ema1iTzSYP63Pd7gMkssE8TSXPi9sobj1xB5FhiVVLwz79Xx9jS96zPSuX,So11111111111111111111111111111111111111111,10051446012,9,GKMJwv2AEWVcfFXUMtxokMYy5ADkjwJa89DtP8LzoA61,6yVb4pxNwDfr6rovwNnBg3SyKSvDcHGD4WdFPN1JJBqm,transfer,0,0
onechd,1chdHBRNu9dB7E5McJKFDsbPvfpmANdmeR7BHavhi56,2026-10-06T12:47:37.481000Z,2026-10-06T13:12:05Z,453911479,4eddqCYUfQCJArpWscoSyEDCcpNaygvDVMjZaUNBzQT4t2C3cn3dhsmPJB7driT18w5qVGVxyvcUun7etD6nQpG6,So11111111111111111111111111111111111111111,7566302821,9,1chdHBRNu9dB7E5McJKFDsbPvfpmANdmeR7BHavhi56,6yVb4pxNwDfr6rovwNnBg3SyKSvDcHGD4WdFPN1JJBqm,transfer,0,0
onechd,1chdHBRNu9dB7E5McJKFDsbPvfpmANdmeR7BHavhi56,2026-10-06T12:47:37.481000Z,2026-10-06T13:10:36Z,453911145,2FfsoFUHuzgC9vC7hNsL37XRsgg7uBQKoTC1PwngkzwJDQgH5HYVLnosvbA6U4x2F6fZaPo3aedMbToR26fDWzrV,8TtAQ3KZRaEmWmY6TRDtdkEMRxaMRd2WufUgaaYJihbJ,8307129481053,6,6yVb4pxNwDfr6rovwNnBg3SyKSvDcHGD4WdFPN1JJBqm,1chdHBRNu9dB7E5McJKFDsbPvfpmANdmeR7BHavhi56,transfer,5,0
