token_name,symbol,mint,call_timestamp,launch_timestamp,launch_to_call_seconds,source
100m Speedrun,SPEEDRUN,4sjtHGeAKP6DoMUdvFqQuiYKhhPpwa9XCxUyuFD2pump,2026-08-28T15:29:18.163000Z,2026-08-28T15:15:01Z,857.163,pump.fun
Super Mario Kitten,MARIO,7Q9VxTczrzgvjXWbJJZibR7hbYAohngsNsuEhdEcpump,2026-08-29T18:07:30.018000Z,2026-08-29T18:06:33Z,57.018,pump.fun
The Fattest Marmot,Dawn,5L6As5obMTXxKwjmGBy1LTRwW2Hm1PjSK18JhETrpump,2026-08-30T05:19:21.229000Z,2026-08-30T04:50:21Z,1740.229,pump.fun
chimp,chimp,CSLP8Vp7u9hrXQi7crPXqCp7BaJaG4JrNxqvR3jDpump,2026-08-31T11:05:44.192000Z,2026-08-31T11:01:42Z,242.192,pump.fun
toadonputer,puter,4GRTznsfLTRqaB2uMAFmmgaWtvfVyBb4qCsTjskUpump,2026-08-31T12:27:03.619000Z,2026-08-31T12:22:58Z,245.619,pump.fun
wen rollie,rollie,DQ2H7qcj262RAKfSxGYeL7cYJq54mVdXe4gYxUwxpump,2026-08-31T12:57:43.420000Z,2026-08-31T12:55:13Z,150.42,pump.fun
happinesscoin,happiness,7xXo3JYBqzh6D91XRppzFRLfw8wJHypeukGaNWwKgZ8m,2026-08-31T19:21:29.047000Z,2026-08-31T19:10:57Z,632.047,pump.fun
The Pumpkin Cat,Bert,28HydoWU7TZQxWiVQxGZyspE3qgWdCHToNDVgLoNpump,2026-09-01T11:48:16.189000Z,2026-09-01T11:45:36Z,160.189,pump.fun
Clicking Warriors,WARRIORS,6wSQipxdE9Suf8tVNaCEbcqavUbLT7gL9tibpm3Jpump,2026-09-01T12:49:29.688000Z,2026-09-01T12:45:45Z,224.688,pump.fun
HackINU,HackINU,4prKtarobdhYDY4Hu3uGZMx7Je4HqPJeLVyxN6m4Ld3T,2026-09-01T14:11:37.296000Z,2026-09-01T14:05:24Z,373.296,pump.fun
dogwifwig,RALPHIE,F59cEB3A7RAKHGtkvR577swnPSP6EsdaBoL5AcVZpump,2026-09-02T12:19:59.922000Z,2026-09-02T11:42:14Z,2265.922,pump.fun
Solana is home,HOME,EoKqyKksc4ekiPVuBD9FiztYQHkV59x8KTcZ3ReLpump,2026-09-02T13:13:47.125000Z,2026-09-02T13:01:44Z,723.125,pump.fun
Hope,HOPE,Ajz86fyiygsv8kZkUyDxogxkz5VfKRs4HTEABVTfpump,2026-09-02T17:06:30.583000Z,2026-09-02T16:53:00Z,810.583,pump.fun
catwifhats,Benny,FuF2M5T79HJdpJUbp46qwWssLXQ1Xjf1yiNSfyo5UEGC,2026-09-03T11:23:40.610000Z,2026-09-03T11:12:35Z,665.61,pump.fun
catwifbirkin,WIF,8G7aM6Gco4fHjVpmVvUdVvhKMKaWXJEqkCKRvPdepump,2026-09-03T13:13:02.498000Z,2026-09-03T12:46:23Z,1599.498,pump.fun
Pairlesscoin,PAIRLESS,BmU6YJP2YCAo8sc2dkeR8KjvF3rGFBHZL25ejysppump,2026-09-03T14:57:07.732000Z,2026-09-03T14:52:17Z,290.732,pump.fun
cwoin,cwoin,8qT3o4k4aUmyLrgd7hHYmVxin3kFhQ9QsXdSXTP6pump,2026-09-03T15:44:59.146000Z,2026-09-03T15:40:31Z,268.146,pump.fun
ASSTRA,ASSTRA,AmWCcDf6tG7zB3VPeDVjeXL5N567fXAiHcTKw3xXpump,2026-09-03T18:18:30.782000Z,2026-09-03T18:08:25Z,605.782,pump.fun
Poke,POKE,B3xU49SW3khA7m5Lgata2fmPxZeQRuaJbCruPsVDpump,2026-09-03T18:49:58.373000Z,2026-09-03T18:43:52Z,366.373,pump.fun
ARCADE.GOV,ARCADE.GOV,CHygERrxnc5QByNCwxUNSMhP7tKJA7rh6hNBdJ2spump,2026-09-03T21:21:39.307000Z,2026-09-03T21:04:24Z,1035.307,pump.fun
You Cant Stop The Memes,MEMES,9CzNGAEutxKHJ5CwYC5Lk8X8YzgYrQnvKChP2BFEpump,2026-09-04T13:06:58.280000Z,2026-09-04T12:55:35Z,683.28,pump.fun
The hood stays down,hood,AbpJywMWmkf1MFonRddPVogSwPPZHB9pG4x2nKb1YaPn,2026-09-04T13:40:18.393000Z,2026-09-04T13:34:21Z,357.393,pump.fun
rubenhood,rubenhood,13V3CbY7Q7AXnf24FMsUaQrmLxnRU4Md9phDEWZvpump,2026-09-04T14:13:47.812000Z,2026-09-04T14:05:45Z,482.812,pump.fun
LOOONG DOG,LOOONG,D4aEpQLW45YnWrBmztcpJHqabbPtFe9F9PTv8Umvpump,2026-09-05T17:07:02.070000Z,2026-09-05T16:04:25Z,3757.07,pump.fun
Toly The Trencher,TOLY,DTm66ivA96mhuQnqTy1cv7uELS4MHdYtpbRGJdW9t7Fn,2026-09-05T19:10:08.504000Z,2026-09-05T19:06:28Z,220.504,pump.fun
Pumployee,PUMPLOYEE,3coFBLantjJkMRmzaQ4znMQQzfqFYTyBeNhdXYAzpump,2026-09-05T20:27:15.115000Z,2026-09-05T20:17:06Z,609.115,pump.fun
Memecoin World,Memeworld,3GeNgcFpMwH9ts5b3W3jddtfwhwAURaykTy8YjtrGQWT,2026-09-06T13:28:08.298000Z,2026-09-06T13:24:28Z,220.298,pump.fun
PUMPFOLIO,PUMPFOLIO,xeKm1qmxyHLJZLdwKpsZdx5UFtYyb124GTWRZWypump,2026-09-07T13:13:56.771000Z,2026-09-07T13:10:44Z,192.771,pump.fun
americacoin,AMERICACOIN,6gKx5EMvnymTVz2JgFhJAqpGxTYaBdVsaLb9YfPfvg4Y,2026-09-07T14:55:35.809000Z,2026-09-07T14:45:59Z,576.809,pump.fun
The Immortal Pill,Rentosertib,7271ZR6GBzaGqdtP28ZqZ5BKRt2ziu4AnPnVCAL7pump,2026-09-07T15:44:29.671000Z,2026-09-07T15:25:08Z,1161.671,pump.fun
Poopcoin,POOP,BUPNYwndVGfzVb6RG6q2PX53VdAimw2Mi98QxqeWpump,2026-09-07T17:39:34.540000Z,2026-09-07T17:23:13Z,981.54,pump.fun
FigureAppleRobinhoodTesla,FART,2A6sLqrw8WN6KkgnCsN4xJkyAowBZHr2H9xQ4u3Mpump,2026-09-08T11:04:44.614000Z,2026-09-08T10:50:59Z,825.614,pump.fun
SLOPCOIN,SLOP,4n32UBFWKJNPQayeN25GrLJHswbja41XFMxebcg9pump,2026-09-08T12:54:50.717000Z,2026-09-08T12:39:45Z,905.717,pump.fun
Google Bucks,G,hHc9579gpKUnvYvgcKyjdpe1UhmfVfGzGwMQCADpump,2026-09-08T13:47:28.073000Z,2026-09-07T12:03:33Z,92635.073,pump.fun
Just a Memecoin,Memecoin ,HJPjdsDmcvgCj4MV3NvqCWd78qDP8BMzGfrsk4Nbpump,2026-09-08T15:27:36.749000Z,2026-09-08T15:08:14Z,1162.749,pump.fun
Are You Still Watching,WATCHING,5o9sE9FEVC12zWBd2zqPXAhoVyRiNjGfaYX6hS3Ppump,2026-09-08T16:38:24.573000Z,2026-09-08T16:33:22Z,302.573,pump.fun
Nasdih,Nasdih,6VMsrZvNaSzddT6vkY6dEDoFMeK5EoHD4KCAycfQpump,2026-09-08T17:05:52.819000Z,2026-09-08T17:01:21Z,271.819,pump.fun
A Safe Investment,CONDOM,7aLLQRBpGCaSLmmHGf34MGtbdtTumiB14d14TtDnpump,2026-09-08T18:13:45.352000Z,2026-09-08T18:10:02Z,223.352,pump.fun
True Adam,Adam,GL7M1C4QeLoURyexYgdhuP8SvaPh5LHQLRqKha3epump,2026-09-08T18:40:46.153000Z,2026-09-08T18:38:57Z,109.153,pump.fun
Wen Moon,Wen,44s336LDz8bXp4rpxy1qwUfysZ4THjpReQWTKQg7pump,2026-09-09T15:55:56.219000Z,2026-09-09T15:51:49Z,247.219,pump.fun
cute animal tek,cat,6sFMbTF2VTzutzKekenJujFZBqb4TiBZJKfyLMUbpump,2026-09-09T16:44:19.477000Z,2026-09-09T16:38:38Z,341.477,pump.fun
Hoodlana,Hoodlana,H9GGsNc7vA4hN13N1oU4itq8x3mrdZBdw2XdK3Mipump,2026-09-09T16:56:42.723000Z,2026-09-09T16:54:19Z,143.723,pump.fun
The Windows Wallpaper,Bliss,67afrnTxo8DVc52Uev61Yo4Yr9BGQpRw1RpPMWcx42La,2026-09-09T17:48:06.136000Z,2026-09-09T17:43:21Z,285.136,pump.fun
groinbase,groinbase,EkTkjVEfhvgkoCwheMTnr8mhEmJ6Q7ZR8q7ZMCcnpump,2026-09-09T19:21:45.321000Z,2026-09-09T19:19:01Z,164.321,pump.fun
Actually Smart Summon,ASS,3vfxnHSCS139RZiw6MPZaEvhySnjbEi81GuF5EdNpump,2026-09-10T11:31:55.762000Z,2026-09-10T11:17:15Z,880.762,pump.fun
Official Kirk Coin,KIRK,JAqRn24FuQ5MFReXNgXb8uFej5vHJDxhVtebpQvHTQZy,2026-09-10T12:15:26.749000Z,2026-09-10T12:08:32Z,414.749,pump.fun
boldleonidas,BOLD,5DoZAeBkoci5t5zPhUiuhQFjuzYTfkSv5Seojsxppump,2026-09-10T13:11:37.383000Z,2026-09-10T13:06:22Z,315.383,pump.fun
Erika Kirk,Erika,sMe5iUcgTe4VXmg4WaShF5kuk6GmcKF3y4HqKGZpump,2026-09-10T17:11:37.458000Z,2026-09-10T17:05:13Z,384.458,pump.fun
no crying in the casino,casino,2BucyGvsg9wwTwsaFsEUFgdphrCtp94pDRtHowJUpump,2026-09-10T18:46:30.887000Z,2026-09-10T18:31:10Z,920.887,pump.fun
the bundloor,bundloor,9hAojtonqe4RUQarvUYZhFqC99VK1S3LCewYkSjnpump,2026-09-12T12:40:02.927000Z,2026-09-12T12:36:51Z,191.927,pump.fun
Mini Therapy Horse,Pearl,9mqJNDG2squcqZt2zC7cWWNtVozUbQUnzVnP1jG6pump,2026-09-13T16:52:57.263000Z,2026-09-13T16:48:26Z,271.263,pump.fun
A Super Sender,ASS,7p4MwwkUaMv4gBThVkW46QjwVaosaUrccbFV1MbXpump,2026-09-13T19:44:31.901000Z,2026-09-13T19:41:21Z,190.901,pump.fun
21,21,4kkrecvSVnnkK3RZcJ85tNFiZu9pWg584yHjNCqEpump,2026-09-14T10:03:57.476000Z,2026-09-14T09:59:02Z,295.476,pump.fun
The GIGA Doge,つむぎ,F41TwidZvJJcsx9c2BMwS6eH9W6HcUT4LzPmGvK9WU6N,2026-09-15T12:36:30.159000Z,2026-09-15T12:30:52Z,338.159,pump.fun
The Greater Fool Theory,FOOL,5nnWe5SCBaNMC3oNiR7utth6kx3mH1dhmCarjDb91shW,2026-09-15T15:24:33.367000Z,2026-09-15T15:21:49Z,164.367,pump.fun
🟢,🟢,dy6zeSw9j2zHprXLwk1uUGAD4d2HF5R3pAFrL6bRAKs,2026-09-15T16:08:34.584000Z,2026-09-15T16:02:08Z,386.584,pump.fun
vibedog,vibedog,2Tiw1Tna3kAut868cjXuKoyrv8U8gi1YjTaXw7Czpump,2026-09-15T16:34:54.372000Z,2026-09-15T16:33:02Z,112.372,pump.fun
Act Now Or Never,ANON,9ek8utEujXFmiM9wXcWKPF18y57PmeG8rsiBZGzzpump,2026-09-15T17:25:52.813000Z,2026-09-15T17:23:25.999000Z,146.814,pump.fun
Dumbocrat,Dumbocrat,4ZUjJ5EJbwfh7teotB29uHc1SC3SiqbrkwJoNgsxibbU,2026-09-15T20:01:15.679000Z,2026-09-15T19:57:54Z,201.679,pump.fun
clocked inu,clockinu,DkDwxjD5JFK7hd7qUNHqNaTeqDGcZ1ia3Y6E7EUiehEn,2026-09-16T13:40:29.962000Z,2026-09-16T13:26:48Z,821.962,pump.fun
Emo Drake,Drake,AgB5SxiP1DFZbW9uDAH7s8Mhv1HF21nJv67tnAAYpump,2026-09-16T13:54:59.303000Z,2026-09-16T13:53:15Z,104.303,pump.fun
spy dog,spy,Er5RuNhTEwJH5dHv9c3YGATjgkLCETH4dKazntyWEtXY,2026-09-17T13:02:15.307000Z,2026-09-17T12:59:45Z,150.307,pump.fun
PUMPFUN ACHIEVEMENTS,ACHIEVEMENTS,CziyAr14UNUrfkxpioWSumkLXMwWnDWN2bu2WR5ao7kc,2026-09-17T13:51:20.917000Z,2026-09-17T13:44:36Z,404.917,pump.fun
feecat,feecat,omskHvyNvQSn3PFak3E8JHQJeSVJFsrc6izWT12pump,2026-09-17T14:59:37.101000Z,2026-09-17T14:55:59Z,218.101,pump.fun
Normie coin,Normie,3uYT8w1FxasDGmM4WDG5kXu6D9BGvyP3iEfPJEVb6ewT,2026-09-17T16:23:30.568000Z,2026-09-17T16:21:11Z,139.568,pump.fun
honse,honse,BZYpLHhui3qRNokWFg2JcX8CYtMqzWHR5R4xowjcbPqh,2026-09-19T14:36:26.297000Z,2026-09-19T14:35:31Z,55.297,pump.fun
acornelius,ACORNELIUS,9xhMStAAufkH5jA5nevaGy6M9fCsQ74BZnsXyo93DkfA,2026-09-19T15:15:06.580000Z,2026-09-19T15:12:24Z,162.58,pump.fun
buy and forget,goldfish,55bKo8bj1YVEgsbwkkd4Nwu7JhaZF9trUgbvpZ3YeVCA,2026-09-21T11:18:29.452000Z,2026-09-21T11:14:14Z,255.452,pump.fun
Larp Final Boss,TIMUR,ASftCNtzPNmK3nMDvpQNvpLauKS45Vkq7kwTPutqUBL1,2026-09-22T12:42:42.368000Z,2026-09-22T12:32:08Z,634.368,pump.fun
The Giga Dog,Pochi,2iSB473Z7L2ndpWs3n22tb7H3KSGpswDTH3jP7qCCAZT,2026-09-22T14:29:44.962000Z,2026-09-22T14:10:03Z,1181.962,pump.fun
Trust The Plan,PLAN,47r9YPDeTVpwHjAakoVgnzNTJRChXC8f4KSUqMbEsBbM,2026-09-22T20:55:31.809000Z,2026-09-22T20:53:19Z,132.809,pump.fun
gigacat,GIGACAT,GKTxLXsmkjLDo89XmPa5htwK7sAzdqZ3jmfV6gaTvK67,2026-09-23T12:25:15.049000Z,2026-09-23T12:23:39Z,96.049,pump.fun
auracat,AURACAT,21XJbyQWEhmeoxKRHdGrEjetSfHopvtp68LWzdvT471M,2026-09-23T15:55:17.758000Z,2026-09-23T15:50:35Z,282.758,pump.fun
Ban Artificial Superintelligence,ACTX,GfqKCwNeAdHHi97AmgCLP5qrwcSJRDdyZ1huiU6xUXTz,2026-09-23T16:31:50.164000Z,2026-09-23T16:30:17Z,93.164,pump.fun
Honky Chonk Beardonkadonk⁣⁣,CHONK,5pSEZw1iytqYznD7crsGyKNek7q5JkjBqj2KmfqxUVZd,2026-09-24T16:48:46.328000Z,2026-09-24T16:46:14Z,152.328,pump.fun
Rowdy The Skatedog,Rowdy,3f8CKfznVUGrFfhcq8ZBY9M1xyDeEQGrh6iH372h3ebN,2026-09-25T16:11:52.883000Z,2026-09-25T16:10:22Z,90.883,pump.fun
Never Kill Yourself,NEVER,69N7rm9nnp6sVoULtp5toD26F25rYum8593GupxkUYvH,2026-09-26T12:46:09.362000Z,2026-09-26T12:42:33Z,216.362,pump.fun
Return To Memes,Memes,7dACCWZXF4Lr9ftxFpi7TJk7a3hcPpUwGPAcTuXDpump,2026-09-28T18:54:14.624000Z,2026-09-28T18:52:37Z,97.624,pump.fun
Bling Bling Boy,BBB,rMPLDvnn6KR773WNhZvtFNcgFwnRkc7UbPkUaiMpump,2026-09-29T11:32:26.347000Z,2026-09-29T11:15:11Z,1035.347,pump.fun
Optimistic Drake,DRAKE,25GrKYrc3y4LZmmuhppYgFRCKb7JyZ6grum4WhLYvA1z,2026-09-29T12:43:30.551000Z,2026-09-29T12:41:07Z,143.551,pump.fun
Ricky Martin,MARTIN,49aM4HrGABwG9F8iAn385zzcsS6mxHEFY8YN3H7y1Cd9,2026-09-29T16:00:36.969000Z,2026-09-29T15:56:39Z,237.969,pump.fun
The Herzogian Ethos,HERZOGIAN,5Sg1vv51KGCSDF2gBHgbNATCEXFjYtVhWgztNUwtgJYD,2026-09-30T13:42:22.120000Z,2026-09-30T13:38:55Z,207.12,pump.fun
Generational Crashout,JADOODOO,DJejJn1iJntJVTAixy4VRgqJFF3NMKPEMgVzbJFmpump,2026-09-30T15:44:35.892000Z,2026-09-30T15:42:55Z,100.892,pump.fun
Special Inu,SI,BE5ciZmcADAX78u2a1GrFiPMPC3rNXtdPGUrhzWB4k5d,2026-10-01T13:07:06.421000Z,2026-10-01T13:05:43Z,83.421,pump.fun
breastcoin,BTC,8ypYfW5cjafrfAZij8TZj5SFHAbPNpiRio96LMzypDkn,2026-10-01T13:50:09.782000Z,2026-10-01T13:47:21Z,168.782,pump.fun
BearCatMonkey,Binturong,UsrcsZMqw6p53Fohu16UCBjsbjqc73XmoRFZDcnCtMR,2026-10-02T15:42:16.079000Z,2026-10-02T15:39:35Z,161.079,pump.fun
badly illustrated dog,bid,EHUzmwAzmUix7TkwVr7b16U9ChJDr3RpjfXshR5swy5j,2026-10-02T18:38:13.101000Z,2026-10-02T18:34:24Z,229.101,pump.fun
Justice For Knox,Knox,6akNLpNd11oq4q5zxhXGwr5jwUi6Ke4CvKmF6QeUwJCQ,2026-10-03T14:59:45.073000Z,2026-10-03T14:56:15Z,210.073,pump.fun
Somali Pirate Game ,Somalia,G9r7nnHSgvb7LUfCE8kavRaKokEMMYBjVHGKvQ6dpump,2026-10-03T16:22:05.285000Z,2026-10-03T16:07:46Z,859.285,pump.fun
Artificial Inufluencer,AI,9PNfxvTARzdxvQas2uknW57bnfMCS1dxW1He7rPbuhuQ,2026-10-03T17:58:58.595000Z,2026-10-03T17:57:24Z,94.595,pump.fun
AlxCooks,AlxCooks,6XD1vorwquLXjTSL5W4MJMGewZBeiEcPFmZw527TSwva,2026-10-03T19:11:00.378000Z,2026-10-03T19:09:15Z,105.378,pump.fun
quarantinu,quarantinu,H8oe2SCksJcYzhPeS4TsbteusgZW5k7QaZ4boKyq8C7U,2026-10-05T10:34:23.488000Z,2026-10-05T10:27:39Z,404.488,pump.fun
KittenWifHat,KWIF,57ANN8dAbPX8x1BEFFwzBttkzwpKZBEiJkdiWSzVNQvS,2026-10-05T13:18:59.802000Z,2026-10-05T13:16:28Z,151.802,pump.fun
Corps Lance Cpl. Bruno,BRUNO,7HiD5rzoZxAYXEJ8Z4t3WgM8VE1iSKWJdxPPyEdDNzwN,2026-10-05T17:59:58.381000Z,2026-10-05T17:57:27Z,151.381,pump.fun
Prophet of Doom,Craig,5o43e7gYZWFNEpdqkegHY6LXkhMXB1z6f7d6TAVGEMTM,2026-10-06T10:54:04.554000Z,2026-10-06T10:51:38Z,146.554,pump.fun
dabcat,dabcat,5EZ7yagvcsHcwH3e17khLwGzhFrCsx7CKS7ZN6J6i4Lh,2026-10-06T11:35:32.206000Z,2026-10-06T11:24:04Z,688.206,pump.fun
MEMETARD,MEMETARD,7mRDn1rAqjwFQXacodr1UmkNdvAGPbtNP9k5jvBZqt9J,2026-10-06T12:47:37.481000Z,2026-10-06T12:46:37Z,60.481,pump.fun
