wallet,mint,symbol,sale_signature,sale_timestamp,destination,amount_sol,cleanup_timestamp,seconds_after_sale,cleanup_signature,destination_event_count,destination_hidden_wallet_count,caller_interaction_count,destination_latest_inbound_records,destination_latest_unique_sources,service_like,caller_link_class
Bi4rd5FH5bYEN8scZ7wevxNZyNmKHdaBcvewdPFxYdLt,5pSEZw1iytqYznD7crsGyKNek7q5JkjBqj2KmfqxUVZd,CHONK,5Qbc8wDtm6BB5CtxbSzKoGEuzSJFHqRfAuYSoJk9s8ULxHVEsfC7eaGHQ15kTMhu9Xw7KczGKo7SbDdgaUJCTrLp,2026-09-24T16:53:09Z,AYw8eTL3wRbjXCk6yAHC63Kyt3XYo6svuxG2PeTEYS2n,3.0,2026-09-24T17:02:14Z,545,32qp35pUryRUDttXNoSRkx8DNyJRv2u2fDit1CA9Vp4BxadiwNU26BUfbZMm6t3gBQpsUV9ENwsdzvYKJFaPG9j8,132,1,0,0,0,False,NO_CALLER_LINK
Bi4rd5FH5bYEN8scZ7wevxNZyNmKHdaBcvewdPFxYdLt,5pSEZw1iytqYznD7crsGyKNek7q5JkjBqj2KmfqxUVZd,CHONK,5Qbc8wDtm6BB5CtxbSzKoGEuzSJFHqRfAuYSoJk9s8ULxHVEsfC7eaGHQ15kTMhu9Xw7KczGKo7SbDdgaUJCTrLp,2026-09-24T16:53:09Z,AYw8eTL3wRbjXCk6yAHC63Kyt3XYo6svuxG2PeTEYS2n,0.26,2026-09-24T17:02:15Z,546,2Xfyb7hx9ffKHbpLK7fDiGU1uTjhuXFkHWcdCKoJ8opknTf39i2M38N4nWqGLwZmGRC95V93UYbjHC6GWqCduZfs,132,1,0,0,0,False,NO_CALLER_LINK
Bi4rd5FH5bYEN8scZ7wevxNZyNmKHdaBcvewdPFxYdLt,5pSEZw1iytqYznD7crsGyKNek7q5JkjBqj2KmfqxUVZd,CHONK,5Qbc8wDtm6BB5CtxbSzKoGEuzSJFHqRfAuYSoJk9s8ULxHVEsfC7eaGHQ15kTMhu9Xw7KczGKo7SbDdgaUJCTrLp,2026-09-24T16:53:09Z,AYw8eTL3wRbjXCk6yAHC63Kyt3XYo6svuxG2PeTEYS2n,0.26,2026-09-24T17:02:15Z,546,4jx9pTYz8k4C4Ye7Gnr5h4geRHvErhJg4LPbRBaBCXXbAXRGfcst72SBq5ANX9KyphUQbuRQ5aQ9PEdqozRR9zEB,132,1,0,0,0,False,NO_CALLER_LINK
Bi4rd5FH5bYEN8scZ7wevxNZyNmKHdaBcvewdPFxYdLt,5pSEZw1iytqYznD7crsGyKNek7q5JkjBqj2KmfqxUVZd,CHONK,5Qbc8wDtm6BB5CtxbSzKoGEuzSJFHqRfAuYSoJk9s8ULxHVEsfC7eaGHQ15kTMhu9Xw7KczGKo7SbDdgaUJCTrLp,2026-09-24T16:53:09Z,AYw8eTL3wRbjXCk6yAHC63Kyt3XYo6svuxG2PeTEYS2n,0.727439143,2026-09-24T17:02:24Z,555,2gzCoa5HtryDWH7c8iujd6ju6T7Yaf3r7oW2vuC9wesCnEwWxSCwrAZ5mU6YVvg9HdGzCpWAsdjy9qLQs4sJ5mAc,132,1,0,0,0,False,NO_CALLER_LINK
Bi4rd5FH5bYEN8scZ7wevxNZyNmKHdaBcvewdPFxYdLt,5pSEZw1iytqYznD7crsGyKNek7q5JkjBqj2KmfqxUVZd,CHONK,5Qbc8wDtm6BB5CtxbSzKoGEuzSJFHqRfAuYSoJk9s8ULxHVEsfC7eaGHQ15kTMhu9Xw7KczGKo7SbDdgaUJCTrLp,2026-09-24T16:53:09Z,AYw8eTL3wRbjXCk6yAHC63Kyt3XYo6svuxG2PeTEYS2n,0.076641967,2026-09-24T17:02:26Z,557,2fvP8Y85WzojVNoSwhd47thUQkZ4tg5VmcZWheMpHWHMQdhEn7mnenY9PqwUEVmYkpDMCSQUmhFMhHjLJNc46WFk,132,1,0,0,0,False,NO_CALLER_LINK
Bi4rd5FH5bYEN8scZ7wevxNZyNmKHdaBcvewdPFxYdLt,5pSEZw1iytqYznD7crsGyKNek7q5JkjBqj2KmfqxUVZd,CHONK,5Qbc8wDtm6BB5CtxbSzKoGEuzSJFHqRfAuYSoJk9s8ULxHVEsfC7eaGHQ15kTMhu9Xw7KczGKo7SbDdgaUJCTrLp,2026-09-24T16:53:09Z,AYw8eTL3wRbjXCk6yAHC63Kyt3XYo6svuxG2PeTEYS2n,0.095752811,2026-09-24T17:02:26Z,557,4uaeHLMEedjzH624FFeHDNd4jrZVP2NS2SPLjHUheanRE7zazAKjwmEQPYTZZQpZASpKvVKpZsPS7kALJgMGhrmy,132,1,0,0,0,False,NO_CALLER_LINK
Bi4rd5FH5bYEN8scZ7wevxNZyNmKHdaBcvewdPFxYdLt,5pSEZw1iytqYznD7crsGyKNek7q5JkjBqj2KmfqxUVZd,CHONK,5Qbc8wDtm6BB5CtxbSzKoGEuzSJFHqRfAuYSoJk9s8ULxHVEsfC7eaGHQ15kTMhu9Xw7KczGKo7SbDdgaUJCTrLp,2026-09-24T16:53:09Z,AYw8eTL3wRbjXCk6yAHC63Kyt3XYo6svuxG2PeTEYS2n,0.066670679,2026-09-24T17:02:40Z,571,5h6pe9Ahxmxx6nXQq4Mp9YUuEySvyPEzr3fmTP2SaqSm6HoLvZ5Trn9Yoq4bvCzAV2Q6dvQDSxbDRpa8aZ4MutAS,132,1,0,0,0,False,NO_CALLER_LINK
Bi4rd5FH5bYEN8scZ7wevxNZyNmKHdaBcvewdPFxYdLt,5pSEZw1iytqYznD7crsGyKNek7q5JkjBqj2KmfqxUVZd,CHONK,5Qbc8wDtm6BB5CtxbSzKoGEuzSJFHqRfAuYSoJk9s8ULxHVEsfC7eaGHQ15kTMhu9Xw7KczGKo7SbDdgaUJCTrLp,2026-09-24T16:53:09Z,AYw8eTL3wRbjXCk6yAHC63Kyt3XYo6svuxG2PeTEYS2n,0.089471808,2026-09-24T17:02:40Z,571,4hYPBHNG9wrSisViwSNEUFzNATnJNTcHB85azx5DjDfQqskiL9dPMgYZs3PR9WeV3JTqjPexxYpEG1EGAEAgkY1k,132,1,0,0,0,False,NO_CALLER_LINK
Bi4rd5FH5bYEN8scZ7wevxNZyNmKHdaBcvewdPFxYdLt,5pSEZw1iytqYznD7crsGyKNek7q5JkjBqj2KmfqxUVZd,CHONK,5Qbc8wDtm6BB5CtxbSzKoGEuzSJFHqRfAuYSoJk9s8ULxHVEsfC7eaGHQ15kTMhu9Xw7KczGKo7SbDdgaUJCTrLp,2026-09-24T16:53:09Z,AYw8eTL3wRbjXCk6yAHC63Kyt3XYo6svuxG2PeTEYS2n,0.100302265,2026-09-24T17:02:43Z,574,J5ozUw63A5cSjfunc8D2DRJ1FA8dqSKL4ostsiqU1hq166wvTEeGX1iUeH3MjpQj7BQK7ecVt4URKcfoKAWjBPd,132,1,0,0,0,False,NO_CALLER_LINK
Bi4rd5FH5bYEN8scZ7wevxNZyNmKHdaBcvewdPFxYdLt,5pSEZw1iytqYznD7crsGyKNek7q5JkjBqj2KmfqxUVZd,CHONK,5Qbc8wDtm6BB5CtxbSzKoGEuzSJFHqRfAuYSoJk9s8ULxHVEsfC7eaGHQ15kTMhu9Xw7KczGKo7SbDdgaUJCTrLp,2026-09-24T16:53:09Z,AYw8eTL3wRbjXCk6yAHC63Kyt3XYo6svuxG2PeTEYS2n,0.110399574,2026-09-24T17:02:43Z,574,2xMW9Hv4roDcVhPkiE7t7KCdQyy3tsTcCnEVv7D8NX8aRzvstV3WbES2tmrsA1eNotrBkhkPguaY7RAQ85Kf8WWj,132,1,0,0,0,False,NO_CALLER_LINK
Bi4rd5FH5bYEN8scZ7wevxNZyNmKHdaBcvewdPFxYdLt,5pSEZw1iytqYznD7crsGyKNek7q5JkjBqj2KmfqxUVZd,CHONK,5Qbc8wDtm6BB5CtxbSzKoGEuzSJFHqRfAuYSoJk9s8ULxHVEsfC7eaGHQ15kTMhu9Xw7KczGKo7SbDdgaUJCTrLp,2026-09-24T16:53:09Z,AYw8eTL3wRbjXCk6yAHC63Kyt3XYo6svuxG2PeTEYS2n,0.091452145,2026-09-24T17:03:23Z,614,4TtGWxZ9rDdx2QNHmcfwseu28Bq819FDYv9thBtVuXo9oWmkzqgrjhSKzGPsKyn8qfvZ74Zow84PBrE4dzDC6oiH,132,1,0,0,0,False,NO_CALLER_LINK
Bi4rd5FH5bYEN8scZ7wevxNZyNmKHdaBcvewdPFxYdLt,5pSEZw1iytqYznD7crsGyKNek7q5JkjBqj2KmfqxUVZd,CHONK,5Qbc8wDtm6BB5CtxbSzKoGEuzSJFHqRfAuYSoJk9s8ULxHVEsfC7eaGHQ15kTMhu9Xw7KczGKo7SbDdgaUJCTrLp,2026-09-24T16:53:09Z,AYw8eTL3wRbjXCk6yAHC63Kyt3XYo6svuxG2PeTEYS2n,3.0,2026-09-24T17:17:14Z,1445,2e8jDrLYXb1ESsZRH6UpC1fwk4CZ8Twapnz6t7vXnxyVFTxXhc7yFZreKmJqnXxpKZEcNG12G6SRyHEFXkhxdyL3,132,1,0,0,0,False,NO_CALLER_LINK
Bi4rd5FH5bYEN8scZ7wevxNZyNmKHdaBcvewdPFxYdLt,5pSEZw1iytqYznD7crsGyKNek7q5JkjBqj2KmfqxUVZd,CHONK,5Qbc8wDtm6BB5CtxbSzKoGEuzSJFHqRfAuYSoJk9s8ULxHVEsfC7eaGHQ15kTMhu9Xw7KczGKo7SbDdgaUJCTrLp,2026-09-24T16:53:09Z,AYw8eTL3wRbjXCk6yAHC63Kyt3XYo6svuxG2PeTEYS2n,5.0,2026-09-24T18:06:53Z,4424,63eNfwsGnvSVT7YANHdcMtHmtWsraSNrEun2KhTB12GUcAJkKPpitffwQcjLienLewEuHNk46wT9vtSGqdDqLRmt,132,1,0,0,0,False,NO_CALLER_LINK
Bi4rd5FH5bYEN8scZ7wevxNZyNmKHdaBcvewdPFxYdLt,5pSEZw1iytqYznD7crsGyKNek7q5JkjBqj2KmfqxUVZd,CHONK,5Qbc8wDtm6BB5CtxbSzKoGEuzSJFHqRfAuYSoJk9s8ULxHVEsfC7eaGHQ15kTMhu9Xw7KczGKo7SbDdgaUJCTrLp,2026-09-24T16:53:09Z,dBhdrmwBkRa66XxBuAK4WZeZnsZ6bHeHCCLXa3a8bTJ,0.05,2026-09-24T18:06:53Z,4424,63eNfwsGnvSVT7YANHdcMtHmtWsraSNrEun2KhTB12GUcAJkKPpitffwQcjLienLewEuHNk46wT9vtSGqdDqLRmt,3,1,0,100,80,True,NO_CALLER_LINK
Bi4rd5FH5bYEN8scZ7wevxNZyNmKHdaBcvewdPFxYdLt,5pSEZw1iytqYznD7crsGyKNek7q5JkjBqj2KmfqxUVZd,CHONK,5Qbc8wDtm6BB5CtxbSzKoGEuzSJFHqRfAuYSoJk9s8ULxHVEsfC7eaGHQ15kTMhu9Xw7KczGKo7SbDdgaUJCTrLp,2026-09-24T16:53:09Z,AYw8eTL3wRbjXCk6yAHC63Kyt3XYo6svuxG2PeTEYS2n,0.26,2026-09-24T18:07:39Z,4470,dsm6VVd7reajVan5uuAFTWypDe9rAXoQvW556s6h2mmF5s6ST5ZynH21QPpsofw9iTc648f5e5o6Ne4tP6whhtP,132,1,0,0,0,False,NO_CALLER_LINK
Bi4rd5FH5bYEN8scZ7wevxNZyNmKHdaBcvewdPFxYdLt,5pSEZw1iytqYznD7crsGyKNek7q5JkjBqj2KmfqxUVZd,CHONK,5Qbc8wDtm6BB5CtxbSzKoGEuzSJFHqRfAuYSoJk9s8ULxHVEsfC7eaGHQ15kTMhu9Xw7KczGKo7SbDdgaUJCTrLp,2026-09-24T16:53:09Z,AYw8eTL3wRbjXCk6yAHC63Kyt3XYo6svuxG2PeTEYS2n,0.26,2026-09-24T18:07:39Z,4470,5FotgLY8FnJaRbSNGgaugfJt369ejaX1fCc5TrprAwdKS7fcv1acNjaq2XEQa2axBj9gqgX9qU32a7GBj5CTyXRd,132,1,0,0,0,False,NO_CALLER_LINK
Bi4rd5FH5bYEN8scZ7wevxNZyNmKHdaBcvewdPFxYdLt,5pSEZw1iytqYznD7crsGyKNek7q5JkjBqj2KmfqxUVZd,CHONK,5Qbc8wDtm6BB5CtxbSzKoGEuzSJFHqRfAuYSoJk9s8ULxHVEsfC7eaGHQ15kTMhu9Xw7KczGKo7SbDdgaUJCTrLp,2026-09-24T16:53:09Z,3t9EKmRiAUcQUYzTZpNojzeGP1KBAVEEbDNmy6wECQpK,0.051438793,2026-09-24T18:08:42Z,4533,3L6ZRkChvC3j7houfE2UErk7rgVoi9toKp4kfWpv5dKFYnveazG3QwDs4CvuxQHdeahUZV4MXjMsngTNg4cmMSj5,3,1,0,100,83,True,NO_CALLER_LINK
Bi4rd5FH5bYEN8scZ7wevxNZyNmKHdaBcvewdPFxYdLt,5pSEZw1iytqYznD7crsGyKNek7q5JkjBqj2KmfqxUVZd,CHONK,5Qbc8wDtm6BB5CtxbSzKoGEuzSJFHqRfAuYSoJk9s8ULxHVEsfC7eaGHQ15kTMhu9Xw7KczGKo7SbDdgaUJCTrLp,2026-09-24T16:53:09Z,AYw8eTL3wRbjXCk6yAHC63Kyt3XYo6svuxG2PeTEYS2n,3.0,2026-09-24T18:20:15Z,5226,2rtx791zcHEAQCqMGGRuokSnjEq6pKQnigwNb3hGVscgLtCMEW8a6jJzmrHXyzQ9mdAyz5YPFpSoHpXL1hiJ72B4,132,1,0,0,0,False,NO_CALLER_LINK
Bi4rd5FH5bYEN8scZ7wevxNZyNmKHdaBcvewdPFxYdLt,5pSEZw1iytqYznD7crsGyKNek7q5JkjBqj2KmfqxUVZd,CHONK,5Qbc8wDtm6BB5CtxbSzKoGEuzSJFHqRfAuYSoJk9s8ULxHVEsfC7eaGHQ15kTMhu9Xw7KczGKo7SbDdgaUJCTrLp,2026-09-24T16:53:09Z,AYw8eTL3wRbjXCk6yAHC63Kyt3XYo6svuxG2PeTEYS2n,0.26,2026-09-24T18:20:16Z,5227,51Ch7353gi25KNMX7jn3F1BefFJwCwBKP9gjc7uQDf1sP8WvQUYSAhDH86wmgipDmGWhhkhQZMrModpLveuddYaE,132,1,0,0,0,False,NO_CALLER_LINK
Bi4rd5FH5bYEN8scZ7wevxNZyNmKHdaBcvewdPFxYdLt,5pSEZw1iytqYznD7crsGyKNek7q5JkjBqj2KmfqxUVZd,CHONK,5Qbc8wDtm6BB5CtxbSzKoGEuzSJFHqRfAuYSoJk9s8ULxHVEsfC7eaGHQ15kTMhu9Xw7KczGKo7SbDdgaUJCTrLp,2026-09-24T16:53:09Z,AYw8eTL3wRbjXCk6yAHC63Kyt3XYo6svuxG2PeTEYS2n,0.26,2026-09-24T18:20:17Z,5228,2L5PscfbGYMd4A4Uge7hKyQBQr5ggyEiFyR8sgJgLiqjTp9ypvJ3n3nKDd5MaGnnBBfmNyTZL9qoovLGve5npquP,132,1,0,0,0,False,NO_CALLER_LINK
Bi4rd5FH5bYEN8scZ7wevxNZyNmKHdaBcvewdPFxYdLt,5pSEZw1iytqYznD7crsGyKNek7q5JkjBqj2KmfqxUVZd,CHONK,5Qbc8wDtm6BB5CtxbSzKoGEuzSJFHqRfAuYSoJk9s8ULxHVEsfC7eaGHQ15kTMhu9Xw7KczGKo7SbDdgaUJCTrLp,2026-09-24T16:53:09Z,AYw8eTL3wRbjXCk6yAHC63Kyt3XYo6svuxG2PeTEYS2n,0.26,2026-09-24T18:20:35Z,5246,33VisoUp7LNJDJJYqJCXLThSLjX1rez4zFHYu9MeDk2mNKibPiRr4hMPtJpxiGxLTq2A6c7YHeZLednuhTxNEbPB,132,1,0,0,0,False,NO_CALLER_LINK
Bi4rd5FH5bYEN8scZ7wevxNZyNmKHdaBcvewdPFxYdLt,5pSEZw1iytqYznD7crsGyKNek7q5JkjBqj2KmfqxUVZd,CHONK,5Qbc8wDtm6BB5CtxbSzKoGEuzSJFHqRfAuYSoJk9s8ULxHVEsfC7eaGHQ15kTMhu9Xw7KczGKo7SbDdgaUJCTrLp,2026-09-24T16:53:09Z,AYw8eTL3wRbjXCk6yAHC63Kyt3XYo6svuxG2PeTEYS2n,3.0,2026-09-24T18:28:40Z,5731,3zC8bZqCByBqkHpFQrSi6pHcFujH8cKTvgQrdtF1PQEGk5rLT847QK5EFabmeeQX81mqmtbU4jaDknJJTvVHPeHA,132,1,0,0,0,False,NO_CALLER_LINK
Bi4rd5FH5bYEN8scZ7wevxNZyNmKHdaBcvewdPFxYdLt,5pSEZw1iytqYznD7crsGyKNek7q5JkjBqj2KmfqxUVZd,CHONK,5Qbc8wDtm6BB5CtxbSzKoGEuzSJFHqRfAuYSoJk9s8ULxHVEsfC7eaGHQ15kTMhu9Xw7KczGKo7SbDdgaUJCTrLp,2026-09-24T16:53:09Z,AYw8eTL3wRbjXCk6yAHC63Kyt3XYo6svuxG2PeTEYS2n,0.26,2026-09-24T18:28:41Z,5732,3BWWe1evRtEkepoi3N12dfqp5uMrVwsDkyx6WeQGCeXbAxGpVToTmKbd7KVqFrN7aeFWZeMnvi4PX7QpGXiaG34J,132,1,0,0,0,False,NO_CALLER_LINK
Bi4rd5FH5bYEN8scZ7wevxNZyNmKHdaBcvewdPFxYdLt,5pSEZw1iytqYznD7crsGyKNek7q5JkjBqj2KmfqxUVZd,CHONK,5Qbc8wDtm6BB5CtxbSzKoGEuzSJFHqRfAuYSoJk9s8ULxHVEsfC7eaGHQ15kTMhu9Xw7KczGKo7SbDdgaUJCTrLp,2026-09-24T16:53:09Z,AYw8eTL3wRbjXCk6yAHC63Kyt3XYo6svuxG2PeTEYS2n,0.26,2026-09-24T18:28:41Z,5732,3Zm2eTCB4N7aq2bzt1LNTNZuSQnNRdSkxKRLYu7uGp9hvug3hAewFwXyxSw4rfqrYeM8t77PvYiy7pEmksmceEb2,132,1,0,0,0,False,NO_CALLER_LINK
Bi4rd5FH5bYEN8scZ7wevxNZyNmKHdaBcvewdPFxYdLt,5pSEZw1iytqYznD7crsGyKNek7q5JkjBqj2KmfqxUVZd,CHONK,5Qbc8wDtm6BB5CtxbSzKoGEuzSJFHqRfAuYSoJk9s8ULxHVEsfC7eaGHQ15kTMhu9Xw7KczGKo7SbDdgaUJCTrLp,2026-09-24T16:53:09Z,AYw8eTL3wRbjXCk6yAHC63Kyt3XYo6svuxG2PeTEYS2n,0.26,2026-09-24T18:28:51Z,5742,5yxP93h8A7JN6RR79wMhskdteWSujFUsnMEF9t5Sgr17p4euppY2sZfyF3BqcLFmcr9FnxDA87hUrCVMLpA3aWfp,132,1,0,0,0,False,NO_CALLER_LINK
Bi4rd5FH5bYEN8scZ7wevxNZyNmKHdaBcvewdPFxYdLt,5pSEZw1iytqYznD7crsGyKNek7q5JkjBqj2KmfqxUVZd,CHONK,5Qbc8wDtm6BB5CtxbSzKoGEuzSJFHqRfAuYSoJk9s8ULxHVEsfC7eaGHQ15kTMhu9Xw7KczGKo7SbDdgaUJCTrLp,2026-09-24T16:53:09Z,AYw8eTL3wRbjXCk6yAHC63Kyt3XYo6svuxG2PeTEYS2n,3.0,2026-09-24T19:20:47Z,8858,2XM5zV43WUsnVcNmTNqM6FpMiV8wRVtXsguJA6j2WY9cEbpaPSGi2E7AVMrBGGcDjkUzQByVPEVY7omcqPySJT3s,132,1,0,0,0,False,NO_CALLER_LINK
Bi4rd5FH5bYEN8scZ7wevxNZyNmKHdaBcvewdPFxYdLt,5pSEZw1iytqYznD7crsGyKNek7q5JkjBqj2KmfqxUVZd,CHONK,5Qbc8wDtm6BB5CtxbSzKoGEuzSJFHqRfAuYSoJk9s8ULxHVEsfC7eaGHQ15kTMhu9Xw7KczGKo7SbDdgaUJCTrLp,2026-09-24T16:53:09Z,AYw8eTL3wRbjXCk6yAHC63Kyt3XYo6svuxG2PeTEYS2n,0.26,2026-09-24T19:20:48Z,8859,4AuA2jtDgs585XDiDzbncpSrXpNUYRyMEU89pjksmU51ooKaCsWF6BqcE93oGEf1jGR3TsQzzJQoiENcoBhvzmAK,132,1,0,0,0,False,NO_CALLER_LINK
Bi4rd5FH5bYEN8scZ7wevxNZyNmKHdaBcvewdPFxYdLt,5pSEZw1iytqYznD7crsGyKNek7q5JkjBqj2KmfqxUVZd,CHONK,5Qbc8wDtm6BB5CtxbSzKoGEuzSJFHqRfAuYSoJk9s8ULxHVEsfC7eaGHQ15kTMhu9Xw7KczGKo7SbDdgaUJCTrLp,2026-09-24T16:53:09Z,AYw8eTL3wRbjXCk6yAHC63Kyt3XYo6svuxG2PeTEYS2n,0.26,2026-09-24T19:20:48Z,8859,2i5LMpLVbqAoxQEsCCoLetXE3oc4tzt98YwyAxu5RVAwGaCmgPuK3vu4c2hia2KTa3mfE7WwY12KujFD1AC2hacB,132,1,0,0,0,False,NO_CALLER_LINK
Bi4rd5FH5bYEN8scZ7wevxNZyNmKHdaBcvewdPFxYdLt,5pSEZw1iytqYznD7crsGyKNek7q5JkjBqj2KmfqxUVZd,CHONK,5Qbc8wDtm6BB5CtxbSzKoGEuzSJFHqRfAuYSoJk9s8ULxHVEsfC7eaGHQ15kTMhu9Xw7KczGKo7SbDdgaUJCTrLp,2026-09-24T16:53:09Z,AYw8eTL3wRbjXCk6yAHC63Kyt3XYo6svuxG2PeTEYS2n,0.26,2026-09-24T19:21:00Z,8871,vCL6jEVEWoNGjqAsggZycCWGfzh9VwJk3yjLtCLcaZjyKxdUPqphDEADRFTyHP7eVZVFA1pj6GzEJmc7P4LcNv4,132,1,0,0,0,False,NO_CALLER_LINK
Bi4rd5FH5bYEN8scZ7wevxNZyNmKHdaBcvewdPFxYdLt,5pSEZw1iytqYznD7crsGyKNek7q5JkjBqj2KmfqxUVZd,CHONK,5Qbc8wDtm6BB5CtxbSzKoGEuzSJFHqRfAuYSoJk9s8ULxHVEsfC7eaGHQ15kTMhu9Xw7KczGKo7SbDdgaUJCTrLp,2026-09-24T16:53:09Z,AYw8eTL3wRbjXCk6yAHC63Kyt3XYo6svuxG2PeTEYS2n,0.26,2026-09-24T19:21:38Z,8909,48jR8ep6HHMySvpWD8gPiRgiChFJ6d6THaaVhR4kpTqgVxAY3uRvm9K9TxenJ5NbygnCKSjAiw33YuTa7ZfJ9iYv,132,1,0,0,0,False,NO_CALLER_LINK
Bi4rd5FH5bYEN8scZ7wevxNZyNmKHdaBcvewdPFxYdLt,5pSEZw1iytqYznD7crsGyKNek7q5JkjBqj2KmfqxUVZd,CHONK,5Qbc8wDtm6BB5CtxbSzKoGEuzSJFHqRfAuYSoJk9s8ULxHVEsfC7eaGHQ15kTMhu9Xw7KczGKo7SbDdgaUJCTrLp,2026-09-24T16:53:09Z,3t9EKmRiAUcQUYzTZpNojzeGP1KBAVEEbDNmy6wECQpK,0.05,2026-09-24T19:40:21Z,10032,4hkGixKDMFtDTbLbfuzxuznExnbrwWwNP5XjHZvwkHv1FcEF8Sma84wUvSwYE6oX2LMLJmzkW9nsjcaFntzqbexi,3,1,0,100,83,True,NO_CALLER_LINK
Bi4rd5FH5bYEN8scZ7wevxNZyNmKHdaBcvewdPFxYdLt,5pSEZw1iytqYznD7crsGyKNek7q5JkjBqj2KmfqxUVZd,CHONK,5Qbc8wDtm6BB5CtxbSzKoGEuzSJFHqRfAuYSoJk9s8ULxHVEsfC7eaGHQ15kTMhu9Xw7KczGKo7SbDdgaUJCTrLp,2026-09-24T16:53:09Z,AYw8eTL3wRbjXCk6yAHC63Kyt3XYo6svuxG2PeTEYS2n,3.0,2026-09-24T19:42:39Z,10170,5ShiynxaRu5DWJq94qUUQJxitLt3CAezUTo1j44MAitCBXZfkkg4vKDNZcDuqLE5TBcKpjVTTeiCKY61xYbWXzcF,132,1,0,0,0,False,NO_CALLER_LINK
Bi4rd5FH5bYEN8scZ7wevxNZyNmKHdaBcvewdPFxYdLt,5pSEZw1iytqYznD7crsGyKNek7q5JkjBqj2KmfqxUVZd,CHONK,5Qbc8wDtm6BB5CtxbSzKoGEuzSJFHqRfAuYSoJk9s8ULxHVEsfC7eaGHQ15kTMhu9Xw7KczGKo7SbDdgaUJCTrLp,2026-09-24T16:53:09Z,AYw8eTL3wRbjXCk6yAHC63Kyt3XYo6svuxG2PeTEYS2n,3.0,2026-09-24T19:43:50Z,10241,ajSEugZuZJpYWBLS7KsxpfyfHA4mZ2VvjsD59k5dwnPykgs29bLWFuwUK3zCE1S9Md8uDWa7JdDmZwWfs7GYBGt,132,1,0,0,0,False,NO_CALLER_LINK
Bi4rd5FH5bYEN8scZ7wevxNZyNmKHdaBcvewdPFxYdLt,5pSEZw1iytqYznD7crsGyKNek7q5JkjBqj2KmfqxUVZd,CHONK,5Qbc8wDtm6BB5CtxbSzKoGEuzSJFHqRfAuYSoJk9s8ULxHVEsfC7eaGHQ15kTMhu9Xw7KczGKo7SbDdgaUJCTrLp,2026-09-24T16:53:09Z,AYw8eTL3wRbjXCk6yAHC63Kyt3XYo6svuxG2PeTEYS2n,0.26,2026-09-24T19:43:57Z,10248,3mRQdhif6zWd6ow12hVerkCLtZpHREM74WmWcdVdA9vFGgmzk8hpcbvAGrMYpJRYgtxED23TbNkezntovQ1A4im9,132,1,0,0,0,False,NO_CALLER_LINK
Bi4rd5FH5bYEN8scZ7wevxNZyNmKHdaBcvewdPFxYdLt,5pSEZw1iytqYznD7crsGyKNek7q5JkjBqj2KmfqxUVZd,CHONK,5Qbc8wDtm6BB5CtxbSzKoGEuzSJFHqRfAuYSoJk9s8ULxHVEsfC7eaGHQ15kTMhu9Xw7KczGKo7SbDdgaUJCTrLp,2026-09-24T16:53:09Z,AYw8eTL3wRbjXCk6yAHC63Kyt3XYo6svuxG2PeTEYS2n,0.26,2026-09-24T19:43:57Z,10248,2hMSGGmrhhxpNFCMDkdbFa4LMCdZccJQ5QMZAVcDyNPMj1gcK9HzqfnFeJxK7YmRDqZna9XxvpywVz1DA8a6YLrs,132,1,0,0,0,False,NO_CALLER_LINK
Bi4rd5FH5bYEN8scZ7wevxNZyNmKHdaBcvewdPFxYdLt,5pSEZw1iytqYznD7crsGyKNek7q5JkjBqj2KmfqxUVZd,CHONK,5Qbc8wDtm6BB5CtxbSzKoGEuzSJFHqRfAuYSoJk9s8ULxHVEsfC7eaGHQ15kTMhu9Xw7KczGKo7SbDdgaUJCTrLp,2026-09-24T16:53:09Z,AYw8eTL3wRbjXCk6yAHC63Kyt3XYo6svuxG2PeTEYS2n,5.0,2026-09-24T19:49:40Z,10591,3TnyEHMEKxRdr1n5sTAk2Hcrj7ADRopZSR6e7iWvj2NhwCqksRnSxd3wJcGQvKA85KAFpXUygsmcwmszVjmNrojH,132,1,0,0,0,False,NO_CALLER_LINK
Bi4rd5FH5bYEN8scZ7wevxNZyNmKHdaBcvewdPFxYdLt,5pSEZw1iytqYznD7crsGyKNek7q5JkjBqj2KmfqxUVZd,CHONK,5Qbc8wDtm6BB5CtxbSzKoGEuzSJFHqRfAuYSoJk9s8ULxHVEsfC7eaGHQ15kTMhu9Xw7KczGKo7SbDdgaUJCTrLp,2026-09-24T16:53:09Z,3t9EKmRiAUcQUYzTZpNojzeGP1KBAVEEbDNmy6wECQpK,0.05,2026-09-24T19:49:40Z,10591,3TnyEHMEKxRdr1n5sTAk2Hcrj7ADRopZSR6e7iWvj2NhwCqksRnSxd3wJcGQvKA85KAFpXUygsmcwmszVjmNrojH,3,1,0,100,83,True,NO_CALLER_LINK
Bi4rd5FH5bYEN8scZ7wevxNZyNmKHdaBcvewdPFxYdLt,5pSEZw1iytqYznD7crsGyKNek7q5JkjBqj2KmfqxUVZd,CHONK,5Qbc8wDtm6BB5CtxbSzKoGEuzSJFHqRfAuYSoJk9s8ULxHVEsfC7eaGHQ15kTMhu9Xw7KczGKo7SbDdgaUJCTrLp,2026-09-24T16:53:09Z,AYw8eTL3wRbjXCk6yAHC63Kyt3XYo6svuxG2PeTEYS2n,5.0,2026-09-24T19:49:40Z,10591,Xzk8ckWC5ec6kKTxTAEBPxp14itqq2UjgsTBAwuBVaPnsubc7Zk6mMSu85bqX6xJvbrquLYqiFc4PEz5WYuooLv,132,1,0,0,0,False,NO_CALLER_LINK
Bi4rd5FH5bYEN8scZ7wevxNZyNmKHdaBcvewdPFxYdLt,5pSEZw1iytqYznD7crsGyKNek7q5JkjBqj2KmfqxUVZd,CHONK,5Qbc8wDtm6BB5CtxbSzKoGEuzSJFHqRfAuYSoJk9s8ULxHVEsfC7eaGHQ15kTMhu9Xw7KczGKo7SbDdgaUJCTrLp,2026-09-24T16:53:09Z,7sHXjs1j7sDJGVSMSPjD1b4v3FD6uRSvRWfhRdfv5BiA,0.05,2026-09-24T19:49:40Z,10591,Xzk8ckWC5ec6kKTxTAEBPxp14itqq2UjgsTBAwuBVaPnsubc7Zk6mMSu85bqX6xJvbrquLYqiFc4PEz5WYuooLv,2,1,0,100,82,True,NO_CALLER_LINK
Bi4rd5FH5bYEN8scZ7wevxNZyNmKHdaBcvewdPFxYdLt,5pSEZw1iytqYznD7crsGyKNek7q5JkjBqj2KmfqxUVZd,CHONK,5Qbc8wDtm6BB5CtxbSzKoGEuzSJFHqRfAuYSoJk9s8ULxHVEsfC7eaGHQ15kTMhu9Xw7KczGKo7SbDdgaUJCTrLp,2026-09-24T16:53:09Z,AYw8eTL3wRbjXCk6yAHC63Kyt3XYo6svuxG2PeTEYS2n,3.0,2026-09-24T19:52:53Z,10784,rB6tWfQ6uQKbacJCvXTFTB9JuAdgqgzx2VwJWAnRk4gKEBntvtdcBYRZxEL8vobt597gZfnYkqkQJr3wwAvABpW,132,1,0,0,0,False,NO_CALLER_LINK
Bi4rd5FH5bYEN8scZ7wevxNZyNmKHdaBcvewdPFxYdLt,5pSEZw1iytqYznD7crsGyKNek7q5JkjBqj2KmfqxUVZd,CHONK,5Qbc8wDtm6BB5CtxbSzKoGEuzSJFHqRfAuYSoJk9s8ULxHVEsfC7eaGHQ15kTMhu9Xw7KczGKo7SbDdgaUJCTrLp,2026-09-24T16:53:09Z,AYw8eTL3wRbjXCk6yAHC63Kyt3XYo6svuxG2PeTEYS2n,0.26,2026-09-24T19:52:57Z,10788,53pUeFJxcKWtjvffjXBKbv1yK9jxeMW3QEWn8QmG4hM3Zx9fsSqfswoamDWqr24DXi7fsBx7MRUVXx522x6FhDfy,132,1,0,0,0,False,NO_CALLER_LINK
Bi4rd5FH5bYEN8scZ7wevxNZyNmKHdaBcvewdPFxYdLt,5pSEZw1iytqYznD7crsGyKNek7q5JkjBqj2KmfqxUVZd,CHONK,5Qbc8wDtm6BB5CtxbSzKoGEuzSJFHqRfAuYSoJk9s8ULxHVEsfC7eaGHQ15kTMhu9Xw7KczGKo7SbDdgaUJCTrLp,2026-09-24T16:53:09Z,AYw8eTL3wRbjXCk6yAHC63Kyt3XYo6svuxG2PeTEYS2n,0.26,2026-09-24T19:52:57Z,10788,58o7qxqkwBSTLMxied32fkMdUuKxFFLGPgeySshX782ZsURSZjSyhWuzGSGYML6Gaoh4d9Vu6PRBjifjnnMxBFNH,132,1,0,0,0,False,NO_CALLER_LINK
Bi4rd5FH5bYEN8scZ7wevxNZyNmKHdaBcvewdPFxYdLt,5pSEZw1iytqYznD7crsGyKNek7q5JkjBqj2KmfqxUVZd,CHONK,5Qbc8wDtm6BB5CtxbSzKoGEuzSJFHqRfAuYSoJk9s8ULxHVEsfC7eaGHQ15kTMhu9Xw7KczGKo7SbDdgaUJCTrLp,2026-09-24T16:53:09Z,AYw8eTL3wRbjXCk6yAHC63Kyt3XYo6svuxG2PeTEYS2n,0.26,2026-09-24T19:52:57Z,10788,25aojjtDNCWnZyTU6PLj8YiBcb3RM5zvHzzaccfs2ssRjhArdqqbRP8h3Qv4JdjC2ttKYYYg4YRnBEfPKQiQTvCz,132,1,0,0,0,False,NO_CALLER_LINK
Bi4rd5FH5bYEN8scZ7wevxNZyNmKHdaBcvewdPFxYdLt,5pSEZw1iytqYznD7crsGyKNek7q5JkjBqj2KmfqxUVZd,CHONK,5Qbc8wDtm6BB5CtxbSzKoGEuzSJFHqRfAuYSoJk9s8ULxHVEsfC7eaGHQ15kTMhu9Xw7KczGKo7SbDdgaUJCTrLp,2026-09-24T16:53:09Z,AYw8eTL3wRbjXCk6yAHC63Kyt3XYo6svuxG2PeTEYS2n,0.26,2026-09-24T19:53:00Z,10791,39WMPX84B2eQRW1DBs7Jqs8BUUPkmu28D3HjSH3WSdbL5tFd7kn1BDSATyKAhst3KUXCCUzq78fDiysWifqJyhGk,132,1,0,0,0,False,NO_CALLER_LINK
Bi4rd5FH5bYEN8scZ7wevxNZyNmKHdaBcvewdPFxYdLt,5pSEZw1iytqYznD7crsGyKNek7q5JkjBqj2KmfqxUVZd,CHONK,5Qbc8wDtm6BB5CtxbSzKoGEuzSJFHqRfAuYSoJk9s8ULxHVEsfC7eaGHQ15kTMhu9Xw7KczGKo7SbDdgaUJCTrLp,2026-09-24T16:53:09Z,AYw8eTL3wRbjXCk6yAHC63Kyt3XYo6svuxG2PeTEYS2n,0.26,2026-09-24T19:53:00Z,10791,2AzpzuLoeHCQtFGKT8JTPiURZWWbaLPDrQokvshVaob5J7pUowsB2ayTw4ZDPoZHW2cxQzfzkDYWjKy9Ng5xd7Qn,132,1,0,0,0,False,NO_CALLER_LINK
Bi4rd5FH5bYEN8scZ7wevxNZyNmKHdaBcvewdPFxYdLt,5pSEZw1iytqYznD7crsGyKNek7q5JkjBqj2KmfqxUVZd,CHONK,5Qbc8wDtm6BB5CtxbSzKoGEuzSJFHqRfAuYSoJk9s8ULxHVEsfC7eaGHQ15kTMhu9Xw7KczGKo7SbDdgaUJCTrLp,2026-09-24T16:53:09Z,AYw8eTL3wRbjXCk6yAHC63Kyt3XYo6svuxG2PeTEYS2n,0.26,2026-09-24T19:53:03Z,10794,7x75pWQVtZP7Wq1D6vFNapsoXBmA6PXp7ZzkWTwpMpcU5QGjNKwTwt6tYoPRa788Msr2mNNJPUyCp5FYaHn9qGN,132,1,0,0,0,False,NO_CALLER_LINK
Bi4rd5FH5bYEN8scZ7wevxNZyNmKHdaBcvewdPFxYdLt,5pSEZw1iytqYznD7crsGyKNek7q5JkjBqj2KmfqxUVZd,CHONK,5Qbc8wDtm6BB5CtxbSzKoGEuzSJFHqRfAuYSoJk9s8ULxHVEsfC7eaGHQ15kTMhu9Xw7KczGKo7SbDdgaUJCTrLp,2026-09-24T16:53:09Z,AYw8eTL3wRbjXCk6yAHC63Kyt3XYo6svuxG2PeTEYS2n,0.26,2026-09-24T19:53:03Z,10794,5FBwcc6xAfdLJ4mfpSUS6qpdezwS8rPUtyrDUDG3J78bHTJRVHAc2qegMUSipkZdBtDdwn6nWqvWC4bcoEQP6QTg,132,1,0,0,0,False,NO_CALLER_LINK
Bi4rd5FH5bYEN8scZ7wevxNZyNmKHdaBcvewdPFxYdLt,5pSEZw1iytqYznD7crsGyKNek7q5JkjBqj2KmfqxUVZd,CHONK,5Qbc8wDtm6BB5CtxbSzKoGEuzSJFHqRfAuYSoJk9s8ULxHVEsfC7eaGHQ15kTMhu9Xw7KczGKo7SbDdgaUJCTrLp,2026-09-24T16:53:09Z,AYw8eTL3wRbjXCk6yAHC63Kyt3XYo6svuxG2PeTEYS2n,0.096970656,2026-09-24T19:53:14Z,10805,3iS4PyRZYPABHG12frarbYM16ev61mG2iK4UDcyq63QhjxQzwswQfLjGKsFSyLbiA7PsiEU1FZ3YAzEV1T9rrhKU,132,1,0,0,0,False,NO_CALLER_LINK
Bi4rd5FH5bYEN8scZ7wevxNZyNmKHdaBcvewdPFxYdLt,5pSEZw1iytqYznD7crsGyKNek7q5JkjBqj2KmfqxUVZd,CHONK,5Qbc8wDtm6BB5CtxbSzKoGEuzSJFHqRfAuYSoJk9s8ULxHVEsfC7eaGHQ15kTMhu9Xw7KczGKo7SbDdgaUJCTrLp,2026-09-24T16:53:09Z,AYw8eTL3wRbjXCk6yAHC63Kyt3XYo6svuxG2PeTEYS2n,0.064654574,2026-09-24T19:53:14Z,10805,2sBDwWuQHNNrL4F9kdcZAYZhj8EPWbQA13sAFMaRn5MV3m4Ng9GhFPU2LqTckq3Uxcg6Loyt3bMrwntQHPd86v73,132,1,0,0,0,False,NO_CALLER_LINK
Bi4rd5FH5bYEN8scZ7wevxNZyNmKHdaBcvewdPFxYdLt,5pSEZw1iytqYznD7crsGyKNek7q5JkjBqj2KmfqxUVZd,CHONK,5Qbc8wDtm6BB5CtxbSzKoGEuzSJFHqRfAuYSoJk9s8ULxHVEsfC7eaGHQ15kTMhu9Xw7KczGKo7SbDdgaUJCTrLp,2026-09-24T16:53:09Z,AYw8eTL3wRbjXCk6yAHC63Kyt3XYo6svuxG2PeTEYS2n,3.0,2026-09-24T20:05:38Z,11549,3mjgRz743r9E1RHuSSnLi4WhZkrNBgfduenvJ8YnNCMqn71ToQ1eFD29y4mwZV3z7BJYBNyR7HQ9vnk2NrNcWrxS,132,1,0,0,0,False,NO_CALLER_LINK
Bi4rd5FH5bYEN8scZ7wevxNZyNmKHdaBcvewdPFxYdLt,5pSEZw1iytqYznD7crsGyKNek7q5JkjBqj2KmfqxUVZd,CHONK,5Qbc8wDtm6BB5CtxbSzKoGEuzSJFHqRfAuYSoJk9s8ULxHVEsfC7eaGHQ15kTMhu9Xw7KczGKo7SbDdgaUJCTrLp,2026-09-24T16:53:09Z,AYw8eTL3wRbjXCk6yAHC63Kyt3XYo6svuxG2PeTEYS2n,0.26,2026-09-24T20:05:39Z,11550,3JxQMgfmGBvzK8PgQgaQd5ZgrkhTsrvJQFykKKNQQbErB9aTB9cpQETLgGYawbeyB3Bj3mrGfw8aX2dD39aSrEnb,132,1,0,0,0,False,NO_CALLER_LINK
Bi4rd5FH5bYEN8scZ7wevxNZyNmKHdaBcvewdPFxYdLt,5pSEZw1iytqYznD7crsGyKNek7q5JkjBqj2KmfqxUVZd,CHONK,5Qbc8wDtm6BB5CtxbSzKoGEuzSJFHqRfAuYSoJk9s8ULxHVEsfC7eaGHQ15kTMhu9Xw7KczGKo7SbDdgaUJCTrLp,2026-09-24T16:53:09Z,AYw8eTL3wRbjXCk6yAHC63Kyt3XYo6svuxG2PeTEYS2n,0.26,2026-09-24T20:05:39Z,11550,2Wo3VT132hubyoUjKhU4oettSAkUSwDsEq2nRvgn1qGAfbq9dRKPftqEJiYBUKJTqX1qV98vbMsXB2cCroKvnnAN,132,1,0,0,0,False,NO_CALLER_LINK
Bi4rd5FH5bYEN8scZ7wevxNZyNmKHdaBcvewdPFxYdLt,5pSEZw1iytqYznD7crsGyKNek7q5JkjBqj2KmfqxUVZd,CHONK,5Qbc8wDtm6BB5CtxbSzKoGEuzSJFHqRfAuYSoJk9s8ULxHVEsfC7eaGHQ15kTMhu9Xw7KczGKo7SbDdgaUJCTrLp,2026-09-24T16:53:09Z,AYw8eTL3wRbjXCk6yAHC63Kyt3XYo6svuxG2PeTEYS2n,3.0,2026-09-24T20:15:23Z,12134,2BaZwL9Hakf1voEPXU9VjETuCHrfgxrgb2VwLZUbhfE2Hk5MRUmLZnwwofrf77ASs52ZmLFdbVMES56fQ559bHzE,132,1,0,0,0,False,NO_CALLER_LINK
Bi4rd5FH5bYEN8scZ7wevxNZyNmKHdaBcvewdPFxYdLt,5pSEZw1iytqYznD7crsGyKNek7q5JkjBqj2KmfqxUVZd,CHONK,5Qbc8wDtm6BB5CtxbSzKoGEuzSJFHqRfAuYSoJk9s8ULxHVEsfC7eaGHQ15kTMhu9Xw7KczGKo7SbDdgaUJCTrLp,2026-09-24T16:53:09Z,AYw8eTL3wRbjXCk6yAHC63Kyt3XYo6svuxG2PeTEYS2n,0.26,2026-09-24T20:15:24Z,12135,62wXG5PaP3URhxvpkjm4hwLWo3m47z9qS53gzC9bTWis6RYLiSLPZGfoRMSiyFWSgdrBx3vvwoa1pzuHwnYnnUbM,132,1,0,0,0,False,NO_CALLER_LINK
Bi4rd5FH5bYEN8scZ7wevxNZyNmKHdaBcvewdPFxYdLt,5pSEZw1iytqYznD7crsGyKNek7q5JkjBqj2KmfqxUVZd,CHONK,5Qbc8wDtm6BB5CtxbSzKoGEuzSJFHqRfAuYSoJk9s8ULxHVEsfC7eaGHQ15kTMhu9Xw7KczGKo7SbDdgaUJCTrLp,2026-09-24T16:53:09Z,AYw8eTL3wRbjXCk6yAHC63Kyt3XYo6svuxG2PeTEYS2n,0.26,2026-09-24T20:15:24Z,12135,4eTpaLDYe2CWfHKzxdNYmJb7zSHmT3CiJzeWZVxwvE6JF8QKtd2gwbUbLUyZUqHaA6EAFMS8W3kVEBgUrcSTd1gM,132,1,0,0,0,False,NO_CALLER_LINK
Bi4rd5FH5bYEN8scZ7wevxNZyNmKHdaBcvewdPFxYdLt,5pSEZw1iytqYznD7crsGyKNek7q5JkjBqj2KmfqxUVZd,CHONK,5Qbc8wDtm6BB5CtxbSzKoGEuzSJFHqRfAuYSoJk9s8ULxHVEsfC7eaGHQ15kTMhu9Xw7KczGKo7SbDdgaUJCTrLp,2026-09-24T16:53:09Z,AYw8eTL3wRbjXCk6yAHC63Kyt3XYo6svuxG2PeTEYS2n,3.0,2026-09-24T20:26:49Z,12820,4zGikETqCHpCnysip839kW8gX1vh2CCBkUgZXqZsgRD78hyswd2EpF7TvDDF5PChkP7Us5tirp7ZZnPkFy7bSANv,132,1,0,0,0,False,NO_CALLER_LINK
Bi4rd5FH5bYEN8scZ7wevxNZyNmKHdaBcvewdPFxYdLt,5pSEZw1iytqYznD7crsGyKNek7q5JkjBqj2KmfqxUVZd,CHONK,5Qbc8wDtm6BB5CtxbSzKoGEuzSJFHqRfAuYSoJk9s8ULxHVEsfC7eaGHQ15kTMhu9Xw7KczGKo7SbDdgaUJCTrLp,2026-09-24T16:53:09Z,AYw8eTL3wRbjXCk6yAHC63Kyt3XYo6svuxG2PeTEYS2n,0.26,2026-09-24T20:26:52Z,12823,36h4ZuVPsuFvJ8gLk4fHpwjKte3CfijKda8Qi8qhYYvYZS471nDWEiSaychRZEmugXbChH3BWE4Bjr2PnJotsrja,132,1,0,0,0,False,NO_CALLER_LINK
Bi4rd5FH5bYEN8scZ7wevxNZyNmKHdaBcvewdPFxYdLt,5pSEZw1iytqYznD7crsGyKNek7q5JkjBqj2KmfqxUVZd,CHONK,5Qbc8wDtm6BB5CtxbSzKoGEuzSJFHqRfAuYSoJk9s8ULxHVEsfC7eaGHQ15kTMhu9Xw7KczGKo7SbDdgaUJCTrLp,2026-09-24T16:53:09Z,AYw8eTL3wRbjXCk6yAHC63Kyt3XYo6svuxG2PeTEYS2n,0.26,2026-09-24T20:26:52Z,12823,294LM7RevRPns4ehSYyujxdmaQAChHUNcmFjRXGdyiBDZbEspnXZe9TmJWHksQx5uTeVRxZdXnucyLRy3rUf8fvU,132,1,0,0,0,False,NO_CALLER_LINK
Bi4rd5FH5bYEN8scZ7wevxNZyNmKHdaBcvewdPFxYdLt,5pSEZw1iytqYznD7crsGyKNek7q5JkjBqj2KmfqxUVZd,CHONK,5Qbc8wDtm6BB5CtxbSzKoGEuzSJFHqRfAuYSoJk9s8ULxHVEsfC7eaGHQ15kTMhu9Xw7KczGKo7SbDdgaUJCTrLp,2026-09-24T16:53:09Z,AYw8eTL3wRbjXCk6yAHC63Kyt3XYo6svuxG2PeTEYS2n,3.0,2026-09-24T20:45:24Z,13935,4wLT4CdsaRYUP9BycnLiCM7HZendbiBdPcAibLvsB6g3KUJKnibFeva7CXB6ntL9WLtU911kNbpeWnBMrxAiiW5n,132,1,0,0,0,False,NO_CALLER_LINK
Bi4rd5FH5bYEN8scZ7wevxNZyNmKHdaBcvewdPFxYdLt,5pSEZw1iytqYznD7crsGyKNek7q5JkjBqj2KmfqxUVZd,CHONK,5Qbc8wDtm6BB5CtxbSzKoGEuzSJFHqRfAuYSoJk9s8ULxHVEsfC7eaGHQ15kTMhu9Xw7KczGKo7SbDdgaUJCTrLp,2026-09-24T16:53:09Z,AYw8eTL3wRbjXCk6yAHC63Kyt3XYo6svuxG2PeTEYS2n,0.26,2026-09-24T20:45:26Z,13937,5iBP3yCaUFyeenD3bF5gxR3yN2rkbxVdy8Y6ZYiwui2oyKY5NNqsD4jDR6MTPpMNkVirsy7mRQAjWE7D1GDoeXNn,132,1,0,0,0,False,NO_CALLER_LINK
Bi4rd5FH5bYEN8scZ7wevxNZyNmKHdaBcvewdPFxYdLt,5pSEZw1iytqYznD7crsGyKNek7q5JkjBqj2KmfqxUVZd,CHONK,5Qbc8wDtm6BB5CtxbSzKoGEuzSJFHqRfAuYSoJk9s8ULxHVEsfC7eaGHQ15kTMhu9Xw7KczGKo7SbDdgaUJCTrLp,2026-09-24T16:53:09Z,AYw8eTL3wRbjXCk6yAHC63Kyt3XYo6svuxG2PeTEYS2n,0.26,2026-09-24T20:45:26Z,13937,3qzQzgnf5JouJeogWRxar72XVLLwdTe6Nd14gyP2sfFFJViFzyFPpxc2nj7MEPPKb5og3obdLX7uTULrs3hqTD4L,132,1,0,0,0,False,NO_CALLER_LINK
Bi4rd5FH5bYEN8scZ7wevxNZyNmKHdaBcvewdPFxYdLt,5pSEZw1iytqYznD7crsGyKNek7q5JkjBqj2KmfqxUVZd,CHONK,5Qbc8wDtm6BB5CtxbSzKoGEuzSJFHqRfAuYSoJk9s8ULxHVEsfC7eaGHQ15kTMhu9Xw7KczGKo7SbDdgaUJCTrLp,2026-09-24T16:53:09Z,AYw8eTL3wRbjXCk6yAHC63Kyt3XYo6svuxG2PeTEYS2n,0.26,2026-09-24T20:45:40Z,13951,3ZGkxrbzx4uAU7Pg57WkPvTAQJet8Kj7cxJTViAky61fUe6zYWnWTA9ADBPuL8ibf3fNSE9pLN6A1j43jKzyxLzy,132,1,0,0,0,False,NO_CALLER_LINK
Bi4rd5FH5bYEN8scZ7wevxNZyNmKHdaBcvewdPFxYdLt,5pSEZw1iytqYznD7crsGyKNek7q5JkjBqj2KmfqxUVZd,CHONK,5Qbc8wDtm6BB5CtxbSzKoGEuzSJFHqRfAuYSoJk9s8ULxHVEsfC7eaGHQ15kTMhu9Xw7KczGKo7SbDdgaUJCTrLp,2026-09-24T16:53:09Z,AYw8eTL3wRbjXCk6yAHC63Kyt3XYo6svuxG2PeTEYS2n,3.0,2026-09-25T01:44:04Z,31855,j6tM7hT3ZFdq7ei5wtZRdiEPsNBXQbNzytk7QLnpHaqPSNMN7g32E7n1g9Lwzk4v9q3bjHwUQ2AGT2ET3mW6YPJ,132,1,0,0,0,False,NO_CALLER_LINK
Bi4rd5FH5bYEN8scZ7wevxNZyNmKHdaBcvewdPFxYdLt,5pSEZw1iytqYznD7crsGyKNek7q5JkjBqj2KmfqxUVZd,CHONK,5Qbc8wDtm6BB5CtxbSzKoGEuzSJFHqRfAuYSoJk9s8ULxHVEsfC7eaGHQ15kTMhu9Xw7KczGKo7SbDdgaUJCTrLp,2026-09-24T16:53:09Z,AYw8eTL3wRbjXCk6yAHC63Kyt3XYo6svuxG2PeTEYS2n,0.26,2026-09-25T01:44:08Z,31859,pie1pycX2MEjm9YDfrwT9MC9jMxvsZvBxgBPqou8Pwumk2Mn6W3TmYDVNkNFSXqNJwaxF7z6hPTiqKepNZN3HZg,132,1,0,0,0,False,NO_CALLER_LINK
89HbgWduLwoxcofWpmn1EiF9wEdpgkNDEyPjzZ72mkDi,6XD1vorwquLXjTSL5W4MJMGewZBeiEcPFmZw527TSwva,AlxCooks,5gE8ajWjJrrnnyDc8SX9RKxPmo6stgBfzU1q4UWj3nfrn8annz9w7ec64UjqDnapfePF5HG815aLqK9BRh1NEkac,2026-10-03T19:15:49Z,5pVymKoAinQbNSBJnvbhiCNDPsrJHuremM3ToR3DS2Th,2.0,2026-10-03T21:13:13Z,7044,4gsKFDUfSJSXDz62YUe9NVpd72sa1LhjtvbvnRxhUonemUuStuM2SDMaB4s15hRC5TSy61up95bLHGgMg8Vdu52R,1,1,0,1,1,False,NO_CALLER_LINK
89HbgWduLwoxcofWpmn1EiF9wEdpgkNDEyPjzZ72mkDi,6XD1vorwquLXjTSL5W4MJMGewZBeiEcPFmZw527TSwva,AlxCooks,5gE8ajWjJrrnnyDc8SX9RKxPmo6stgBfzU1q4UWj3nfrn8annz9w7ec64UjqDnapfePF5HG815aLqK9BRh1NEkac,2026-10-03T19:15:49Z,GDQnERSchwsFseR2Gj723HThQFtyZZLX8LZ43Ugvbg1b,2.505157971,2026-10-03T22:20:24Z,11075,oQmMA4ErJCpa758fTy9KHkRnQCXGnseTD52FnTRS8YM6EfwCgvC4w2pLdeKNYQyymVWpddsx32xmLxk1FNSPiar,5,4,21,100,60,True,CALLER_SHARED_DESTINATION
89HbgWduLwoxcofWpmn1EiF9wEdpgkNDEyPjzZ72mkDi,6XD1vorwquLXjTSL5W4MJMGewZBeiEcPFmZw527TSwva,AlxCooks,5gE8ajWjJrrnnyDc8SX9RKxPmo6stgBfzU1q4UWj3nfrn8annz9w7ec64UjqDnapfePF5HG815aLqK9BRh1NEkac,2026-10-03T19:15:49Z,7AHHcXbiCzMujE6s8m4SVeCCBAkd5GZtKVgu3g1SvmKW,116.0,2026-10-04T00:22:19Z,18390,3w6sYAAYXVGzNzZB5norrHgztBeKSnroNNzadL4DZapyZaHup4KUFgeg7KcmnvGuurdCMTA79d2983McFkPPBkCB,1,1,0,0,0,False,NO_CALLER_LINK
89HbgWduLwoxcofWpmn1EiF9wEdpgkNDEyPjzZ72mkDi,7mRDn1rAqjwFQXacodr1UmkNdvAGPbtNP9k5jvBZqt9J,MEMETARD,4ZqWdsTmhKGcHKFXJ3eoEinASMtTLaRhbAjR937cML8W9F9M3DLsZRVD12zXNfsa2rufGaoJrGHZVFEZurBrAaGC,2026-10-06T12:51:25Z,CPPi1o47Kyzyi96XJBDP41SoYC8Cn6JAfY8X1Y1bJNic,1.1,2026-10-06T12:55:06Z,221,64Pe78bKBbtUYJJErRMCgvDQAtNNvHL8BDswtcPT8DMo9xiLiqS3mT1rxcsAfqXoJ3PA8WUGq61Ek2ePHRbdeZvx,1,1,0,100,51,True,NO_CALLER_LINK
Bi4rd5FH5bYEN8scZ7wevxNZyNmKHdaBcvewdPFxYdLt,8qT3o4k4aUmyLrgd7hHYmVxin3kFhQ9QsXdSXTP6pump,cwoin,4jtDTyM7shpG8zwxzDbHuvZdyh3SUoczBTeVwKPrkobVxA1vDv9FNKWcr26EVxc92d73EtxoR3nhWr6XBsQWZsnY,2026-09-03T15:45:01Z,HeZVpHj9jLwTVtMMbzQRf6mLtFPkWNSg11o68qrbUBa3,0.05,2026-09-03T16:20:47Z,2146,2uXWGoWqic1qGXFbr4bGT6myc5zW9tJx26dNNEYVbqyT81PJhwjs41hHEJ4FKys9xSyuuRPgxKDwJA7CASTpnxru,1,1,0,100,81,True,NO_CALLER_LINK
Bi4rd5FH5bYEN8scZ7wevxNZyNmKHdaBcvewdPFxYdLt,8qT3o4k4aUmyLrgd7hHYmVxin3kFhQ9QsXdSXTP6pump,cwoin,4jtDTyM7shpG8zwxzDbHuvZdyh3SUoczBTeVwKPrkobVxA1vDv9FNKWcr26EVxc92d73EtxoR3nhWr6XBsQWZsnY,2026-09-03T15:45:01Z,AYw8eTL3wRbjXCk6yAHC63Kyt3XYo6svuxG2PeTEYS2n,0.26,2026-09-03T17:08:39Z,5018,3pFufyaGtCLxDGcM3TvqYRuudnibm3xEPob9ubPoT8xhr6oMb8K8DdP6GF4GJ9Naqg7r4Cyt9wkWMKLF4yy3Wmji,132,1,0,0,0,False,NO_CALLER_LINK
Bi4rd5FH5bYEN8scZ7wevxNZyNmKHdaBcvewdPFxYdLt,8qT3o4k4aUmyLrgd7hHYmVxin3kFhQ9QsXdSXTP6pump,cwoin,4jtDTyM7shpG8zwxzDbHuvZdyh3SUoczBTeVwKPrkobVxA1vDv9FNKWcr26EVxc92d73EtxoR3nhWr6XBsQWZsnY,2026-09-03T15:45:01Z,AYw8eTL3wRbjXCk6yAHC63Kyt3XYo6svuxG2PeTEYS2n,0.26,2026-09-03T17:08:39Z,5018,2cK15UFb7m2y4FWwBSF7Kqqi3VyN5avLz5i1akGr4425dsYciDZX69hEn3pwCfHm5vScvo2BEPEQ1sRstcbbBKdj,132,1,0,0,0,False,NO_CALLER_LINK
Bi4rd5FH5bYEN8scZ7wevxNZyNmKHdaBcvewdPFxYdLt,8qT3o4k4aUmyLrgd7hHYmVxin3kFhQ9QsXdSXTP6pump,cwoin,4jtDTyM7shpG8zwxzDbHuvZdyh3SUoczBTeVwKPrkobVxA1vDv9FNKWcr26EVxc92d73EtxoR3nhWr6XBsQWZsnY,2026-09-03T15:45:01Z,AYw8eTL3wRbjXCk6yAHC63Kyt3XYo6svuxG2PeTEYS2n,0.26,2026-09-03T17:09:41Z,5080,3MC27RN3SXMrcNwyHTkBqQCv5HPbpFAoCc2LTeVzehV3GEEHNvaEDWjkFuWgkEGHSg8MfcajhdU6b6asEFaEhXck,132,1,0,0,0,False,NO_CALLER_LINK
Bi4rd5FH5bYEN8scZ7wevxNZyNmKHdaBcvewdPFxYdLt,8qT3o4k4aUmyLrgd7hHYmVxin3kFhQ9QsXdSXTP6pump,cwoin,4jtDTyM7shpG8zwxzDbHuvZdyh3SUoczBTeVwKPrkobVxA1vDv9FNKWcr26EVxc92d73EtxoR3nhWr6XBsQWZsnY,2026-09-03T15:45:01Z,AYw8eTL3wRbjXCk6yAHC63Kyt3XYo6svuxG2PeTEYS2n,0.26,2026-09-03T17:09:41Z,5080,5gbVS9fyXM72D8kj5iKmTfFLP7U7NJuSbWMhdqtiFNbeGTwymiupazL5y195yVJJWf6RavJR1sLtz2qobmfADHGu,132,1,0,0,0,False,NO_CALLER_LINK
Bi4rd5FH5bYEN8scZ7wevxNZyNmKHdaBcvewdPFxYdLt,8qT3o4k4aUmyLrgd7hHYmVxin3kFhQ9QsXdSXTP6pump,cwoin,4jtDTyM7shpG8zwxzDbHuvZdyh3SUoczBTeVwKPrkobVxA1vDv9FNKWcr26EVxc92d73EtxoR3nhWr6XBsQWZsnY,2026-09-03T15:45:01Z,6TxjC5wJzuuZgTtnTMipwwULEbMPx5JPW3QwWkdTGnrn,0.05,2026-09-03T17:16:43Z,5502,3VLctwY6tjaMS31QDym12WijbdsTRGWWTjfFjvyR2fEPvschwyrYeYpz62g4h5UARme16615BXvHATkgQAyh9zeX,1,1,0,100,87,True,NO_CALLER_LINK
Bi4rd5FH5bYEN8scZ7wevxNZyNmKHdaBcvewdPFxYdLt,8qT3o4k4aUmyLrgd7hHYmVxin3kFhQ9QsXdSXTP6pump,cwoin,4jtDTyM7shpG8zwxzDbHuvZdyh3SUoczBTeVwKPrkobVxA1vDv9FNKWcr26EVxc92d73EtxoR3nhWr6XBsQWZsnY,2026-09-03T15:45:01Z,DXfkEGoo6WFsdL7x6gLZ7r6Hw2S6HrtrAQVPWYx2A1s9,0.05,2026-09-03T18:03:32Z,8311,KN6JJuCGHBYTJtdjgwpAtdLfbEMRSuxa2NBXuhwVr4QES5Xz57gubnsCcLxDy36DFprsgsvoG7x3H3XYxdHw1g6,1,1,0,100,86,True,NO_CALLER_LINK
Bi4rd5FH5bYEN8scZ7wevxNZyNmKHdaBcvewdPFxYdLt,8qT3o4k4aUmyLrgd7hHYmVxin3kFhQ9QsXdSXTP6pump,cwoin,4jtDTyM7shpG8zwxzDbHuvZdyh3SUoczBTeVwKPrkobVxA1vDv9FNKWcr26EVxc92d73EtxoR3nhWr6XBsQWZsnY,2026-09-03T15:45:01Z,AYw8eTL3wRbjXCk6yAHC63Kyt3XYo6svuxG2PeTEYS2n,3.0,2026-09-03T18:20:32Z,9331,2BuEhCuPAhrsBT5DZm9VYvW7s96Sx14xedVCd8LG7Bhx8aFUDjDFVFWhh4Lk5bBcovUcZiXYVjAhTq2bddnp4bpN,132,1,0,0,0,False,NO_CALLER_LINK
Bi4rd5FH5bYEN8scZ7wevxNZyNmKHdaBcvewdPFxYdLt,8qT3o4k4aUmyLrgd7hHYmVxin3kFhQ9QsXdSXTP6pump,cwoin,4jtDTyM7shpG8zwxzDbHuvZdyh3SUoczBTeVwKPrkobVxA1vDv9FNKWcr26EVxc92d73EtxoR3nhWr6XBsQWZsnY,2026-09-03T15:45:01Z,AYw8eTL3wRbjXCk6yAHC63Kyt3XYo6svuxG2PeTEYS2n,3.0,2026-09-03T18:20:32Z,9331,5g7es8AZmbCwfLtuqNqrTXe3vkhYNPbuQMv2ZzxQvQ1Ce3xvfQU49Fh7tfhrQr1HupWyrk2ha1hJTkeEvSeAPTx5,132,1,0,0,0,False,NO_CALLER_LINK
Bi4rd5FH5bYEN8scZ7wevxNZyNmKHdaBcvewdPFxYdLt,8qT3o4k4aUmyLrgd7hHYmVxin3kFhQ9QsXdSXTP6pump,cwoin,4jtDTyM7shpG8zwxzDbHuvZdyh3SUoczBTeVwKPrkobVxA1vDv9FNKWcr26EVxc92d73EtxoR3nhWr6XBsQWZsnY,2026-09-03T15:45:01Z,dBhdrmwBkRa66XxBuAK4WZeZnsZ6bHeHCCLXa3a8bTJ,0.062266728,2026-09-03T18:28:13Z,9792,4qcw5jzhuDUMGyuLaowujx5G8MCDS7wj47b5bFy8XR178f6bSRRoA5TRw9DrHN5bB7NSsaBgVqT4oKae4AzXoVjc,3,1,0,100,80,True,NO_CALLER_LINK
89HbgWduLwoxcofWpmn1EiF9wEdpgkNDEyPjzZ72mkDi,9PNfxvTARzdxvQas2uknW57bnfMCS1dxW1He7rPbuhuQ,AI,49kZnWYD4ogNTjKqVfd5iQZc91AFUDUHzzPaNkNMwQkGXHs3XvnGNSVg2UFJde3pZhM7Gss8WwgLF2byRfRuKa4k,2026-10-03T18:03:12Z,9sAhVo23bMsD6rsB42hTDYeyvzZeYwHffZKbD9auz9Lk,1.0,2026-10-03T18:07:55Z,283,28bC4oTEh8FmLnsCWupDQJVTibbgg6A4BWk56tnW5UcFJ2vCndMeMpAGqpnVDmPebFs1GFdRuZKrgnj4adn9UQVY,1,1,0,34,14,False,NO_CALLER_LINK
3LUfv2u5yzsDtUzPdsSJ7ygPBuqwfycMkjpNreRR2Yww,ASftCNtzPNmK3nMDvpQNvpLauKS45Vkq7kwTPutqUBL1,TIMUR,5SwghSDCx5wXH17kfkERvPUSZPrL6zAY1YMXUXbXNy4T9NxJ2hj7fLyStLnt4Ejj4zydFRgSSLW1Dp7ct5qpiwt4,2026-09-22T12:59:10Z,GDQnERSchwsFseR2Gj723HThQFtyZZLX8LZ43Ugvbg1b,2.537492876,2026-09-22T20:33:17Z,27247,2DGuezZBSJMd3jrK1eBEoL57yzgTC1tEs2SQio3cCrqH1r9pSa8zQiqFbirrTRen4yFd9zRvPhjBFu76t7dfpMcF,5,4,21,100,60,True,CALLER_SHARED_DESTINATION
89HbgWduLwoxcofWpmn1EiF9wEdpgkNDEyPjzZ72mkDi,BZYpLHhui3qRNokWFg2JcX8CYtMqzWHR5R4xowjcbPqh,honse,5NEFtNTmq3rQK2XhgDXvjJtHWJKJbwMR6DnxzdxAG5Gv39um3PBDCsQLmQSvokYN6NQtTrvm1qVbG923fnYMdabi,2026-09-19T14:37:20Z,J5XGHmzrRmnYWbmw45DbYkdZAU2bwERFZ11qCDXPvFB5,0.081876,2026-09-19T15:36:50Z,3570,38SD8nKhPUCcoHTMtm8sMfdXaDaszmzVAPHqfdXGEtiJTGLrUnBXVJXeQTNb9d99sWgwWLfqx9LfcDzZj72M2VCB,17,3,39,100,12,False,CALLER_SHARED_DESTINATION
Bi4rd5FH5bYEN8scZ7wevxNZyNmKHdaBcvewdPFxYdLt,EkTkjVEfhvgkoCwheMTnr8mhEmJ6Q7ZR8q7ZMCcnpump,groinbase,5nGHnxoZe833H1H1jgP1isEeSzJXfAuSCkjAr6W3S1wQHNMVN5ETdiCLsg3iHEJ5FBQyNXLQcSUgfcUsYGp6JrLz,2026-09-09T19:26:15Z,AYw8eTL3wRbjXCk6yAHC63Kyt3XYo6svuxG2PeTEYS2n,3.0,2026-09-09T19:43:37Z,1042,3kjTNrLpHKtbYMo8x8jxEFEKXdTnawEJjGQPSToHcg8D3MrRVngKcwoaXkkJw1AaD8QyffAq83cWKjeJ2rX4nRz7,132,1,0,0,0,False,NO_CALLER_LINK
Bi4rd5FH5bYEN8scZ7wevxNZyNmKHdaBcvewdPFxYdLt,EkTkjVEfhvgkoCwheMTnr8mhEmJ6Q7ZR8q7ZMCcnpump,groinbase,5nGHnxoZe833H1H1jgP1isEeSzJXfAuSCkjAr6W3S1wQHNMVN5ETdiCLsg3iHEJ5FBQyNXLQcSUgfcUsYGp6JrLz,2026-09-09T19:26:15Z,AYw8eTL3wRbjXCk6yAHC63Kyt3XYo6svuxG2PeTEYS2n,3.0,2026-09-09T19:43:37Z,1042,3kVMRvYUXZVSfGaPE6wX1EVEezTgS439pdcYgHr5CL9tYjxsj6afMFfmn6NXJFB92u471C1k3utofjFYXL233qBx,132,1,0,0,0,False,NO_CALLER_LINK
Bi4rd5FH5bYEN8scZ7wevxNZyNmKHdaBcvewdPFxYdLt,EkTkjVEfhvgkoCwheMTnr8mhEmJ6Q7ZR8q7ZMCcnpump,groinbase,5nGHnxoZe833H1H1jgP1isEeSzJXfAuSCkjAr6W3S1wQHNMVN5ETdiCLsg3iHEJ5FBQyNXLQcSUgfcUsYGp6JrLz,2026-09-09T19:26:15Z,AYw8eTL3wRbjXCk6yAHC63Kyt3XYo6svuxG2PeTEYS2n,3.0,2026-09-09T19:43:37Z,1042,5n6uLfm4fzGaMYoZBuRmHTxoJqgCr8U1kgiAKmCZ6DG7euUdqqXHeEYmXRDJZNWtP7BATfrD6StXH1uiRGWpL3Xe,132,1,0,0,0,False,NO_CALLER_LINK
Bi4rd5FH5bYEN8scZ7wevxNZyNmKHdaBcvewdPFxYdLt,EkTkjVEfhvgkoCwheMTnr8mhEmJ6Q7ZR8q7ZMCcnpump,groinbase,5nGHnxoZe833H1H1jgP1isEeSzJXfAuSCkjAr6W3S1wQHNMVN5ETdiCLsg3iHEJ5FBQyNXLQcSUgfcUsYGp6JrLz,2026-09-09T19:26:15Z,AYw8eTL3wRbjXCk6yAHC63Kyt3XYo6svuxG2PeTEYS2n,3.0,2026-09-09T19:43:38Z,1043,5H9iskM1wVWcCpEKmhncTxZieR6AtnuWsQuyWdPAzPWoKnBfxj8nZAcvwAAuRkFPQFBLtGyzWCXC7ddyT4oNNyqr,132,1,0,0,0,False,NO_CALLER_LINK
Bi4rd5FH5bYEN8scZ7wevxNZyNmKHdaBcvewdPFxYdLt,EkTkjVEfhvgkoCwheMTnr8mhEmJ6Q7ZR8q7ZMCcnpump,groinbase,5nGHnxoZe833H1H1jgP1isEeSzJXfAuSCkjAr6W3S1wQHNMVN5ETdiCLsg3iHEJ5FBQyNXLQcSUgfcUsYGp6JrLz,2026-09-09T19:26:15Z,AYw8eTL3wRbjXCk6yAHC63Kyt3XYo6svuxG2PeTEYS2n,0.103476329,2026-09-09T19:43:46Z,1051,3nZGy7wR7tnGry1mjnsH7acNGaSp1BZVL51vUk8LesaXkRMdENdLRZ5nojHJKu6aUTfkAGHnHb2V8r8XKz1dvJXB,132,1,0,0,0,False,NO_CALLER_LINK
Bi4rd5FH5bYEN8scZ7wevxNZyNmKHdaBcvewdPFxYdLt,EkTkjVEfhvgkoCwheMTnr8mhEmJ6Q7ZR8q7ZMCcnpump,groinbase,5nGHnxoZe833H1H1jgP1isEeSzJXfAuSCkjAr6W3S1wQHNMVN5ETdiCLsg3iHEJ5FBQyNXLQcSUgfcUsYGp6JrLz,2026-09-09T19:26:15Z,AYw8eTL3wRbjXCk6yAHC63Kyt3XYo6svuxG2PeTEYS2n,0.104298141,2026-09-09T19:43:46Z,1051,3HaLmxz3ohbGj98GqhgXTf1i9m3ZYeXbAhYjTxrDbM8azXP3T7SWF9mNGJJr9K39VfkXefgfnxm75TRrZrnymkPz,132,1,0,0,0,False,NO_CALLER_LINK
Bi4rd5FH5bYEN8scZ7wevxNZyNmKHdaBcvewdPFxYdLt,EkTkjVEfhvgkoCwheMTnr8mhEmJ6Q7ZR8q7ZMCcnpump,groinbase,5nGHnxoZe833H1H1jgP1isEeSzJXfAuSCkjAr6W3S1wQHNMVN5ETdiCLsg3iHEJ5FBQyNXLQcSUgfcUsYGp6JrLz,2026-09-09T19:26:15Z,AYw8eTL3wRbjXCk6yAHC63Kyt3XYo6svuxG2PeTEYS2n,0.067461985,2026-09-09T19:43:46Z,1051,2aBb5Xe7B7ZPqS2RdNNguRU2as37TZ8upJw5L5A2Gb3yJRAMv7BXDKXmS6MQr6jxwgitjFZAN9BvnJZ8FFXjc5cz,132,1,0,0,0,False,NO_CALLER_LINK
Bi4rd5FH5bYEN8scZ7wevxNZyNmKHdaBcvewdPFxYdLt,EkTkjVEfhvgkoCwheMTnr8mhEmJ6Q7ZR8q7ZMCcnpump,groinbase,5nGHnxoZe833H1H1jgP1isEeSzJXfAuSCkjAr6W3S1wQHNMVN5ETdiCLsg3iHEJ5FBQyNXLQcSUgfcUsYGp6JrLz,2026-09-09T19:26:15Z,AYw8eTL3wRbjXCk6yAHC63Kyt3XYo6svuxG2PeTEYS2n,0.067318859,2026-09-09T19:43:46Z,1051,xqMYuf3yjpaweNm1jcnVMMEAcT721BwN2i8J1dJViGdg7BmywUY9dan5S9MJWcBehhgEhesc52fPzV15s8ScxFq,132,1,0,0,0,False,NO_CALLER_LINK
Bi4rd5FH5bYEN8scZ7wevxNZyNmKHdaBcvewdPFxYdLt,EkTkjVEfhvgkoCwheMTnr8mhEmJ6Q7ZR8q7ZMCcnpump,groinbase,5nGHnxoZe833H1H1jgP1isEeSzJXfAuSCkjAr6W3S1wQHNMVN5ETdiCLsg3iHEJ5FBQyNXLQcSUgfcUsYGp6JrLz,2026-09-09T19:26:15Z,AYw8eTL3wRbjXCk6yAHC63Kyt3XYo6svuxG2PeTEYS2n,0.106297551,2026-09-09T19:43:46Z,1051,3uTyWjFK9brPWBbhXa7oaBzHtqc7iqHZ59THZWEwAPhGCFzwNKwFwwtF5sqBZSBmYSAU2Yn91C2JZz2kMrZXd12C,132,1,0,0,0,False,NO_CALLER_LINK
Bi4rd5FH5bYEN8scZ7wevxNZyNmKHdaBcvewdPFxYdLt,EkTkjVEfhvgkoCwheMTnr8mhEmJ6Q7ZR8q7ZMCcnpump,groinbase,5nGHnxoZe833H1H1jgP1isEeSzJXfAuSCkjAr6W3S1wQHNMVN5ETdiCLsg3iHEJ5FBQyNXLQcSUgfcUsYGp6JrLz,2026-09-09T19:26:15Z,AYw8eTL3wRbjXCk6yAHC63Kyt3XYo6svuxG2PeTEYS2n,0.097793267,2026-09-09T19:43:46Z,1051,57eiXN9Nmk4RLYgksA5mfgxkv93wYjK8RfGHEneVtB2chX8dSCJRXTh7bJC7VjGkDybBafDyaT3JzVhmXb8fjPEj,132,1,0,0,0,False,NO_CALLER_LINK
Bi4rd5FH5bYEN8scZ7wevxNZyNmKHdaBcvewdPFxYdLt,EkTkjVEfhvgkoCwheMTnr8mhEmJ6Q7ZR8q7ZMCcnpump,groinbase,5nGHnxoZe833H1H1jgP1isEeSzJXfAuSCkjAr6W3S1wQHNMVN5ETdiCLsg3iHEJ5FBQyNXLQcSUgfcUsYGp6JrLz,2026-09-09T19:26:15Z,AYw8eTL3wRbjXCk6yAHC63Kyt3XYo6svuxG2PeTEYS2n,0.083783612,2026-09-09T19:43:47Z,1052,4z8nyRshcyZburTsiGtZJinoSDAidukbLqs5ZPTCsj9ZwVnFLr5tQdSyvtf4eH6ZpBnPVrD5XrkjHq51ybB8epG9,132,1,0,0,0,False,NO_CALLER_LINK
Bi4rd5FH5bYEN8scZ7wevxNZyNmKHdaBcvewdPFxYdLt,EkTkjVEfhvgkoCwheMTnr8mhEmJ6Q7ZR8q7ZMCcnpump,groinbase,5nGHnxoZe833H1H1jgP1isEeSzJXfAuSCkjAr6W3S1wQHNMVN5ETdiCLsg3iHEJ5FBQyNXLQcSUgfcUsYGp6JrLz,2026-09-09T19:26:15Z,AYw8eTL3wRbjXCk6yAHC63Kyt3XYo6svuxG2PeTEYS2n,0.097243799,2026-09-09T19:43:47Z,1052,D87rfM5Dhc3bpMYMXd9ZgJGKDmyD2tssijTFHgt8FwoPBeYGhYV5NirqTnAKDMy2YewcYUQDdaRddB6Lu1Cxpjg,132,1,0,0,0,False,NO_CALLER_LINK
Bi4rd5FH5bYEN8scZ7wevxNZyNmKHdaBcvewdPFxYdLt,EkTkjVEfhvgkoCwheMTnr8mhEmJ6Q7ZR8q7ZMCcnpump,groinbase,5nGHnxoZe833H1H1jgP1isEeSzJXfAuSCkjAr6W3S1wQHNMVN5ETdiCLsg3iHEJ5FBQyNXLQcSUgfcUsYGp6JrLz,2026-09-09T19:26:15Z,AYw8eTL3wRbjXCk6yAHC63Kyt3XYo6svuxG2PeTEYS2n,0.1047959,2026-09-09T19:43:47Z,1052,ReoUrjNd3YPKxTo1HiCkjFYtYfTi5aBPGqe21UUwQZpgnk4GNp3WB8MK1U7feyPcKBn21wbLHG1AW8ovrjqdvNw,132,1,0,0,0,False,NO_CALLER_LINK
Bi4rd5FH5bYEN8scZ7wevxNZyNmKHdaBcvewdPFxYdLt,EkTkjVEfhvgkoCwheMTnr8mhEmJ6Q7ZR8q7ZMCcnpump,groinbase,5nGHnxoZe833H1H1jgP1isEeSzJXfAuSCkjAr6W3S1wQHNMVN5ETdiCLsg3iHEJ5FBQyNXLQcSUgfcUsYGp6JrLz,2026-09-09T19:26:15Z,AYw8eTL3wRbjXCk6yAHC63Kyt3XYo6svuxG2PeTEYS2n,0.105462502,2026-09-09T19:43:48Z,1053,5HdMpxw27bmZXHyNwkXDr9AVSR7d2VoBjKj1ZoNBpg7sQqBm3soiFTmggKP2N7b6dnuswrz9pEUT1xoCNx6vqy9o,132,1,0,0,0,False,NO_CALLER_LINK
Bi4rd5FH5bYEN8scZ7wevxNZyNmKHdaBcvewdPFxYdLt,EkTkjVEfhvgkoCwheMTnr8mhEmJ6Q7ZR8q7ZMCcnpump,groinbase,5nGHnxoZe833H1H1jgP1isEeSzJXfAuSCkjAr6W3S1wQHNMVN5ETdiCLsg3iHEJ5FBQyNXLQcSUgfcUsYGp6JrLz,2026-09-09T19:26:15Z,AYw8eTL3wRbjXCk6yAHC63Kyt3XYo6svuxG2PeTEYS2n,0.104617407,2026-09-09T19:43:48Z,1053,4wEGU6se6AzFWbNjyPGqMpkWCXMEe1vMmfy71vBgsBndphVSxCFCtu8WRSWRBbykJCxHL2hwquJ69Y5KzvZ23Mch,132,1,0,0,0,False,NO_CALLER_LINK
Bi4rd5FH5bYEN8scZ7wevxNZyNmKHdaBcvewdPFxYdLt,EkTkjVEfhvgkoCwheMTnr8mhEmJ6Q7ZR8q7ZMCcnpump,groinbase,5nGHnxoZe833H1H1jgP1isEeSzJXfAuSCkjAr6W3S1wQHNMVN5ETdiCLsg3iHEJ5FBQyNXLQcSUgfcUsYGp6JrLz,2026-09-09T19:26:15Z,7sHXjs1j7sDJGVSMSPjD1b4v3FD6uRSvRWfhRdfv5BiA,0.069260573,2026-09-09T19:44:09Z,1074,vv5oQ9DbSkaoaE2LPz7MpwE1e6z4krPotYewgMXnapsg95C5jnY7dq8bWqsSZP42Nf36Yi9SZ22wjiA9NBVkv3Z,2,1,0,100,82,True,NO_CALLER_LINK
Bi4rd5FH5bYEN8scZ7wevxNZyNmKHdaBcvewdPFxYdLt,EkTkjVEfhvgkoCwheMTnr8mhEmJ6Q7ZR8q7ZMCcnpump,groinbase,5nGHnxoZe833H1H1jgP1isEeSzJXfAuSCkjAr6W3S1wQHNMVN5ETdiCLsg3iHEJ5FBQyNXLQcSUgfcUsYGp6JrLz,2026-09-09T19:26:15Z,J5XGHmzrRmnYWbmw45DbYkdZAU2bwERFZ11qCDXPvFB5,0.058851762,2026-09-09T20:02:45Z,2190,2ksatpViuxrwdjFJWLWSE2oT9hNfzS4PEhUrsJoorbqpHg4krQ7YyZ81dUnMyYYzPUhXfNFZF55quR1z5Buypwof,17,3,39,100,12,False,CALLER_SHARED_DESTINATION
Bi4rd5FH5bYEN8scZ7wevxNZyNmKHdaBcvewdPFxYdLt,EkTkjVEfhvgkoCwheMTnr8mhEmJ6Q7ZR8q7ZMCcnpump,groinbase,5nGHnxoZe833H1H1jgP1isEeSzJXfAuSCkjAr6W3S1wQHNMVN5ETdiCLsg3iHEJ5FBQyNXLQcSUgfcUsYGp6JrLz,2026-09-09T19:26:15Z,J5XGHmzrRmnYWbmw45DbYkdZAU2bwERFZ11qCDXPvFB5,0.058590519,2026-09-09T20:07:32Z,2477,4jjo7vdmxaN8Mc8tsrrH4hV2a214at1QNnkiWEPNafr9BYnjSRDcd2o5aX2KC2bpR6S3hhFEsSthJ3rwBsbT9FBs,17,3,39,100,12,False,CALLER_SHARED_DESTINATION
Bi4rd5FH5bYEN8scZ7wevxNZyNmKHdaBcvewdPFxYdLt,EkTkjVEfhvgkoCwheMTnr8mhEmJ6Q7ZR8q7ZMCcnpump,groinbase,5nGHnxoZe833H1H1jgP1isEeSzJXfAuSCkjAr6W3S1wQHNMVN5ETdiCLsg3iHEJ5FBQyNXLQcSUgfcUsYGp6JrLz,2026-09-09T19:26:15Z,AYw8eTL3wRbjXCk6yAHC63Kyt3XYo6svuxG2PeTEYS2n,3.0,2026-09-09T20:38:53Z,4358,53v6zBtHNyo7Qakk1hZTd25472N3iiurApGD8RaRKr4sxNmzNTmFdjxsnRbMcEwqdaeTYdgajWGEfwuhC6XvZSjv,132,1,0,0,0,False,NO_CALLER_LINK
Bi4rd5FH5bYEN8scZ7wevxNZyNmKHdaBcvewdPFxYdLt,EkTkjVEfhvgkoCwheMTnr8mhEmJ6Q7ZR8q7ZMCcnpump,groinbase,5nGHnxoZe833H1H1jgP1isEeSzJXfAuSCkjAr6W3S1wQHNMVN5ETdiCLsg3iHEJ5FBQyNXLQcSUgfcUsYGp6JrLz,2026-09-09T19:26:15Z,AYw8eTL3wRbjXCk6yAHC63Kyt3XYo6svuxG2PeTEYS2n,0.26,2026-09-09T20:38:55Z,4360,bFaXwaqaL5WRQJq2nmieU3Uk5e4TKQmgmpkzzFZgzRyLYutnWrj9zZYFWmM6Uu9K9vrKXqvpTxk7zsJXYuGEHxR,132,1,0,0,0,False,NO_CALLER_LINK
Bi4rd5FH5bYEN8scZ7wevxNZyNmKHdaBcvewdPFxYdLt,EkTkjVEfhvgkoCwheMTnr8mhEmJ6Q7ZR8q7ZMCcnpump,groinbase,5nGHnxoZe833H1H1jgP1isEeSzJXfAuSCkjAr6W3S1wQHNMVN5ETdiCLsg3iHEJ5FBQyNXLQcSUgfcUsYGp6JrLz,2026-09-09T19:26:15Z,AYw8eTL3wRbjXCk6yAHC63Kyt3XYo6svuxG2PeTEYS2n,0.26,2026-09-09T20:38:55Z,4360,5ZUXBfMnGxKajqFkzxunAWQ4Td3tEanR5qYcF5MGxUGNYP6W2iU4QCWDwvXo8t1QaJS2LiickbrbfXsFLmL5MLW9,132,1,0,0,0,False,NO_CALLER_LINK
Bi4rd5FH5bYEN8scZ7wevxNZyNmKHdaBcvewdPFxYdLt,EkTkjVEfhvgkoCwheMTnr8mhEmJ6Q7ZR8q7ZMCcnpump,groinbase,5nGHnxoZe833H1H1jgP1isEeSzJXfAuSCkjAr6W3S1wQHNMVN5ETdiCLsg3iHEJ5FBQyNXLQcSUgfcUsYGp6JrLz,2026-09-09T19:26:15Z,AYw8eTL3wRbjXCk6yAHC63Kyt3XYo6svuxG2PeTEYS2n,0.26,2026-09-09T20:38:57Z,4362,ivFZxEtmhYrdH2zw2qpVsQnfndWrFSXPpSvbvkhKMktowSiXM8s5cDu8sm3mRU7GZL13fMo3odFvLjHRq4B8LbF,132,1,0,0,0,False,NO_CALLER_LINK
Bi4rd5FH5bYEN8scZ7wevxNZyNmKHdaBcvewdPFxYdLt,EkTkjVEfhvgkoCwheMTnr8mhEmJ6Q7ZR8q7ZMCcnpump,groinbase,5nGHnxoZe833H1H1jgP1isEeSzJXfAuSCkjAr6W3S1wQHNMVN5ETdiCLsg3iHEJ5FBQyNXLQcSUgfcUsYGp6JrLz,2026-09-09T19:26:15Z,AYw8eTL3wRbjXCk6yAHC63Kyt3XYo6svuxG2PeTEYS2n,0.26,2026-09-09T20:38:57Z,4362,2BJVZFkzWm5LLAVse7cQN7bEpBvwFRgTVBJov6WRZ3qWEnCm3kx8LXQqCFXt7RZu9prpB5jCFQFhVB13Cx2WkFW,132,1,0,0,0,False,NO_CALLER_LINK
Bi4rd5FH5bYEN8scZ7wevxNZyNmKHdaBcvewdPFxYdLt,EkTkjVEfhvgkoCwheMTnr8mhEmJ6Q7ZR8q7ZMCcnpump,groinbase,5nGHnxoZe833H1H1jgP1isEeSzJXfAuSCkjAr6W3S1wQHNMVN5ETdiCLsg3iHEJ5FBQyNXLQcSUgfcUsYGp6JrLz,2026-09-09T19:26:15Z,AYw8eTL3wRbjXCk6yAHC63Kyt3XYo6svuxG2PeTEYS2n,3.0,2026-09-09T20:39:59Z,4424,2KpaeQ3uVbRXPNh6sAWcYLFvJWXkvZfLqqxd4x1XhpZXXCiMkw6c5qfSHunpfmda1p6CAwuPnrTKeNcRFUJwkLbt,132,1,0,0,0,False,NO_CALLER_LINK
Bi4rd5FH5bYEN8scZ7wevxNZyNmKHdaBcvewdPFxYdLt,EkTkjVEfhvgkoCwheMTnr8mhEmJ6Q7ZR8q7ZMCcnpump,groinbase,5nGHnxoZe833H1H1jgP1isEeSzJXfAuSCkjAr6W3S1wQHNMVN5ETdiCLsg3iHEJ5FBQyNXLQcSUgfcUsYGp6JrLz,2026-09-09T19:26:15Z,AYw8eTL3wRbjXCk6yAHC63Kyt3XYo6svuxG2PeTEYS2n,0.26,2026-09-09T20:40:01Z,4426,5fN8zbD1UTNQLeynGMrVQ9yzxCee8k3pfgRSFArQ7gkUHmFeno5ziq48zdQvdHjLHMUrKxjNBfYqWA5dqVmySMdm,132,1,0,0,0,False,NO_CALLER_LINK
Bi4rd5FH5bYEN8scZ7wevxNZyNmKHdaBcvewdPFxYdLt,EkTkjVEfhvgkoCwheMTnr8mhEmJ6Q7ZR8q7ZMCcnpump,groinbase,5nGHnxoZe833H1H1jgP1isEeSzJXfAuSCkjAr6W3S1wQHNMVN5ETdiCLsg3iHEJ5FBQyNXLQcSUgfcUsYGp6JrLz,2026-09-09T19:26:15Z,AYw8eTL3wRbjXCk6yAHC63Kyt3XYo6svuxG2PeTEYS2n,3.0,2026-09-09T20:42:07Z,4552,5HZWELdkNZwK5MtUWpN9Y4Q99Kjn96jHWzGuvPZNDkkbpiSXhsjyE3sX1jvoSCHFFK8cycXk5cySYC8oA44k7rny,132,1,0,0,0,False,NO_CALLER_LINK
Bi4rd5FH5bYEN8scZ7wevxNZyNmKHdaBcvewdPFxYdLt,EkTkjVEfhvgkoCwheMTnr8mhEmJ6Q7ZR8q7ZMCcnpump,groinbase,5nGHnxoZe833H1H1jgP1isEeSzJXfAuSCkjAr6W3S1wQHNMVN5ETdiCLsg3iHEJ5FBQyNXLQcSUgfcUsYGp6JrLz,2026-09-09T19:26:15Z,AYw8eTL3wRbjXCk6yAHC63Kyt3XYo6svuxG2PeTEYS2n,0.26,2026-09-09T20:42:09Z,4554,FZXCaUK9uDWMNks1WVLJm2sxio1mBT1YT11iz5feKwgYgoazYUzfxKDzS6Akj97xXP5uk3mkJSSGzXkLSjqemEe,132,1,0,0,0,False,NO_CALLER_LINK
Bi4rd5FH5bYEN8scZ7wevxNZyNmKHdaBcvewdPFxYdLt,EkTkjVEfhvgkoCwheMTnr8mhEmJ6Q7ZR8q7ZMCcnpump,groinbase,5nGHnxoZe833H1H1jgP1isEeSzJXfAuSCkjAr6W3S1wQHNMVN5ETdiCLsg3iHEJ5FBQyNXLQcSUgfcUsYGp6JrLz,2026-09-09T19:26:15Z,AYw8eTL3wRbjXCk6yAHC63Kyt3XYo6svuxG2PeTEYS2n,0.26,2026-09-09T20:42:09Z,4554,4ZC9wAvfbKozVeWasDqzEGwkFLFHcH3R8HiyP7HKi8PoMwfChGHqizCaJnKEv6qL3wszBWH8qt2DtMxT5TkQWwEe,132,1,0,0,0,False,NO_CALLER_LINK
Bi4rd5FH5bYEN8scZ7wevxNZyNmKHdaBcvewdPFxYdLt,EkTkjVEfhvgkoCwheMTnr8mhEmJ6Q7ZR8q7ZMCcnpump,groinbase,5nGHnxoZe833H1H1jgP1isEeSzJXfAuSCkjAr6W3S1wQHNMVN5ETdiCLsg3iHEJ5FBQyNXLQcSUgfcUsYGp6JrLz,2026-09-09T19:26:15Z,AYw8eTL3wRbjXCk6yAHC63Kyt3XYo6svuxG2PeTEYS2n,3.0,2026-09-09T21:36:16Z,7801,irZK3dRHWQRcyJZx4j7Ei5pARzfYvagH8LBtpMhij21TzEVqJx7SpCNq3GH9VHTCM9DMRhTr1hW1iyADeSPZQxH,132,1,0,0,0,False,NO_CALLER_LINK
Bi4rd5FH5bYEN8scZ7wevxNZyNmKHdaBcvewdPFxYdLt,EkTkjVEfhvgkoCwheMTnr8mhEmJ6Q7ZR8q7ZMCcnpump,groinbase,5nGHnxoZe833H1H1jgP1isEeSzJXfAuSCkjAr6W3S1wQHNMVN5ETdiCLsg3iHEJ5FBQyNXLQcSUgfcUsYGp6JrLz,2026-09-09T19:26:15Z,AYw8eTL3wRbjXCk6yAHC63Kyt3XYo6svuxG2PeTEYS2n,0.26,2026-09-09T21:36:17Z,7802,2XAKgLCjMUFEuHompT7gGjUSguQVeWHyg2XdWzVGZszBwcJPAVtJkux2QDBtnb9kyz5TM8dHic3t5nuFurzdxpjs,132,1,0,0,0,False,NO_CALLER_LINK
Bi4rd5FH5bYEN8scZ7wevxNZyNmKHdaBcvewdPFxYdLt,EkTkjVEfhvgkoCwheMTnr8mhEmJ6Q7ZR8q7ZMCcnpump,groinbase,5nGHnxoZe833H1H1jgP1isEeSzJXfAuSCkjAr6W3S1wQHNMVN5ETdiCLsg3iHEJ5FBQyNXLQcSUgfcUsYGp6JrLz,2026-09-09T19:26:15Z,AYw8eTL3wRbjXCk6yAHC63Kyt3XYo6svuxG2PeTEYS2n,0.26,2026-09-09T21:36:18Z,7803,4ZMT7Rqyv6TWXpxu7cGvL3H9avf9hrGxqBsQf6jZqbpYkaQU67wF7yoVhq1sDqLWhf1o4ohEgoHRURuLXniKvvwE,132,1,0,0,0,False,NO_CALLER_LINK
Bi4rd5FH5bYEN8scZ7wevxNZyNmKHdaBcvewdPFxYdLt,EkTkjVEfhvgkoCwheMTnr8mhEmJ6Q7ZR8q7ZMCcnpump,groinbase,5nGHnxoZe833H1H1jgP1isEeSzJXfAuSCkjAr6W3S1wQHNMVN5ETdiCLsg3iHEJ5FBQyNXLQcSUgfcUsYGp6JrLz,2026-09-09T19:26:15Z,AYw8eTL3wRbjXCk6yAHC63Kyt3XYo6svuxG2PeTEYS2n,3.0,2026-09-09T22:18:28Z,10333,65g5nP7Krama1oZ6TYSANFj4WKLtusJ7HML1FfUTnFeu6wBocj3gFUQEgWRBTZpMYmin2BvjW7LEj6NamyBn1Joe,132,1,0,0,0,False,NO_CALLER_LINK
Bi4rd5FH5bYEN8scZ7wevxNZyNmKHdaBcvewdPFxYdLt,EkTkjVEfhvgkoCwheMTnr8mhEmJ6Q7ZR8q7ZMCcnpump,groinbase,5nGHnxoZe833H1H1jgP1isEeSzJXfAuSCkjAr6W3S1wQHNMVN5ETdiCLsg3iHEJ5FBQyNXLQcSUgfcUsYGp6JrLz,2026-09-09T19:26:15Z,AYw8eTL3wRbjXCk6yAHC63Kyt3XYo6svuxG2PeTEYS2n,3.0,2026-09-09T22:18:28Z,10333,UX4rNjzDP9nYx2bKXf3EKmKYkBvyRq3kbbxLeKi8iNToPTwTvcSvMVHLpKaYy5yHozwukag4yeK7S5SKGxPc5GZ,132,1,0,0,0,False,NO_CALLER_LINK
Bi4rd5FH5bYEN8scZ7wevxNZyNmKHdaBcvewdPFxYdLt,EkTkjVEfhvgkoCwheMTnr8mhEmJ6Q7ZR8q7ZMCcnpump,groinbase,5nGHnxoZe833H1H1jgP1isEeSzJXfAuSCkjAr6W3S1wQHNMVN5ETdiCLsg3iHEJ5FBQyNXLQcSUgfcUsYGp6JrLz,2026-09-09T19:26:15Z,AYw8eTL3wRbjXCk6yAHC63Kyt3XYo6svuxG2PeTEYS2n,0.26,2026-09-09T22:18:34Z,10339,12JqpzvU3289B2BVxHEAsiBC8KW1iuSPuReNF6q2hSK75y6ZJHBadjRpWLdFxPCJ4MF5uPtTuFVyUfKGXtugp1n,132,1,0,0,0,False,NO_CALLER_LINK
Bi4rd5FH5bYEN8scZ7wevxNZyNmKHdaBcvewdPFxYdLt,EkTkjVEfhvgkoCwheMTnr8mhEmJ6Q7ZR8q7ZMCcnpump,groinbase,5nGHnxoZe833H1H1jgP1isEeSzJXfAuSCkjAr6W3S1wQHNMVN5ETdiCLsg3iHEJ5FBQyNXLQcSUgfcUsYGp6JrLz,2026-09-09T19:26:15Z,AYw8eTL3wRbjXCk6yAHC63Kyt3XYo6svuxG2PeTEYS2n,0.26,2026-09-09T22:18:35Z,10340,63uwgtkTrndnAsCJ8DMucvDi1D8TMHdRkiGF49XEJVFGA55gnG9pYFjrYWUC1qP9pJDjt9PhRN7SuaEpAJUCSEun,132,1,0,0,0,False,NO_CALLER_LINK
Bi4rd5FH5bYEN8scZ7wevxNZyNmKHdaBcvewdPFxYdLt,EkTkjVEfhvgkoCwheMTnr8mhEmJ6Q7ZR8q7ZMCcnpump,groinbase,5nGHnxoZe833H1H1jgP1isEeSzJXfAuSCkjAr6W3S1wQHNMVN5ETdiCLsg3iHEJ5FBQyNXLQcSUgfcUsYGp6JrLz,2026-09-09T19:26:15Z,AYw8eTL3wRbjXCk6yAHC63Kyt3XYo6svuxG2PeTEYS2n,0.26,2026-09-09T22:18:42Z,10347,5bMnV2Xg7S9e9yABkjv57qWSu4ftPZ3fYMk3xxFJeEAjRTbhgS3ao5ZSvoyvgiQ1Y1jbs8KQKugkBMqu4rHC9zwY,132,1,0,0,0,False,NO_CALLER_LINK
Bi4rd5FH5bYEN8scZ7wevxNZyNmKHdaBcvewdPFxYdLt,EkTkjVEfhvgkoCwheMTnr8mhEmJ6Q7ZR8q7ZMCcnpump,groinbase,5nGHnxoZe833H1H1jgP1isEeSzJXfAuSCkjAr6W3S1wQHNMVN5ETdiCLsg3iHEJ5FBQyNXLQcSUgfcUsYGp6JrLz,2026-09-09T19:26:15Z,AYw8eTL3wRbjXCk6yAHC63Kyt3XYo6svuxG2PeTEYS2n,0.26,2026-09-09T22:18:43Z,10348,zZPkWHZacgbkDZN4f9yPDMCtpsbjF72Hun5vz5yRQNUwM82kPi3kxqHucKz2HKnUCLpNHaAj1JkcSK1aLQv1P5T,132,1,0,0,0,False,NO_CALLER_LINK
Bi4rd5FH5bYEN8scZ7wevxNZyNmKHdaBcvewdPFxYdLt,EkTkjVEfhvgkoCwheMTnr8mhEmJ6Q7ZR8q7ZMCcnpump,groinbase,5nGHnxoZe833H1H1jgP1isEeSzJXfAuSCkjAr6W3S1wQHNMVN5ETdiCLsg3iHEJ5FBQyNXLQcSUgfcUsYGp6JrLz,2026-09-09T19:26:15Z,AYw8eTL3wRbjXCk6yAHC63Kyt3XYo6svuxG2PeTEYS2n,0.102856549,2026-09-09T22:19:22Z,10387,fis2zSyXhjidjxPWajbBruaTA5TfmshYwgcq2qwiUQLVg5oxn1CA3QeMY4gyoJxArqiq3hB1T15qvbxg8N8xHiN,132,1,0,0,0,False,NO_CALLER_LINK
Bi4rd5FH5bYEN8scZ7wevxNZyNmKHdaBcvewdPFxYdLt,EkTkjVEfhvgkoCwheMTnr8mhEmJ6Q7ZR8q7ZMCcnpump,groinbase,5nGHnxoZe833H1H1jgP1isEeSzJXfAuSCkjAr6W3S1wQHNMVN5ETdiCLsg3iHEJ5FBQyNXLQcSUgfcUsYGp6JrLz,2026-09-09T19:26:15Z,AYw8eTL3wRbjXCk6yAHC63Kyt3XYo6svuxG2PeTEYS2n,0.079512195,2026-09-09T22:19:22Z,10387,5eG8KGSqJEExeyjXjjy9jWQ6NYCFQF7kM2wrxb6cubBtTptPTb6nzujnfqrTCW2W7Uq16VW8WApqxJ5f9FnQM2pE,132,1,0,0,0,False,NO_CALLER_LINK
Bi4rd5FH5bYEN8scZ7wevxNZyNmKHdaBcvewdPFxYdLt,EkTkjVEfhvgkoCwheMTnr8mhEmJ6Q7ZR8q7ZMCcnpump,groinbase,5nGHnxoZe833H1H1jgP1isEeSzJXfAuSCkjAr6W3S1wQHNMVN5ETdiCLsg3iHEJ5FBQyNXLQcSUgfcUsYGp6JrLz,2026-09-09T19:26:15Z,AYw8eTL3wRbjXCk6yAHC63Kyt3XYo6svuxG2PeTEYS2n,0.078917276,2026-09-09T22:21:40Z,10525,4SBzPFL3aFoob3R69bR8ZYpBaT5NztJuMK31QMbM2M1rM8oCRBF8t2eh8xmmWJqb9pyCwyYj8gG3oDhdeM65PonH,132,1,0,0,0,False,NO_CALLER_LINK
Bi4rd5FH5bYEN8scZ7wevxNZyNmKHdaBcvewdPFxYdLt,EkTkjVEfhvgkoCwheMTnr8mhEmJ6Q7ZR8q7ZMCcnpump,groinbase,5nGHnxoZe833H1H1jgP1isEeSzJXfAuSCkjAr6W3S1wQHNMVN5ETdiCLsg3iHEJ5FBQyNXLQcSUgfcUsYGp6JrLz,2026-09-09T19:26:15Z,AYw8eTL3wRbjXCk6yAHC63Kyt3XYo6svuxG2PeTEYS2n,0.094488019,2026-09-09T22:22:18Z,10563,4hYCUbMSeLo7D5cdkNoFtHJVfpcBeV6gtBjQLWB37jxJZtYNCURYAtk5sbP9cpt99FPVw85vUKtZooh7sP8dJDCB,132,1,0,0,0,False,NO_CALLER_LINK
Bi4rd5FH5bYEN8scZ7wevxNZyNmKHdaBcvewdPFxYdLt,EkTkjVEfhvgkoCwheMTnr8mhEmJ6Q7ZR8q7ZMCcnpump,groinbase,5nGHnxoZe833H1H1jgP1isEeSzJXfAuSCkjAr6W3S1wQHNMVN5ETdiCLsg3iHEJ5FBQyNXLQcSUgfcUsYGp6JrLz,2026-09-09T19:26:15Z,AYw8eTL3wRbjXCk6yAHC63Kyt3XYo6svuxG2PeTEYS2n,0.10563051,2026-09-09T22:22:18Z,10563,XysV8WuboNXyK3F5TEt5goPdva2dNMUrZgD9VdxzppsCvj1VLZZUbKR2f4hCf381DvoLRwJ4nYQqfDQhc4HdvwV,132,1,0,0,0,False,NO_CALLER_LINK
Bi4rd5FH5bYEN8scZ7wevxNZyNmKHdaBcvewdPFxYdLt,EkTkjVEfhvgkoCwheMTnr8mhEmJ6Q7ZR8q7ZMCcnpump,groinbase,5nGHnxoZe833H1H1jgP1isEeSzJXfAuSCkjAr6W3S1wQHNMVN5ETdiCLsg3iHEJ5FBQyNXLQcSUgfcUsYGp6JrLz,2026-09-09T19:26:15Z,AYw8eTL3wRbjXCk6yAHC63Kyt3XYo6svuxG2PeTEYS2n,0.066918896,2026-09-09T22:22:41Z,10586,5EQsFWbg7rc97UXDSXP3s72WpWfa1cmQCy5Arn1kAvmfh1FTsQV86kLYVe9EBX8hxTKshsuXV4K3Eir9V4fGGRg3,132,1,0,0,0,False,NO_CALLER_LINK
Bi4rd5FH5bYEN8scZ7wevxNZyNmKHdaBcvewdPFxYdLt,EkTkjVEfhvgkoCwheMTnr8mhEmJ6Q7ZR8q7ZMCcnpump,groinbase,5nGHnxoZe833H1H1jgP1isEeSzJXfAuSCkjAr6W3S1wQHNMVN5ETdiCLsg3iHEJ5FBQyNXLQcSUgfcUsYGp6JrLz,2026-09-09T19:26:15Z,AYw8eTL3wRbjXCk6yAHC63Kyt3XYo6svuxG2PeTEYS2n,0.089287539,2026-09-09T22:22:41Z,10586,2XmG57T92e3xxBuRMoCh4g5An3qDbWeHTg4pKq7ePZJED2dBeBQhrHjwEcDJPsPRxFDctqQveNKRqySLWBr9xxVy,132,1,0,0,0,False,NO_CALLER_LINK
Bi4rd5FH5bYEN8scZ7wevxNZyNmKHdaBcvewdPFxYdLt,EkTkjVEfhvgkoCwheMTnr8mhEmJ6Q7ZR8q7ZMCcnpump,groinbase,5nGHnxoZe833H1H1jgP1isEeSzJXfAuSCkjAr6W3S1wQHNMVN5ETdiCLsg3iHEJ5FBQyNXLQcSUgfcUsYGp6JrLz,2026-09-09T19:26:15Z,AYw8eTL3wRbjXCk6yAHC63Kyt3XYo6svuxG2PeTEYS2n,3.0,2026-09-09T22:30:41Z,11066,33CYNWMTXkzDKiqiyt8smXe7rPZuvTWJYF5sE1jp9HSYSA8UZ3yRXRPxfA2k28ZpLbKZZUVqp3Pnun2qMs4gbeWc,132,1,0,0,0,False,NO_CALLER_LINK
Bi4rd5FH5bYEN8scZ7wevxNZyNmKHdaBcvewdPFxYdLt,EkTkjVEfhvgkoCwheMTnr8mhEmJ6Q7ZR8q7ZMCcnpump,groinbase,5nGHnxoZe833H1H1jgP1isEeSzJXfAuSCkjAr6W3S1wQHNMVN5ETdiCLsg3iHEJ5FBQyNXLQcSUgfcUsYGp6JrLz,2026-09-09T19:26:15Z,AYw8eTL3wRbjXCk6yAHC63Kyt3XYo6svuxG2PeTEYS2n,0.26,2026-09-09T22:30:43Z,11068,4F8MDX3U6cewseTvaue1YHYzyhFEuEvze6K7aZtSzBXL3e1itvkyn7oawo42jgQgMGLDfgdUQXBQGZdFnkvBgSeB,132,1,0,0,0,False,NO_CALLER_LINK
Bi4rd5FH5bYEN8scZ7wevxNZyNmKHdaBcvewdPFxYdLt,EkTkjVEfhvgkoCwheMTnr8mhEmJ6Q7ZR8q7ZMCcnpump,groinbase,5nGHnxoZe833H1H1jgP1isEeSzJXfAuSCkjAr6W3S1wQHNMVN5ETdiCLsg3iHEJ5FBQyNXLQcSUgfcUsYGp6JrLz,2026-09-09T19:26:15Z,AYw8eTL3wRbjXCk6yAHC63Kyt3XYo6svuxG2PeTEYS2n,0.26,2026-09-09T22:30:43Z,11068,2CZhgTDZXpSdiTbdsry38FrSG19Rwv5FwvfQaYsPbK2QGmiC9JxqYTwcGqpYmZseLopmBMuQYeJbGiSWVtwgsukz,132,1,0,0,0,False,NO_CALLER_LINK
Bi4rd5FH5bYEN8scZ7wevxNZyNmKHdaBcvewdPFxYdLt,EkTkjVEfhvgkoCwheMTnr8mhEmJ6Q7ZR8q7ZMCcnpump,groinbase,5nGHnxoZe833H1H1jgP1isEeSzJXfAuSCkjAr6W3S1wQHNMVN5ETdiCLsg3iHEJ5FBQyNXLQcSUgfcUsYGp6JrLz,2026-09-09T19:26:15Z,AYw8eTL3wRbjXCk6yAHC63Kyt3XYo6svuxG2PeTEYS2n,0.093478104,2026-09-09T22:31:50Z,11135,3b2TTPWuFLYF3RRK1imdYVMCymTbpYzJgbQUWm3omvumRZo7HxLLgpRGKh4LPw68AREGChJ3oBXHBU1LSxaG5rfV,132,1,0,0,0,False,NO_CALLER_LINK
Bi4rd5FH5bYEN8scZ7wevxNZyNmKHdaBcvewdPFxYdLt,EkTkjVEfhvgkoCwheMTnr8mhEmJ6Q7ZR8q7ZMCcnpump,groinbase,5nGHnxoZe833H1H1jgP1isEeSzJXfAuSCkjAr6W3S1wQHNMVN5ETdiCLsg3iHEJ5FBQyNXLQcSUgfcUsYGp6JrLz,2026-09-09T19:26:15Z,AYw8eTL3wRbjXCk6yAHC63Kyt3XYo6svuxG2PeTEYS2n,0.063581962,2026-09-09T22:31:50Z,11135,5fEvCG1ZkmXAgiHR5LzaJ8m9RirNi3gi63ehJsHcv4jgY37MUCbLdoVZg8HB8Ci2P4YSgtqUCfiH1P7JbUMYd9vH,132,1,0,0,0,False,NO_CALLER_LINK
Bi4rd5FH5bYEN8scZ7wevxNZyNmKHdaBcvewdPFxYdLt,EkTkjVEfhvgkoCwheMTnr8mhEmJ6Q7ZR8q7ZMCcnpump,groinbase,5nGHnxoZe833H1H1jgP1isEeSzJXfAuSCkjAr6W3S1wQHNMVN5ETdiCLsg3iHEJ5FBQyNXLQcSUgfcUsYGp6JrLz,2026-09-09T19:26:15Z,AYw8eTL3wRbjXCk6yAHC63Kyt3XYo6svuxG2PeTEYS2n,3.0,2026-09-09T22:40:35Z,11660,6jqPJA5vqN2vSZX8WaGpW2go25kDtXyAk7jPeQ18RMNjbaU8D9TkkdSoKVcJSgKXHErQowQZsnqMHxiDN2tQJcD,132,1,0,0,0,False,NO_CALLER_LINK
Bi4rd5FH5bYEN8scZ7wevxNZyNmKHdaBcvewdPFxYdLt,EkTkjVEfhvgkoCwheMTnr8mhEmJ6Q7ZR8q7ZMCcnpump,groinbase,5nGHnxoZe833H1H1jgP1isEeSzJXfAuSCkjAr6W3S1wQHNMVN5ETdiCLsg3iHEJ5FBQyNXLQcSUgfcUsYGp6JrLz,2026-09-09T19:26:15Z,AYw8eTL3wRbjXCk6yAHC63Kyt3XYo6svuxG2PeTEYS2n,0.26,2026-09-09T22:40:37Z,11662,4HGTYtVXhkoSSz86of5GncwjWGYS7nazk5BrtVgPpUDx6B2ZxnFoj3uR6gUphMrQaBsWnpyWqH9Bbhep7y73pneU,132,1,0,0,0,False,NO_CALLER_LINK
Bi4rd5FH5bYEN8scZ7wevxNZyNmKHdaBcvewdPFxYdLt,EkTkjVEfhvgkoCwheMTnr8mhEmJ6Q7ZR8q7ZMCcnpump,groinbase,5nGHnxoZe833H1H1jgP1isEeSzJXfAuSCkjAr6W3S1wQHNMVN5ETdiCLsg3iHEJ5FBQyNXLQcSUgfcUsYGp6JrLz,2026-09-09T19:26:15Z,AYw8eTL3wRbjXCk6yAHC63Kyt3XYo6svuxG2PeTEYS2n,0.26,2026-09-09T22:40:37Z,11662,5LaTiPYpC93Dot3BDDNro69KMk9kGPPrqhc6MJUvvsPEPebHVoV2NQvanQAcmpfjkNZSfYbu4UHZUP4QiRJcEsox,132,1,0,0,0,False,NO_CALLER_LINK
Bi4rd5FH5bYEN8scZ7wevxNZyNmKHdaBcvewdPFxYdLt,EkTkjVEfhvgkoCwheMTnr8mhEmJ6Q7ZR8q7ZMCcnpump,groinbase,5nGHnxoZe833H1H1jgP1isEeSzJXfAuSCkjAr6W3S1wQHNMVN5ETdiCLsg3iHEJ5FBQyNXLQcSUgfcUsYGp6JrLz,2026-09-09T19:26:15Z,AYw8eTL3wRbjXCk6yAHC63Kyt3XYo6svuxG2PeTEYS2n,0.077671801,2026-09-09T22:41:39Z,11724,38GTk2JAxRic5VH3DsSH5sQ7JA2RwfHYcLCDNfpYk6M6MsW5BdRw8eT8ERL4xkPnN9V9hxuvmq2WJTPpoCkS3rMa,132,1,0,0,0,False,NO_CALLER_LINK
Bi4rd5FH5bYEN8scZ7wevxNZyNmKHdaBcvewdPFxYdLt,EkTkjVEfhvgkoCwheMTnr8mhEmJ6Q7ZR8q7ZMCcnpump,groinbase,5nGHnxoZe833H1H1jgP1isEeSzJXfAuSCkjAr6W3S1wQHNMVN5ETdiCLsg3iHEJ5FBQyNXLQcSUgfcUsYGp6JrLz,2026-09-09T19:26:15Z,GDQnERSchwsFseR2Gj723HThQFtyZZLX8LZ43Ugvbg1b,2.959195012,2026-09-09T22:42:37Z,11782,22kfKSpVCVVquPLxDmmVsBS6udWKYak42rSnjUVjG8f5JYvQJBXGedtduu4PJUenBnwDn2vnkSkrNsHxMX3M8Ce6,5,4,21,100,60,True,CALLER_SHARED_DESTINATION
Bi4rd5FH5bYEN8scZ7wevxNZyNmKHdaBcvewdPFxYdLt,EkTkjVEfhvgkoCwheMTnr8mhEmJ6Q7ZR8q7ZMCcnpump,groinbase,5nGHnxoZe833H1H1jgP1isEeSzJXfAuSCkjAr6W3S1wQHNMVN5ETdiCLsg3iHEJ5FBQyNXLQcSUgfcUsYGp6JrLz,2026-09-09T19:26:15Z,AYw8eTL3wRbjXCk6yAHC63Kyt3XYo6svuxG2PeTEYS2n,0.105134672,2026-09-09T22:44:46Z,11911,2p5SVuYZJsAUpyFiDVjk4RmnuSie7msJf6LZU1s3u2B26d1g3EJ8p9fVQhYF13YkwDbLap79Q43N9w4eWk5jpoJ3,132,1,0,0,0,False,NO_CALLER_LINK
Bi4rd5FH5bYEN8scZ7wevxNZyNmKHdaBcvewdPFxYdLt,EkTkjVEfhvgkoCwheMTnr8mhEmJ6Q7ZR8q7ZMCcnpump,groinbase,5nGHnxoZe833H1H1jgP1isEeSzJXfAuSCkjAr6W3S1wQHNMVN5ETdiCLsg3iHEJ5FBQyNXLQcSUgfcUsYGp6JrLz,2026-09-09T19:26:15Z,AYw8eTL3wRbjXCk6yAHC63Kyt3XYo6svuxG2PeTEYS2n,0.066084841,2026-09-09T22:44:46Z,11911,2N6Dq9oDb9PSwKVdnBN5v3qCQwsGENZPBJdDvM4hmuzAzSCx8CNouBVoSF3pzwYSTPQ68YHUrnietaHnHGyYuBX9,132,1,0,0,0,False,NO_CALLER_LINK
Bi4rd5FH5bYEN8scZ7wevxNZyNmKHdaBcvewdPFxYdLt,EkTkjVEfhvgkoCwheMTnr8mhEmJ6Q7ZR8q7ZMCcnpump,groinbase,5nGHnxoZe833H1H1jgP1isEeSzJXfAuSCkjAr6W3S1wQHNMVN5ETdiCLsg3iHEJ5FBQyNXLQcSUgfcUsYGp6JrLz,2026-09-09T19:26:15Z,dBhdrmwBkRa66XxBuAK4WZeZnsZ6bHeHCCLXa3a8bTJ,0.057319235,2026-09-09T22:45:20Z,11945,2XwnrsDjxUVBQDDbnDSXFCY9NsUjjnJDz9SoEwND6MtBicjTeTAaTzK3C4u5EQpCSAp8L7nrHcPGTwoBD17N2FP,3,1,0,100,80,True,NO_CALLER_LINK
Bi4rd5FH5bYEN8scZ7wevxNZyNmKHdaBcvewdPFxYdLt,EkTkjVEfhvgkoCwheMTnr8mhEmJ6Q7ZR8q7ZMCcnpump,groinbase,5nGHnxoZe833H1H1jgP1isEeSzJXfAuSCkjAr6W3S1wQHNMVN5ETdiCLsg3iHEJ5FBQyNXLQcSUgfcUsYGp6JrLz,2026-09-09T19:26:15Z,AYw8eTL3wRbjXCk6yAHC63Kyt3XYo6svuxG2PeTEYS2n,3.0,2026-09-09T22:52:17Z,12362,5DFFJs93YY6KdaVh6jNEh2bHy4U2Ucm5x51Ues7k5Z4XxyZejxcWyZKJZqhQuCeN3XVqSFNqTiMBo2nQojdNsq1f,132,1,0,0,0,False,NO_CALLER_LINK
Bi4rd5FH5bYEN8scZ7wevxNZyNmKHdaBcvewdPFxYdLt,EkTkjVEfhvgkoCwheMTnr8mhEmJ6Q7ZR8q7ZMCcnpump,groinbase,5nGHnxoZe833H1H1jgP1isEeSzJXfAuSCkjAr6W3S1wQHNMVN5ETdiCLsg3iHEJ5FBQyNXLQcSUgfcUsYGp6JrLz,2026-09-09T19:26:15Z,AYw8eTL3wRbjXCk6yAHC63Kyt3XYo6svuxG2PeTEYS2n,0.26,2026-09-09T22:52:19Z,12364,34idXmFNHvUbDRtHLsLSUE1osDXty5RRL8QXd5xpuGaMGkuTEekND1JZ8YiHAndbfvaBkRNnd9D5KoZwZwxJW1j6,132,1,0,0,0,False,NO_CALLER_LINK
Bi4rd5FH5bYEN8scZ7wevxNZyNmKHdaBcvewdPFxYdLt,EkTkjVEfhvgkoCwheMTnr8mhEmJ6Q7ZR8q7ZMCcnpump,groinbase,5nGHnxoZe833H1H1jgP1isEeSzJXfAuSCkjAr6W3S1wQHNMVN5ETdiCLsg3iHEJ5FBQyNXLQcSUgfcUsYGp6JrLz,2026-09-09T19:26:15Z,AYw8eTL3wRbjXCk6yAHC63Kyt3XYo6svuxG2PeTEYS2n,0.26,2026-09-09T22:52:19Z,12364,3SYd9GHziGW4UQAWEzWJ3NNPKrCtn4MBSUAUw1ffsgCoqWL1cBPThujwEgk3i7hvPBGvL1XtnVnBpftqss3rM3Hu,132,1,0,0,0,False,NO_CALLER_LINK
Bi4rd5FH5bYEN8scZ7wevxNZyNmKHdaBcvewdPFxYdLt,EkTkjVEfhvgkoCwheMTnr8mhEmJ6Q7ZR8q7ZMCcnpump,groinbase,5nGHnxoZe833H1H1jgP1isEeSzJXfAuSCkjAr6W3S1wQHNMVN5ETdiCLsg3iHEJ5FBQyNXLQcSUgfcUsYGp6JrLz,2026-09-09T19:26:15Z,AYw8eTL3wRbjXCk6yAHC63Kyt3XYo6svuxG2PeTEYS2n,0.26,2026-09-09T22:52:28Z,12373,4ztcxVdBc97jMLDZo7zBGD3sza6iW9XJpiJH9ogAf8tGuKRxS4Bo5ePKYwJGec4qVVKd5eJuHHuYQXQkEktGAd7e,132,1,0,0,0,False,NO_CALLER_LINK
Bi4rd5FH5bYEN8scZ7wevxNZyNmKHdaBcvewdPFxYdLt,EkTkjVEfhvgkoCwheMTnr8mhEmJ6Q7ZR8q7ZMCcnpump,groinbase,5nGHnxoZe833H1H1jgP1isEeSzJXfAuSCkjAr6W3S1wQHNMVN5ETdiCLsg3iHEJ5FBQyNXLQcSUgfcUsYGp6JrLz,2026-09-09T19:26:15Z,AYw8eTL3wRbjXCk6yAHC63Kyt3XYo6svuxG2PeTEYS2n,0.067364187,2026-09-09T22:52:44Z,12389,44wYuAKXbwRXZoajVQuqPms6GPFvyW6RQnVUrwHP5Jbwudnwo6py9rbWkxRVqjVu58WKE9SkYn8z1qjwyQ6uDPDs,132,1,0,0,0,False,NO_CALLER_LINK
Bi4rd5FH5bYEN8scZ7wevxNZyNmKHdaBcvewdPFxYdLt,EkTkjVEfhvgkoCwheMTnr8mhEmJ6Q7ZR8q7ZMCcnpump,groinbase,5nGHnxoZe833H1H1jgP1isEeSzJXfAuSCkjAr6W3S1wQHNMVN5ETdiCLsg3iHEJ5FBQyNXLQcSUgfcUsYGp6JrLz,2026-09-09T19:26:15Z,AYw8eTL3wRbjXCk6yAHC63Kyt3XYo6svuxG2PeTEYS2n,0.107968421,2026-09-09T22:52:44Z,12389,5wtHaaNJoHaCQEECQbdbkXXxqin88L1HY1Ut7t7cLr4W3SmyJ5XKhL2hF1qi4S61UmQucCHL8fqi2tKDTLpc5sET,132,1,0,0,0,False,NO_CALLER_LINK
Bi4rd5FH5bYEN8scZ7wevxNZyNmKHdaBcvewdPFxYdLt,EkTkjVEfhvgkoCwheMTnr8mhEmJ6Q7ZR8q7ZMCcnpump,groinbase,5nGHnxoZe833H1H1jgP1isEeSzJXfAuSCkjAr6W3S1wQHNMVN5ETdiCLsg3iHEJ5FBQyNXLQcSUgfcUsYGp6JrLz,2026-09-09T19:26:15Z,AYw8eTL3wRbjXCk6yAHC63Kyt3XYo6svuxG2PeTEYS2n,0.066495512,2026-09-09T22:53:16Z,12421,YSgmaZygWgeij8qG9drMVNHYuRLs6CtvRHdQKJVMUafB48icFH7CgNRqpLsPR8JZt6cG84AhdDQi5tQjV6te3f8,132,1,0,0,0,False,NO_CALLER_LINK
Bi4rd5FH5bYEN8scZ7wevxNZyNmKHdaBcvewdPFxYdLt,EkTkjVEfhvgkoCwheMTnr8mhEmJ6Q7ZR8q7ZMCcnpump,groinbase,5nGHnxoZe833H1H1jgP1isEeSzJXfAuSCkjAr6W3S1wQHNMVN5ETdiCLsg3iHEJ5FBQyNXLQcSUgfcUsYGp6JrLz,2026-09-09T19:26:15Z,AYw8eTL3wRbjXCk6yAHC63Kyt3XYo6svuxG2PeTEYS2n,0.063678313,2026-09-09T22:53:18Z,12423,Jcts5TfcwWKHHBggcS3wwEMYLctnDJSyMiCftLtUV3QP9w85Zy9qqBhVw2SrdzFSERMuvMSsARGoeXAGpStcYEw,132,1,0,0,0,False,NO_CALLER_LINK
Bi4rd5FH5bYEN8scZ7wevxNZyNmKHdaBcvewdPFxYdLt,EkTkjVEfhvgkoCwheMTnr8mhEmJ6Q7ZR8q7ZMCcnpump,groinbase,5nGHnxoZe833H1H1jgP1isEeSzJXfAuSCkjAr6W3S1wQHNMVN5ETdiCLsg3iHEJ5FBQyNXLQcSUgfcUsYGp6JrLz,2026-09-09T19:26:15Z,AYw8eTL3wRbjXCk6yAHC63Kyt3XYo6svuxG2PeTEYS2n,0.089386309,2026-09-09T22:54:08Z,12473,5d439RFFjpttFJfQuTgEbyhRMaugA1AWUrYtskPSu721wx5cUrYTQr4AaspdoX6e8YRJst8eY9zztEY4sCCVUTMy,132,1,0,0,0,False,NO_CALLER_LINK
Bi4rd5FH5bYEN8scZ7wevxNZyNmKHdaBcvewdPFxYdLt,EkTkjVEfhvgkoCwheMTnr8mhEmJ6Q7ZR8q7ZMCcnpump,groinbase,5nGHnxoZe833H1H1jgP1isEeSzJXfAuSCkjAr6W3S1wQHNMVN5ETdiCLsg3iHEJ5FBQyNXLQcSUgfcUsYGp6JrLz,2026-09-09T19:26:15Z,GDQnERSchwsFseR2Gj723HThQFtyZZLX8LZ43Ugvbg1b,2.969169039,2026-09-09T22:54:37Z,12502,3JsUEM8RF34RYqWMkRHmNxh7JR8xQh15ywandF8sQka6YCka4MJrQZEPaEnDZuRYFiyzqYrtX96enKMMMFpWrudv,5,4,21,100,60,True,CALLER_SHARED_DESTINATION
Bi4rd5FH5bYEN8scZ7wevxNZyNmKHdaBcvewdPFxYdLt,EkTkjVEfhvgkoCwheMTnr8mhEmJ6Q7ZR8q7ZMCcnpump,groinbase,5nGHnxoZe833H1H1jgP1isEeSzJXfAuSCkjAr6W3S1wQHNMVN5ETdiCLsg3iHEJ5FBQyNXLQcSUgfcUsYGp6JrLz,2026-09-09T19:26:15Z,AYw8eTL3wRbjXCk6yAHC63Kyt3XYo6svuxG2PeTEYS2n,0.104277458,2026-09-09T22:56:40Z,12625,5EtHKGQEvcC3q6jo3rgnvMX6eCTxAZbZpAZrx5NdehJhmUn8iHy5XGPCoiqNe2h3wKews1apkVy8Q8QSTX5MUabt,132,1,0,0,0,False,NO_CALLER_LINK
Bi4rd5FH5bYEN8scZ7wevxNZyNmKHdaBcvewdPFxYdLt,EkTkjVEfhvgkoCwheMTnr8mhEmJ6Q7ZR8q7ZMCcnpump,groinbase,5nGHnxoZe833H1H1jgP1isEeSzJXfAuSCkjAr6W3S1wQHNMVN5ETdiCLsg3iHEJ5FBQyNXLQcSUgfcUsYGp6JrLz,2026-09-09T19:26:15Z,AYw8eTL3wRbjXCk6yAHC63Kyt3XYo6svuxG2PeTEYS2n,0.072884687,2026-09-09T22:56:40Z,12625,xSPEi59yFL2WzfRA8CxJscQYsc1tmHF1n22Pu2wUo94L4TtqyJHSgsePqBAuDMUm9ui591XMz3on68wzPfNaiv6,132,1,0,0,0,False,NO_CALLER_LINK
Bi4rd5FH5bYEN8scZ7wevxNZyNmKHdaBcvewdPFxYdLt,EkTkjVEfhvgkoCwheMTnr8mhEmJ6Q7ZR8q7ZMCcnpump,groinbase,5nGHnxoZe833H1H1jgP1isEeSzJXfAuSCkjAr6W3S1wQHNMVN5ETdiCLsg3iHEJ5FBQyNXLQcSUgfcUsYGp6JrLz,2026-09-09T19:26:15Z,AYw8eTL3wRbjXCk6yAHC63Kyt3XYo6svuxG2PeTEYS2n,0.108718039,2026-09-09T22:59:23Z,12788,5xJJW1DQdr6cR2r6TtZLpH379PcTSSTL8iXhFbPBiYftXcDavsLMn828FpFgnid58fMtSS8XouCsdrLnkiYpzxFk,132,1,0,0,0,False,NO_CALLER_LINK
Bi4rd5FH5bYEN8scZ7wevxNZyNmKHdaBcvewdPFxYdLt,EkTkjVEfhvgkoCwheMTnr8mhEmJ6Q7ZR8q7ZMCcnpump,groinbase,5nGHnxoZe833H1H1jgP1isEeSzJXfAuSCkjAr6W3S1wQHNMVN5ETdiCLsg3iHEJ5FBQyNXLQcSUgfcUsYGp6JrLz,2026-09-09T19:26:15Z,AYw8eTL3wRbjXCk6yAHC63Kyt3XYo6svuxG2PeTEYS2n,0.091130767,2026-09-09T22:59:23Z,12788,624yc9cQLLBY4Tdq7efBssf6bY8oaBNBw5jqWhPL5rSQvVrj6d1Ufr8tsaMK6k9EUxNFAonzADR2Nch4TMPmy2MR,132,1,0,0,0,False,NO_CALLER_LINK
Bi4rd5FH5bYEN8scZ7wevxNZyNmKHdaBcvewdPFxYdLt,EkTkjVEfhvgkoCwheMTnr8mhEmJ6Q7ZR8q7ZMCcnpump,groinbase,5nGHnxoZe833H1H1jgP1isEeSzJXfAuSCkjAr6W3S1wQHNMVN5ETdiCLsg3iHEJ5FBQyNXLQcSUgfcUsYGp6JrLz,2026-09-09T19:26:15Z,AYw8eTL3wRbjXCk6yAHC63Kyt3XYo6svuxG2PeTEYS2n,0.062479764,2026-09-09T23:11:13Z,13498,66G4RZeEGWzaoREQcnZeoZgBdWjYtq2VsoZw1jjNV3Ey3hdz7buJFMf4TrSBNaurTfG2MdNtaxNur6AYdTSYyFdM,132,1,0,0,0,False,NO_CALLER_LINK
Bi4rd5FH5bYEN8scZ7wevxNZyNmKHdaBcvewdPFxYdLt,EkTkjVEfhvgkoCwheMTnr8mhEmJ6Q7ZR8q7ZMCcnpump,groinbase,5nGHnxoZe833H1H1jgP1isEeSzJXfAuSCkjAr6W3S1wQHNMVN5ETdiCLsg3iHEJ5FBQyNXLQcSUgfcUsYGp6JrLz,2026-09-09T19:26:15Z,AYw8eTL3wRbjXCk6yAHC63Kyt3XYo6svuxG2PeTEYS2n,0.101943508,2026-09-09T23:11:13Z,13498,5JaNJMNea7VSTF5zNzVPW8NXY1odtTED8x7hrEyDmSiUcCJEuBC9J4WHp1sTuJUzRTPWsGSnZNYsgupn7FNZDu1s,132,1,0,0,0,False,NO_CALLER_LINK
EqiFgyNw6kgrmYstWyrP8VjKhka7XEmKTZzHSmwpr1Zb,F59cEB3A7RAKHGtkvR577swnPSP6EsdaBoL5AcVZpump,RALPHIE,5MshMzZyJV5gLQmQHiK4PteGC293c74G5RZEuX64Z5uJRELobPUJCopNvEkUARYpNUw9V8bmC4GPnpkHmoJDRh4M,2026-09-02T12:55:32Z,J5XGHmzrRmnYWbmw45DbYkdZAU2bwERFZ11qCDXPvFB5,0.06692436,2026-09-02T13:02:23Z,411,m7Yo8nSZgM59zeF721KzPCQLMnENC11jSdkpiGZEQA81mpeQgQ4UrU35GczU4WxdqzWnjNskBGyTEDeqrWmpqpe,17,3,39,100,12,False,CALLER_SHARED_DESTINATION
EqiFgyNw6kgrmYstWyrP8VjKhka7XEmKTZzHSmwpr1Zb,F59cEB3A7RAKHGtkvR577swnPSP6EsdaBoL5AcVZpump,RALPHIE,5MshMzZyJV5gLQmQHiK4PteGC293c74G5RZEuX64Z5uJRELobPUJCopNvEkUARYpNUw9V8bmC4GPnpkHmoJDRh4M,2026-09-02T12:55:32Z,J5XGHmzrRmnYWbmw45DbYkdZAU2bwERFZ11qCDXPvFB5,0.1,2026-09-02T13:03:13Z,461,2q9NeoX9mpSEHBqMxiNwBvduVEEfoU3Qq3N5BaUQJT7NW5SWZtbWsDGDvSjChWgMKbuHXMEoLBU9d4XRTBwf8Tar,17,3,39,100,12,False,CALLER_SHARED_DESTINATION
EqiFgyNw6kgrmYstWyrP8VjKhka7XEmKTZzHSmwpr1Zb,F59cEB3A7RAKHGtkvR577swnPSP6EsdaBoL5AcVZpump,RALPHIE,5MshMzZyJV5gLQmQHiK4PteGC293c74G5RZEuX64Z5uJRELobPUJCopNvEkUARYpNUw9V8bmC4GPnpkHmoJDRh4M,2026-09-02T12:55:32Z,J5XGHmzrRmnYWbmw45DbYkdZAU2bwERFZ11qCDXPvFB5,0.05,2026-09-02T13:08:46Z,794,K5f8y77QtafRkV9gU3wf9LksbAAv5yJwfHcxUiBmStFqDXR357fAQuhTiPoYkAMpgJPmd7oZ2iAvqgkYy5n4Vfn,17,3,39,100,12,False,CALLER_SHARED_DESTINATION
EqiFgyNw6kgrmYstWyrP8VjKhka7XEmKTZzHSmwpr1Zb,F59cEB3A7RAKHGtkvR577swnPSP6EsdaBoL5AcVZpump,RALPHIE,5MshMzZyJV5gLQmQHiK4PteGC293c74G5RZEuX64Z5uJRELobPUJCopNvEkUARYpNUw9V8bmC4GPnpkHmoJDRh4M,2026-09-02T12:55:32Z,J5XGHmzrRmnYWbmw45DbYkdZAU2bwERFZ11qCDXPvFB5,0.053326324,2026-09-02T13:09:36Z,844,2cMFcnWL9pxxYzWq3H3Hjs7c1EXD7BcTp1rez3fUZLfkq8Dc1VoEnWu9ynGjvteKazuybNtBbqSyLFuxvBx7BodN,17,3,39,100,12,False,CALLER_SHARED_DESTINATION
EqiFgyNw6kgrmYstWyrP8VjKhka7XEmKTZzHSmwpr1Zb,F59cEB3A7RAKHGtkvR577swnPSP6EsdaBoL5AcVZpump,RALPHIE,5MshMzZyJV5gLQmQHiK4PteGC293c74G5RZEuX64Z5uJRELobPUJCopNvEkUARYpNUw9V8bmC4GPnpkHmoJDRh4M,2026-09-02T12:55:32Z,J5XGHmzrRmnYWbmw45DbYkdZAU2bwERFZ11qCDXPvFB5,0.05,2026-09-02T13:13:05Z,1053,3EVf675VrpsApc2LBBst5GGN8HFmRGCcwBQ28EnTiXfbWkABvTQsswdaRdcdNTthQKQt5gKb5cJhcxvcuRNPqZ3P,17,3,39,100,12,False,CALLER_SHARED_DESTINATION
EqiFgyNw6kgrmYstWyrP8VjKhka7XEmKTZzHSmwpr1Zb,F59cEB3A7RAKHGtkvR577swnPSP6EsdaBoL5AcVZpump,RALPHIE,5MshMzZyJV5gLQmQHiK4PteGC293c74G5RZEuX64Z5uJRELobPUJCopNvEkUARYpNUw9V8bmC4GPnpkHmoJDRh4M,2026-09-02T12:55:32Z,GDQnERSchwsFseR2Gj723HThQFtyZZLX8LZ43Ugvbg1b,3.051298604,2026-09-02T13:35:04Z,2372,3Z19gsK7nrTUJpk4cGm8zwng9x9zfn5RRM7ogHRjBiJL88Xr9A8wQiMzUnbXx2PKectYncvbqBURVpNxK8DvVVYb,5,4,21,100,60,True,CALLER_SHARED_DESTINATION
EqiFgyNw6kgrmYstWyrP8VjKhka7XEmKTZzHSmwpr1Zb,F59cEB3A7RAKHGtkvR577swnPSP6EsdaBoL5AcVZpump,RALPHIE,5MshMzZyJV5gLQmQHiK4PteGC293c74G5RZEuX64Z5uJRELobPUJCopNvEkUARYpNUw9V8bmC4GPnpkHmoJDRh4M,2026-09-02T12:55:32Z,7Wn42TCE9ERXWiiEpNWjcL6LEGtsdcQS2fBZpEudmcqa,1.951653219,2026-09-02T13:46:32Z,3060,55omgrSmM216XJDefcQM8U9M8pyC3BPxQ3nhx4p2ob5VGseNcvLR3xgJPYMcFW6cS9LvcXy8LiuTPRuqVVAtV1ya,1,1,0,100,35,True,NO_CALLER_LINK
EqiFgyNw6kgrmYstWyrP8VjKhka7XEmKTZzHSmwpr1Zb,F59cEB3A7RAKHGtkvR577swnPSP6EsdaBoL5AcVZpump,RALPHIE,5MshMzZyJV5gLQmQHiK4PteGC293c74G5RZEuX64Z5uJRELobPUJCopNvEkUARYpNUw9V8bmC4GPnpkHmoJDRh4M,2026-09-02T12:55:32Z,3YB5q7w4zeAJDY6U4cb1BARNYjaRMh8Dmf6KbX4abVef,3.606193797,2026-09-02T14:13:12Z,4660,4amS6gDMVEpDnwKkCPkJ2GQKTkvbjUr77CPux4ZKgpLRTYAEEXpWz42J6CfdNRYDi4Dnh83hJRi1N7j2KMZWTNdL,1,1,0,15,5,False,NO_CALLER_LINK
EqiFgyNw6kgrmYstWyrP8VjKhka7XEmKTZzHSmwpr1Zb,F59cEB3A7RAKHGtkvR577swnPSP6EsdaBoL5AcVZpump,RALPHIE,5MshMzZyJV5gLQmQHiK4PteGC293c74G5RZEuX64Z5uJRELobPUJCopNvEkUARYpNUw9V8bmC4GPnpkHmoJDRh4M,2026-09-02T12:55:32Z,J5XGHmzrRmnYWbmw45DbYkdZAU2bwERFZ11qCDXPvFB5,0.053218579,2026-09-02T15:02:12Z,7600,NyKamemA3YqqLWQSWo7QrxCX12Yx8CCngn6SgkusDQeNsqxukAPoo6cUA2DB39epvPqcTvBrJD7GTWgGVnjSv7P,17,3,39,100,12,False,CALLER_SHARED_DESTINATION
EqiFgyNw6kgrmYstWyrP8VjKhka7XEmKTZzHSmwpr1Zb,F59cEB3A7RAKHGtkvR577swnPSP6EsdaBoL5AcVZpump,RALPHIE,5MshMzZyJV5gLQmQHiK4PteGC293c74G5RZEuX64Z5uJRELobPUJCopNvEkUARYpNUw9V8bmC4GPnpkHmoJDRh4M,2026-09-02T12:55:32Z,J5XGHmzrRmnYWbmw45DbYkdZAU2bwERFZ11qCDXPvFB5,0.0505,2026-09-02T15:02:55Z,7643,2RdKeCjCkCSrkLdYLv5HLXioTSJnrPNzrUoS2TmAnXA6iD9BW6rWwS1mEcwxk67vXVwyfvaX3XomNY5snxRUaYxY,17,3,39,100,12,False,CALLER_SHARED_DESTINATION
EqiFgyNw6kgrmYstWyrP8VjKhka7XEmKTZzHSmwpr1Zb,F59cEB3A7RAKHGtkvR577swnPSP6EsdaBoL5AcVZpump,RALPHIE,5MshMzZyJV5gLQmQHiK4PteGC293c74G5RZEuX64Z5uJRELobPUJCopNvEkUARYpNUw9V8bmC4GPnpkHmoJDRh4M,2026-09-02T12:55:32Z,7djZvJGNvke9AwcBqZeUvoFVi7fT1kLW7x7BW6geCApC,9.811090032,2026-09-02T15:10:23Z,8091,23NYV8FDB1MUy674ry3j2CVzuX1eVVHmuSCEDve2B3Wd1mM6njvxrcv4eGWt2X4gcWd1cPYkJp3NgCwy7VjXFuVE,1,1,0,100,46,True,NO_CALLER_LINK
EqiFgyNw6kgrmYstWyrP8VjKhka7XEmKTZzHSmwpr1Zb,FuF2M5T79HJdpJUbp46qwWssLXQ1Xjf1yiNSfyo5UEGC,Benny,3qAnpWZRscTArDAco6PcvL8CRWQPhtzh8YwwTxKE5GDeLogj1xiWZgFimGDFqmSpHfrwXvycUpR6z8tQa8FCELao,2026-09-03T11:54:45Z,J5XGHmzrRmnYWbmw45DbYkdZAU2bwERFZ11qCDXPvFB5,0.06,2026-09-03T12:15:10Z,1225,43d9NzRHYfQTbCznbSoho4a47YBT768yhbDpm4nmjDF7accGw5cf5WEQcTDL3YMfRgLmnuWaPXmL34jSivNmuNB9,17,3,39,100,12,False,CALLER_SHARED_DESTINATION
EqiFgyNw6kgrmYstWyrP8VjKhka7XEmKTZzHSmwpr1Zb,FuF2M5T79HJdpJUbp46qwWssLXQ1Xjf1yiNSfyo5UEGC,Benny,3qAnpWZRscTArDAco6PcvL8CRWQPhtzh8YwwTxKE5GDeLogj1xiWZgFimGDFqmSpHfrwXvycUpR6z8tQa8FCELao,2026-09-03T11:54:45Z,58jK69gh2izr14tLAiCP74AyS49EQ6An9izGUc1DNxWb,10.376330213,2026-09-03T13:37:28Z,6163,knU5PLt7DrQrGMHvxguxWvt7Pz3opKHn88mhtnRLGULPAMgQ3xJM9SzCCSjkpcuTsLXWL2c2AwS7HcH68XPKygZ,3,1,0,100,27,True,NO_CALLER_LINK
EqiFgyNw6kgrmYstWyrP8VjKhka7XEmKTZzHSmwpr1Zb,FuF2M5T79HJdpJUbp46qwWssLXQ1Xjf1yiNSfyo5UEGC,Benny,3qAnpWZRscTArDAco6PcvL8CRWQPhtzh8YwwTxKE5GDeLogj1xiWZgFimGDFqmSpHfrwXvycUpR6z8tQa8FCELao,2026-09-03T11:54:45Z,58jK69gh2izr14tLAiCP74AyS49EQ6An9izGUc1DNxWb,10.205423751,2026-09-03T14:46:31Z,10306,3oHguZm3gF1CRtFdNz5QjPHQfpd6dqgfnUKCF1Hy2pLej3YdheU1bzWQfDUhBuRVnni3A4ow7QUmYFAeLu3babAp,3,1,0,100,27,True,NO_CALLER_LINK
EqiFgyNw6kgrmYstWyrP8VjKhka7XEmKTZzHSmwpr1Zb,FuF2M5T79HJdpJUbp46qwWssLXQ1Xjf1yiNSfyo5UEGC,Benny,3qAnpWZRscTArDAco6PcvL8CRWQPhtzh8YwwTxKE5GDeLogj1xiWZgFimGDFqmSpHfrwXvycUpR6z8tQa8FCELao,2026-09-03T11:54:45Z,J5XGHmzrRmnYWbmw45DbYkdZAU2bwERFZ11qCDXPvFB5,0.057490552,2026-09-03T15:00:44Z,11159,4DoUWUo2r5dwD9goJEv5khZrWeXb3FXEnQ64A89idGgaGGjDbeKozbj9QAaQXQNmJTE4rLhrG5vRJcBupWszZCgT,17,3,39,100,12,False,CALLER_SHARED_DESTINATION
EqiFgyNw6kgrmYstWyrP8VjKhka7XEmKTZzHSmwpr1Zb,FuF2M5T79HJdpJUbp46qwWssLXQ1Xjf1yiNSfyo5UEGC,Benny,3qAnpWZRscTArDAco6PcvL8CRWQPhtzh8YwwTxKE5GDeLogj1xiWZgFimGDFqmSpHfrwXvycUpR6z8tQa8FCELao,2026-09-03T11:54:45Z,J5XGHmzrRmnYWbmw45DbYkdZAU2bwERFZ11qCDXPvFB5,0.05,2026-09-03T15:04:44Z,11399,3YeiN577QjLQ3nHvLskbfYpbaPcA5Av8xGJsPMPcVJfiaYbMgRMYoYD5yTBJxacZt9hcykR7PS8MoxAqV39eMDBX,17,3,39,100,12,False,CALLER_SHARED_DESTINATION
EqiFgyNw6kgrmYstWyrP8VjKhka7XEmKTZzHSmwpr1Zb,FuF2M5T79HJdpJUbp46qwWssLXQ1Xjf1yiNSfyo5UEGC,Benny,3qAnpWZRscTArDAco6PcvL8CRWQPhtzh8YwwTxKE5GDeLogj1xiWZgFimGDFqmSpHfrwXvycUpR6z8tQa8FCELao,2026-09-03T11:54:45Z,J5XGHmzrRmnYWbmw45DbYkdZAU2bwERFZ11qCDXPvFB5,0.06031638,2026-09-03T15:04:57Z,11412,3ifQMvLSxruHwKGdgvS9YHVVEtJeii1BkVwwqGhpjxbucYEaBj4rwGEVmiBGjPqivNJCZrcB8ZK9YvsPaf4HWxT3,17,3,39,100,12,False,CALLER_SHARED_DESTINATION
EqiFgyNw6kgrmYstWyrP8VjKhka7XEmKTZzHSmwpr1Zb,FuF2M5T79HJdpJUbp46qwWssLXQ1Xjf1yiNSfyo5UEGC,Benny,3qAnpWZRscTArDAco6PcvL8CRWQPhtzh8YwwTxKE5GDeLogj1xiWZgFimGDFqmSpHfrwXvycUpR6z8tQa8FCELao,2026-09-03T11:54:45Z,J5XGHmzrRmnYWbmw45DbYkdZAU2bwERFZ11qCDXPvFB5,0.05182193,2026-09-03T15:05:47Z,11462,5AUD2Srk1yhGLo72M7zNY1NmpgojaT5hv42oZdfzzjrgEmbLFDGYqJNKkLvaYCoECkEe17WakuEffrwKvT2Eiupy,17,3,39,100,12,False,CALLER_SHARED_DESTINATION
EqiFgyNw6kgrmYstWyrP8VjKhka7XEmKTZzHSmwpr1Zb,FuF2M5T79HJdpJUbp46qwWssLXQ1Xjf1yiNSfyo5UEGC,Benny,3qAnpWZRscTArDAco6PcvL8CRWQPhtzh8YwwTxKE5GDeLogj1xiWZgFimGDFqmSpHfrwXvycUpR6z8tQa8FCELao,2026-09-03T11:54:45Z,J5XGHmzrRmnYWbmw45DbYkdZAU2bwERFZ11qCDXPvFB5,0.1,2026-09-03T15:12:35Z,11870,5RydsD8Kwc8zjitMo8z2KWPxT15FwxuGFTzTPsgF9baiXdzdX16yB1wk5YBQzQvEMK2WkLhyAFUMSAWrd99X6ZNS,17,3,39,100,12,False,CALLER_SHARED_DESTINATION
EqiFgyNw6kgrmYstWyrP8VjKhka7XEmKTZzHSmwpr1Zb,FuF2M5T79HJdpJUbp46qwWssLXQ1Xjf1yiNSfyo5UEGC,Benny,3qAnpWZRscTArDAco6PcvL8CRWQPhtzh8YwwTxKE5GDeLogj1xiWZgFimGDFqmSpHfrwXvycUpR6z8tQa8FCELao,2026-09-03T11:54:45Z,J5XGHmzrRmnYWbmw45DbYkdZAU2bwERFZ11qCDXPvFB5,0.068502346,2026-09-03T15:14:30Z,11985,EWwcosmsPAzMy8GLtJVpGUuC6PewV21ePPgvtZzStZRPXKukA665RdEaL9TSh4rSRAh4cBpK7AwE5pDEEcujC5k,17,3,39,100,12,False,CALLER_SHARED_DESTINATION
EqiFgyNw6kgrmYstWyrP8VjKhka7XEmKTZzHSmwpr1Zb,FuF2M5T79HJdpJUbp46qwWssLXQ1Xjf1yiNSfyo5UEGC,Benny,3qAnpWZRscTArDAco6PcvL8CRWQPhtzh8YwwTxKE5GDeLogj1xiWZgFimGDFqmSpHfrwXvycUpR6z8tQa8FCELao,2026-09-03T11:54:45Z,58jK69gh2izr14tLAiCP74AyS49EQ6An9izGUc1DNxWb,10.078417803,2026-09-03T15:22:00Z,12435,33HSmPPgc7kCiPF3VYjxMdhAPGgTYsXMfC2YDdvo2kYFm2XQ77CcdJNGznRzoQDSFefVb5n8qoiTKHJmLd6D7oKf,3,1,0,100,27,True,NO_CALLER_LINK
