wallet,mint,token,symbol,call_timestamp,buy_timestamp,buy_sol,sale_timestamp,seconds_after_call,tokens_disposed,net_sol_change,net_usdc_change,net_wsol_change,sale_signature
Bi4rd5FH5bYEN8scZ7wevxNZyNmKHdaBcvewdPFxYdLt,5pSEZw1iytqYznD7crsGyKNek7q5JkjBqj2KmfqxUVZd,Honky Chonk Beardonkadonk⁣⁣,CHONK,2026-09-24T16:48:46.328000Z,2026-09-24T16:46:28Z,2.962962961,2026-09-24T16:53:09Z,263,1338254.866264,0.907723754,0.0,0.0,5Qbc8wDtm6BB5CtxbSzKoGEuzSJFHqRfAuYSoJk9s8ULxHVEsfC7eaGHQ15kTMhu9Xw7KczGKo7SbDdgaUJCTrLp
89HbgWduLwoxcofWpmn1EiF9wEdpgkNDEyPjzZ72mkDi,6XD1vorwquLXjTSL5W4MJMGewZBeiEcPFmZw527TSwva,AlxCooks,AlxCooks,2026-10-03T19:11:00.378000Z,2026-10-03T19:09:17Z,1.792592592,2026-10-03T19:15:49Z,289,17600618.370797,1.005929337,0.0,0.0,5gE8ajWjJrrnnyDc8SX9RKxPmo6stgBfzU1q4UWj3nfrn8annz9w7ec64UjqDnapfePF5HG815aLqK9BRh1NEkac
89HbgWduLwoxcofWpmn1EiF9wEdpgkNDEyPjzZ72mkDi,7mRDn1rAqjwFQXacodr1UmkNdvAGPbtNP9k5jvBZqt9J,MEMETARD,MEMETARD,2026-10-06T12:47:37.481000Z,2026-10-06T12:46:39Z,1.792592592,2026-10-06T12:51:25Z,228,25395253.700243,1.743938431,0.0,0.0,4ZqWdsTmhKGcHKFXJ3eoEinASMtTLaRhbAjR937cML8W9F9M3DLsZRVD12zXNfsa2rufGaoJrGHZVFEZurBrAaGC
Bi4rd5FH5bYEN8scZ7wevxNZyNmKHdaBcvewdPFxYdLt,8qT3o4k4aUmyLrgd7hHYmVxin3kFhQ9QsXdSXTP6pump,cwoin,cwoin,2026-09-03T15:44:59.146000Z,2026-09-03T15:40:40Z,2.962962961,2026-09-03T15:45:01Z,2,23779727.897986,2.878562468,0.0,0.0,4jtDTyM7shpG8zwxzDbHuvZdyh3SUoczBTeVwKPrkobVxA1vDv9FNKWcr26EVxc92d73EtxoR3nhWr6XBsQWZsnY
89HbgWduLwoxcofWpmn1EiF9wEdpgkNDEyPjzZ72mkDi,9PNfxvTARzdxvQas2uknW57bnfMCS1dxW1He7rPbuhuQ,Artificial Inufluencer,AI,2026-10-03T17:58:58.595000Z,2026-10-03T17:57:28Z,1.7720116036250428,2026-10-03T18:03:12Z,254,28814089.054721,1.704961784,0.0,0.0,49kZnWYD4ogNTjKqVfd5iQZc91AFUDUHzzPaNkNMwQkGXHs3XvnGNSVg2UFJde3pZhM7Gss8WwgLF2byRfRuKa4k
3LUfv2u5yzsDtUzPdsSJ7ygPBuqwfycMkjpNreRR2Yww,ASftCNtzPNmK3nMDvpQNvpLauKS45Vkq7kwTPutqUBL1,Larp Final Boss,TIMUR,2026-09-22T12:42:42.368000Z,2026-09-22T12:32:27Z,1.669430595,2026-09-22T12:59:10Z,988,22028579.867983,1.805488454,0.0,0.0,5SwghSDCx5wXH17kfkERvPUSZPrL6zAY1YMXUXbXNy4T9NxJ2hj7fLyStLnt4Ejj4zydFRgSSLW1Dp7ct5qpiwt4
89HbgWduLwoxcofWpmn1EiF9wEdpgkNDEyPjzZ72mkDi,BZYpLHhui3qRNokWFg2JcX8CYtMqzWHR5R4xowjcbPqh,honse,honse,2026-09-19T14:36:26.297000Z,2026-09-19T14:35:36Z,1.810699587,2026-09-19T14:37:20Z,54,16332059.311225,1.523059264,0.0,0.0,5NEFtNTmq3rQK2XhgDXvjJtHWJKJbwMR6DnxzdxAG5Gv39um3PBDCsQLmQSvokYN6NQtTrvm1qVbG923fnYMdabi
Bi4rd5FH5bYEN8scZ7wevxNZyNmKHdaBcvewdPFxYdLt,EkTkjVEfhvgkoCwheMTnr8mhEmJ6Q7ZR8q7ZMCcnpump,groinbase,groinbase,2026-09-09T19:21:45.321000Z,2026-09-09T19:19:05Z,2.962962961,2026-09-09T19:26:15Z,270,8712012.329273,3.849697463,0.0,0.0,5nGHnxoZe833H1H1jgP1isEeSzJXfAuSCkjAr6W3S1wQHNMVN5ETdiCLsg3iHEJ5FBQyNXLQcSUgfcUsYGp6JrLz
EqiFgyNw6kgrmYstWyrP8VjKhka7XEmKTZzHSmwpr1Zb,F59cEB3A7RAKHGtkvR577swnPSP6EsdaBoL5AcVZpump,dogwifwig,RALPHIE,2026-09-02T12:19:59.922000Z,2026-09-02T11:42:44Z,0.977777777,2026-09-02T12:55:32Z,2133,26727504.920404,2.338334653,0.0,0.0,5MshMzZyJV5gLQmQHiK4PteGC293c74G5RZEuX64Z5uJRELobPUJCopNvEkUARYpNUw9V8bmC4GPnpkHmoJDRh4M
EqiFgyNw6kgrmYstWyrP8VjKhka7XEmKTZzHSmwpr1Zb,FuF2M5T79HJdpJUbp46qwWssLXQ1Xjf1yiNSfyo5UEGC,catwifhats,Benny,2026-09-03T11:23:40.610000Z,2026-09-03T11:13:02Z,0.718518518,2026-09-03T11:54:45Z,1865,15982365.931829,1.572649608,0.0,0.0,3qAnpWZRscTArDAco6PcvL8CRWQPhtzh8YwwTxKE5GDeLogj1xiWZgFimGDFqmSpHfrwXvycUpR6z8tQa8FCELao
