token,mint,bundle_status,confidence,wallet_count,supply_percent,shared_funder,root_funder,bundle_timestamp,call_timestamp,seconds_relative_to_call,evidence
SPEEDRUN,4sjtHGeAKP6DoMUdvFqQuiYKhhPpwa9XCxUyuFD2pump,CONFIRMED_BUNDLE,CONFIRMED,44,94.545665076309,C4eNLxxC7XLUivghMi35YUeSfvACgnvKB18115uPUqjg,,2026-08-28T15:15:01Z,2026-08-28T15:29:18.163000Z,-857.163,2 early wallets share direct funder C4eNLxxC7XLUivghMi35YUeSfvACgnvKB18115uPUqjg; 4 broad exchange/service-like funding groups excluded from ownership score; 2 early wallets bought in the same transaction; 9 early wallets were brand-new or very fresh; 4 early buys had near-identical SOL sizes (0.001 SOL rounding); 50 early wallets bought before the callout
MARIO,7Q9VxTczrzgvjXWbJJZibR7hbYAohngsNsuEhdEcpump,COORDINATED_EARLY_BUYERS,MEDIUM,45,74.9810490119427,,,2026-08-29T18:06:33Z,2026-08-29T18:07:30.018000Z,-57.018,4 broad exchange/service-like funding groups excluded from ownership score; 13 early wallets bought in the same slot; 4 early wallets were brand-new or very fresh; 50 early wallets bought before the callout
Dawn,5L6As5obMTXxKwjmGBy1LTRwW2Hm1PjSK18JhETrpump,COORDINATED_EARLY_BUYERS,MEDIUM,31,72.2132195030361,,,2026-08-30T04:50:21Z,2026-08-30T05:19:21.229000Z,-1740.229,3 broad exchange/service-like funding groups excluded from ownership score; 7 early wallets bought in the same slot; 4 early wallets were brand-new or very fresh; 3 early buys had near-identical SOL sizes (0.001 SOL rounding); 50 early wallets bought before the callout
chimp,CSLP8Vp7u9hrXQi7crPXqCp7BaJaG4JrNxqvR3jDpump,CONFIRMED_BUNDLE,HIGH,34,60.4417008703884,CJCUQo5EV7QGgWhG1RmgdYAFCWeXSAPKr4LMU6nqBqwT,,2026-08-31T11:01:42Z,2026-08-31T11:05:44.192000Z,-242.192,2 early wallets share direct funder CJCUQo5EV7QGgWhG1RmgdYAFCWeXSAPKr4LMU6nqBqwT; 4 broad exchange/service-like funding groups excluded from ownership score; 2 early wallets bought in the same transaction; 3 early buys had near-identical SOL sizes (0.001 SOL rounding); 50 early wallets bought before the callout
puter,4GRTznsfLTRqaB2uMAFmmgaWtvfVyBb4qCsTjskUpump,COORDINATED_EARLY_BUYERS,MEDIUM,44,57.1231486614754,,,2026-08-31T12:22:59Z,2026-08-31T12:27:03.619000Z,-244.619,4 broad exchange/service-like funding groups excluded from ownership score; 11 early wallets bought in the same slot; 6 early wallets were brand-new or very fresh; 6 early buys had near-identical SOL sizes (0.001 SOL rounding); 50 early wallets bought before the callout
rollie,DQ2H7qcj262RAKfSxGYeL7cYJq54mVdXe4gYxUwxpump,COORDINATED_EARLY_BUYERS,MEDIUM,46,59.1939514271944,,,2026-08-31T12:55:13Z,2026-08-31T12:57:43.420000Z,-150.42,3 broad exchange/service-like funding groups excluded from ownership score; 8 early wallets bought in the same slot; 6 early wallets were brand-new or very fresh; 4 early buys had near-identical SOL sizes (0.001 SOL rounding); 50 early wallets bought before the callout
happiness,7xXo3JYBqzh6D91XRppzFRLfw8wJHypeukGaNWwKgZ8m,COORDINATED_EARLY_BUYERS,MEDIUM,25,36.0421330861241,,,2026-08-31T19:11:05Z,2026-08-31T19:21:29.047000Z,-624.047,3 broad exchange/service-like funding groups excluded from ownership score; 7 early wallets bought in the same slot; 6 early wallets were brand-new or very fresh; 7 early buys had near-identical SOL sizes (0.001 SOL rounding); 50 early wallets bought before the callout
Bert,28HydoWU7TZQxWiVQxGZyspE3qgWdCHToNDVgLoNpump,COORDINATED_EARLY_BUYERS,MEDIUM,24,37.6137213994187,,,2026-09-01T11:45:36Z,2026-09-01T11:48:16.189000Z,-160.189,2 broad exchange/service-like funding groups excluded from ownership score; 7 early wallets bought in the same slot; 5 early wallets were brand-new or very fresh; 4 early buys had near-identical SOL sizes (0.001 SOL rounding); 50 early wallets bought before the callout
WARRIORS,6wSQipxdE9Suf8tVNaCEbcqavUbLT7gL9tibpm3Jpump,SUSPECTED_BUNDLE,HIGH,31,56.4600560674773,DsMFNuYhbHP6m4x3XEHV36SjXQV68WLgXPwqmPLDRsAN,,2026-09-01T12:45:45Z,2026-09-01T12:49:29.688000Z,-224.688,2 early wallets share direct funder DsMFNuYhbHP6m4x3XEHV36SjXQV68WLgXPwqmPLDRsAN; 2 broad exchange/service-like funding groups excluded from ownership score; 7 early wallets bought in the same slot; 3 early buys had near-identical SOL sizes (0.001 SOL rounding); 50 early wallets bought before the callout
HackINU,4prKtarobdhYDY4Hu3uGZMx7Je4HqPJeLVyxN6m4Ld3T,COORDINATED_EARLY_BUYERS,MEDIUM,23,51.1603075202288,,,2026-09-01T14:05:24Z,2026-09-01T14:11:37.296000Z,-373.296,2 broad exchange/service-like funding groups excluded from ownership score; 7 early wallets bought in the same slot; 4 early buys had near-identical SOL sizes (0.001 SOL rounding); 50 early wallets bought before the callout
RALPHIE,F59cEB3A7RAKHGtkvR577swnPSP6EsdaBoL5AcVZpump,COORDINATED_EARLY_BUYERS,MEDIUM,25,51.2030635132906,,,2026-09-02T11:42:14Z,2026-09-02T12:19:59.922000Z,-2265.922,4 broad exchange/service-like funding groups excluded from ownership score; 9 early wallets bought in the same slot; 3 early wallets were brand-new or very fresh; 4 early buys had near-identical SOL sizes (0.001 SOL rounding); 50 early wallets bought before the callout
HOME,EoKqyKksc4ekiPVuBD9FiztYQHkV59x8KTcZ3ReLpump,SUSPECTED_BUNDLE,CONFIRMED,43,67.68841463510209,suqh5sHtr8HyJ7q8scBimULPkPpA557prMG47xCHQfK,,2026-09-02T13:01:44Z,2026-09-02T13:13:47.125000Z,-723.125,2 early wallets share direct funder suqh5sHtr8HyJ7q8scBimULPkPpA557prMG47xCHQfK; 6 broad exchange/service-like funding groups excluded from ownership score; 19 early wallets bought in the same slot; 3 early wallets were brand-new or very fresh; 4 early buys had near-identical SOL sizes (0.001 SOL rounding); 50 early wallets bought before the callout
HOPE,Ajz86fyiygsv8kZkUyDxogxkz5VfKRs4HTEABVTfpump,CONFIRMED_BUNDLE,CONFIRMED,41,69.145085555326,8bpe4gWuAvniwHt8mxtzrKn7ixLviePa8ymb6PP8ftXc,,2026-09-02T16:53:00Z,2026-09-02T17:06:30.583000Z,-810.583,4 early wallets share direct funder 8bpe4gWuAvniwHt8mxtzrKn7ixLviePa8ymb6PP8ftXc; 4 broad exchange/service-like funding groups excluded from ownership score; 2 early wallets bought in the same transaction; 6 early wallets were brand-new or very fresh; 5 early buys had near-identical SOL sizes (0.001 SOL rounding); 50 early wallets bought before the callout
Benny,FuF2M5T79HJdpJUbp46qwWssLXQ1Xjf1yiNSfyo5UEGC,COORDINATED_EARLY_BUYERS,MEDIUM,9,30.700363924035102,,,2026-09-03T11:12:35Z,2026-09-03T11:23:40.610000Z,-665.61,1 broad exchange/service-like funding groups excluded from ownership score; 2 early wallets bought in the same transaction; 3 early buys had near-identical SOL sizes (0.001 SOL rounding); 50 early wallets bought before the callout
WIF,8G7aM6Gco4fHjVpmVvUdVvhKMKaWXJEqkCKRvPdepump,COORDINATED_EARLY_BUYERS,MEDIUM,16,39.4816598561927,,,2026-09-03T12:46:23Z,2026-09-03T13:13:02.498000Z,-1599.498,5 broad exchange/service-like funding groups excluded from ownership score; 5 early wallets bought in the same slot; 3 early wallets were brand-new or very fresh; 4 early buys had near-identical SOL sizes (0.001 SOL rounding); 50 early wallets bought before the callout
PAIRLESS,BmU6YJP2YCAo8sc2dkeR8KjvF3rGFBHZL25ejysppump,SUSPECTED_BUNDLE,HIGH,38,74.4006415964344,3Q3pUQ5fkRjJFaMEuH7j3NQut3SuMRhASU6BRAgwsKMV,,2026-09-03T14:52:17Z,2026-09-03T14:57:07.732000Z,-290.732,2 early wallets share direct funder 3Q3pUQ5fkRjJFaMEuH7j3NQut3SuMRhASU6BRAgwsKMV; 2 broad exchange/service-like funding groups excluded from ownership score; 9 early wallets bought in the same slot; 5 early buys had near-identical SOL sizes (0.001 SOL rounding); 50 early wallets bought before the callout
cwoin,8qT3o4k4aUmyLrgd7hHYmVxin3kFhQ9QsXdSXTP6pump,SUSPECTED_BUNDLE,HIGH,33,73.77968553623231,9pnhstim5NP4b7JPzC9sxm38cwLtdvP2yh3XucuebUj3,,2026-09-03T15:40:31Z,2026-09-03T15:44:59.146000Z,-268.146,2 early wallets share direct funder 9pnhstim5NP4b7JPzC9sxm38cwLtdvP2yh3XucuebUj3; 4 broad exchange/service-like funding groups excluded from ownership score; 6 early wallets bought in the same slot; 5 early buys had near-identical SOL sizes (0.001 SOL rounding); 50 early wallets bought before the callout
ASSTRA,AmWCcDf6tG7zB3VPeDVjeXL5N567fXAiHcTKw3xXpump,COORDINATED_EARLY_BUYERS,MEDIUM,48,68.9006702886788,,,2026-09-03T18:08:25Z,2026-09-03T18:18:30.782000Z,-605.782,2 broad exchange/service-like funding groups excluded from ownership score; 2 early wallets bought in the same transaction; 3 early wallets were brand-new or very fresh; 5 early buys had near-identical SOL sizes (0.001 SOL rounding); 50 early wallets bought before the callout
POKE,B3xU49SW3khA7m5Lgata2fmPxZeQRuaJbCruPsVDpump,COORDINATED_EARLY_BUYERS,MEDIUM,30,50.529787109993,,,2026-09-03T18:43:52Z,2026-09-03T18:49:58.373000Z,-366.373,4 broad exchange/service-like funding groups excluded from ownership score; 7 early wallets bought in the same slot; 4 early buys had near-identical SOL sizes (0.001 SOL rounding); 50 early wallets bought before the callout
ARCADE.GOV,CHygERrxnc5QByNCwxUNSMhP7tKJA7rh6hNBdJ2spump,COORDINATED_EARLY_BUYERS,MEDIUM,29,50.9808413715937,,,2026-09-03T21:04:24Z,2026-09-03T21:21:39.307000Z,-1035.307,6 broad exchange/service-like funding groups excluded from ownership score; 8 early wallets bought in the same slot; 7 early wallets were brand-new or very fresh; 8 early buys had near-identical SOL sizes (0.001 SOL rounding); 50 early wallets bought before the callout
MEMES,9CzNGAEutxKHJ5CwYC5Lk8X8YzgYrQnvKChP2BFEpump,SUSPECTED_BUNDLE,HIGH,30,64.5598641105714,HHASXvWLFRSwRBNQgEuhU3d3x2GU63y2crpJcwBKtppX,,2026-09-04T12:55:35Z,2026-09-04T13:06:58.280000Z,-683.28,2 early wallets share direct funder HHASXvWLFRSwRBNQgEuhU3d3x2GU63y2crpJcwBKtppX; 3 broad exchange/service-like funding groups excluded from ownership score; 6 early wallets bought in the same slot; 3 early buys had near-identical SOL sizes (0.001 SOL rounding); 50 early wallets bought before the callout
hood,AbpJywMWmkf1MFonRddPVogSwPPZHB9pG4x2nKb1YaPn,COORDINATED_EARLY_BUYERS,MEDIUM,40,60.536082737556,,,2026-09-04T13:34:21Z,2026-09-04T13:40:18.393000Z,-357.393,4 broad exchange/service-like funding groups excluded from ownership score; 7 early wallets bought in the same slot; 7 early buys had near-identical SOL sizes (0.001 SOL rounding); 50 early wallets bought before the callout
rubenhood,13V3CbY7Q7AXnf24FMsUaQrmLxnRU4Md9phDEWZvpump,COORDINATED_EARLY_BUYERS,MEDIUM,37,80.3255752649257,,,2026-09-04T14:05:45Z,2026-09-04T14:13:47.812000Z,-482.812,3 broad exchange/service-like funding groups excluded from ownership score; 11 early wallets bought in the same slot; 6 early wallets were brand-new or very fresh; 5 early buys had near-identical SOL sizes (0.001 SOL rounding); 50 early wallets bought before the callout
LOOONG,D4aEpQLW45YnWrBmztcpJHqabbPtFe9F9PTv8Umvpump,COORDINATED_EARLY_BUYERS,MEDIUM,23,60.8848321986408,,,2026-09-05T16:04:25Z,2026-09-05T17:07:02.070000Z,-3757.07,3 broad exchange/service-like funding groups excluded from ownership score; 6 early wallets bought in the same slot; 4 early wallets were brand-new or very fresh; 3 early buys had near-identical SOL sizes (0.001 SOL rounding); 50 early wallets bought before the callout
TOLY,DTm66ivA96mhuQnqTy1cv7uELS4MHdYtpbRGJdW9t7Fn,COORDINATED_EARLY_BUYERS,MEDIUM,40,68.1709237639794,,,2026-09-05T19:06:28Z,2026-09-05T19:10:08.504000Z,-220.504,4 broad exchange/service-like funding groups excluded from ownership score; 10 early wallets bought in the same slot; 7 early buys had near-identical SOL sizes (0.001 SOL rounding); 50 early wallets bought before the callout
PUMPLOYEE,3coFBLantjJkMRmzaQ4znMQQzfqFYTyBeNhdXYAzpump,COORDINATED_EARLY_BUYERS,MEDIUM,37,61.057043897941305,,,2026-09-05T20:17:06Z,2026-09-05T20:27:15.115000Z,-609.115,1 broad exchange/service-like funding groups excluded from ownership score; 11 early wallets bought in the same slot; 5 early buys had near-identical SOL sizes (0.001 SOL rounding); 50 early wallets bought before the callout
Memeworld,3GeNgcFpMwH9ts5b3W3jddtfwhwAURaykTy8YjtrGQWT,COORDINATED_EARLY_BUYERS,MEDIUM,24,20.9992146111945,,,2026-09-06T13:24:34Z,2026-09-06T13:28:08.298000Z,-214.298,5 broad exchange/service-like funding groups excluded from ownership score; 8 early wallets bought in the same slot; 5 early buys had near-identical SOL sizes (0.001 SOL rounding); 50 early wallets bought before the callout
PUMPFOLIO,xeKm1qmxyHLJZLdwKpsZdx5UFtYyb124GTWRZWypump,SUSPECTED_BUNDLE,CONFIRMED,26,71.2302001368224,J6EJ6hXMjbHKpxj7e7gtWW1uiC41FsKZMKTRca9cvmBw,,2026-09-07T13:10:44Z,2026-09-07T13:13:56.771000Z,-192.771,3 early wallets share direct funder J6EJ6hXMjbHKpxj7e7gtWW1uiC41FsKZMKTRca9cvmBw; 2 broad exchange/service-like funding groups excluded from ownership score; 6 early wallets bought in the same slot; 4 early wallets were brand-new or very fresh; 3 early buys had near-identical SOL sizes (0.001 SOL rounding); 50 early wallets bought before the callout
AMERICACOIN,6gKx5EMvnymTVz2JgFhJAqpGxTYaBdVsaLb9YfPfvg4Y,SUSPECTED_BUNDLE,CONFIRMED,27,50.1959663743911,JDBT5koS1f9qPVcujCmDxGpSn1U7qFYYbY1aae6vG2gS,,2026-09-07T14:45:59Z,2026-09-07T14:55:35.809000Z,-576.809,3 early wallets share direct funder JDBT5koS1f9qPVcujCmDxGpSn1U7qFYYbY1aae6vG2gS; 3 broad exchange/service-like funding groups excluded from ownership score; 10 early wallets bought in the same slot; 5 early wallets were brand-new or very fresh; 6 early buys had near-identical SOL sizes (0.001 SOL rounding); 50 early wallets bought before the callout
Rentosertib,7271ZR6GBzaGqdtP28ZqZ5BKRt2ziu4AnPnVCAL7pump,COORDINATED_EARLY_BUYERS,MEDIUM,41,71.9159996231333,,,2026-09-07T15:25:08Z,2026-09-07T15:44:29.671000Z,-1161.671,7 broad exchange/service-like funding groups excluded from ownership score; 11 early wallets bought in the same slot; 3 early buys had near-identical SOL sizes (0.001 SOL rounding); 50 early wallets bought before the callout
POOP,BUPNYwndVGfzVb6RG6q2PX53VdAimw2Mi98QxqeWpump,SUSPECTED_BUNDLE,HIGH,43,54.5461637640761,7uqNU9d8KPRFATwkxMySWwyQUEjxuuxNRCYoTSej8KYp,,2026-09-07T17:23:13Z,2026-09-07T17:39:34.540000Z,-981.54,2 early wallets share direct funder 7uqNU9d8KPRFATwkxMySWwyQUEjxuuxNRCYoTSej8KYp; 4 broad exchange/service-like funding groups excluded from ownership score; 16 early wallets bought in the same slot; 5 early buys had near-identical SOL sizes (0.001 SOL rounding); 50 early wallets bought before the callout
FART,2A6sLqrw8WN6KkgnCsN4xJkyAowBZHr2H9xQ4u3Mpump,COORDINATED_EARLY_BUYERS,MEDIUM,37,55.2459736536125,,,2026-09-08T10:50:59Z,2026-09-08T11:04:44.614000Z,-825.614,2 broad exchange/service-like funding groups excluded from ownership score; 9 early wallets bought in the same slot; 4 early buys had near-identical SOL sizes (0.001 SOL rounding); 50 early wallets bought before the callout
SLOP,4n32UBFWKJNPQayeN25GrLJHswbja41XFMxebcg9pump,SUSPECTED_BUNDLE,HIGH,31,29.5030146747867,8deJ9xeUvXSJwicYptA9mHsU2rN2pDx37KWzkDkEXhU6,,2026-09-08T12:39:50Z,2026-09-08T12:54:50.717000Z,-900.717,3 early wallets share direct funder 8deJ9xeUvXSJwicYptA9mHsU2rN2pDx37KWzkDkEXhU6; 4 broad exchange/service-like funding groups excluded from ownership score; 10 early wallets bought in the same slot; 10 early buys had near-identical SOL sizes (0.001 SOL rounding); 50 early wallets bought before the callout
G,hHc9579gpKUnvYvgcKyjdpe1UhmfVfGzGwMQCADpump,SUSPECTED_BUNDLE,HIGH,39,59.8534471514056,PMJA8UQDyWTFw2Smhyp9jGA6aTaP7jKHR7BPudrgyYN,,2026-09-07T12:03:33Z,2026-09-08T13:47:28.073000Z,-92635.073,2 early wallets share direct funder PMJA8UQDyWTFw2Smhyp9jGA6aTaP7jKHR7BPudrgyYN; 4 broad exchange/service-like funding groups excluded from ownership score; 10 early wallets bought in the same slot; 6 early buys had near-identical SOL sizes (0.001 SOL rounding); 50 early wallets bought before the callout
Memecoin ,HJPjdsDmcvgCj4MV3NvqCWd78qDP8BMzGfrsk4Nbpump,COORDINATED_EARLY_BUYERS,MEDIUM,35,61.171988481909004,,,2026-09-08T15:08:14Z,2026-09-08T15:27:36.749000Z,-1162.749,2 broad exchange/service-like funding groups excluded from ownership score; 9 early wallets bought in the same slot; 3 early wallets were brand-new or very fresh; 4 early buys had near-identical SOL sizes (0.001 SOL rounding); 50 early wallets bought before the callout
WATCHING,5o9sE9FEVC12zWBd2zqPXAhoVyRiNjGfaYX6hS3Ppump,COORDINATED_EARLY_BUYERS,MEDIUM,43,75.0588836245508,,,2026-09-08T16:33:22Z,2026-09-08T16:38:24.573000Z,-302.573,3 broad exchange/service-like funding groups excluded from ownership score; 2 early wallets bought in the same transaction; 3 early wallets were brand-new or very fresh; 5 early buys had near-identical SOL sizes (0.001 SOL rounding); 50 early wallets bought before the callout
Nasdih,6VMsrZvNaSzddT6vkY6dEDoFMeK5EoHD4KCAycfQpump,SUSPECTED_BUNDLE,CONFIRMED,40,69.4124097921585,DGFW1Effv88XzXkgfgyoFfmefzEU5Pp9zWJACBmCSh8K,,2026-09-08T17:01:21Z,2026-09-08T17:05:52.819000Z,-271.819,2 early wallets share direct funder DGFW1Effv88XzXkgfgyoFfmefzEU5Pp9zWJACBmCSh8K; 4 broad exchange/service-like funding groups excluded from ownership score; 28 early wallets bought in the same slot; 9 early wallets were brand-new or very fresh; 7 early buys had near-identical SOL sizes (0.001 SOL rounding); 50 early wallets bought before the callout
CONDOM,7aLLQRBpGCaSLmmHGf34MGtbdtTumiB14d14TtDnpump,COORDINATED_EARLY_BUYERS,MEDIUM,49,75.4287358866178,,,2026-09-08T18:10:02Z,2026-09-08T18:13:45.352000Z,-223.352,5 broad exchange/service-like funding groups excluded from ownership score; 2 early wallets bought in the same transaction; 3 early wallets were brand-new or very fresh; 4 early buys had near-identical SOL sizes (0.001 SOL rounding); 50 early wallets bought before the callout
Adam,GL7M1C4QeLoURyexYgdhuP8SvaPh5LHQLRqKha3epump,COORDINATED_EARLY_BUYERS,MEDIUM,47,93.2258174724752,,,2026-09-08T18:38:57Z,2026-09-08T18:40:46.153000Z,-109.153,4 broad exchange/service-like funding groups excluded from ownership score; 9 early wallets bought in the same slot; 3 early buys had near-identical SOL sizes (0.001 SOL rounding); 50 early wallets bought before the callout
Wen,44s336LDz8bXp4rpxy1qwUfysZ4THjpReQWTKQg7pump,SUSPECTED_BUNDLE,CONFIRMED,32,75.3375543217534,PMJA8UQDyWTFw2Smhyp9jGA6aTaP7jKHR7BPudrgyYN,,2026-09-09T15:51:49Z,2026-09-09T15:55:56.219000Z,-247.219,2 early wallets share direct funder PMJA8UQDyWTFw2Smhyp9jGA6aTaP7jKHR7BPudrgyYN; 3 broad exchange/service-like funding groups excluded from ownership score; 6 early wallets bought in the same slot; 6 early wallets were brand-new or very fresh; 3 early buys had near-identical SOL sizes (0.001 SOL rounding); 50 early wallets bought before the callout
cat,6sFMbTF2VTzutzKekenJujFZBqb4TiBZJKfyLMUbpump,COORDINATED_EARLY_BUYERS,MEDIUM,37,62.5368802392417,,,2026-09-09T16:38:38Z,2026-09-09T16:44:19.477000Z,-341.477,3 broad exchange/service-like funding groups excluded from ownership score; 10 early wallets bought in the same slot; 6 early wallets were brand-new or very fresh; 6 early buys had near-identical SOL sizes (0.001 SOL rounding); 50 early wallets bought before the callout
Hoodlana,H9GGsNc7vA4hN13N1oU4itq8x3mrdZBdw2XdK3Mipump,COORDINATED_EARLY_BUYERS,MEDIUM,40,79.16586889839701,,,2026-09-09T16:54:19Z,2026-09-09T16:56:42.723000Z,-143.723,2 broad exchange/service-like funding groups excluded from ownership score; 23 early wallets bought in the same slot; 4 early buys had near-identical SOL sizes (0.001 SOL rounding); 50 early wallets bought before the callout
Bliss,67afrnTxo8DVc52Uev61Yo4Yr9BGQpRw1RpPMWcx42La,NO_MULTI_SIGNAL_EVIDENCE,LOW,49,68.0023023713887,,,2026-09-09T17:43:21Z,2026-09-09T17:48:06.136000Z,-285.136,5 broad exchange/service-like funding groups excluded from ownership score; 11 early wallets bought in the same slot; 50 early wallets bought before the callout
groinbase,EkTkjVEfhvgkoCwheMTnr8mhEmJ6Q7ZR8q7ZMCcnpump,COORDINATED_EARLY_BUYERS,MEDIUM,33,60.6131567309316,,,2026-09-09T19:19:01Z,2026-09-09T19:21:45.321000Z,-164.321,5 broad exchange/service-like funding groups excluded from ownership score; 9 early wallets bought in the same slot; 5 early buys had near-identical SOL sizes (0.001 SOL rounding); 50 early wallets bought before the callout
ASS,3vfxnHSCS139RZiw6MPZaEvhySnjbEi81GuF5EdNpump,COORDINATED_EARLY_BUYERS,MEDIUM,31,60.8095798958669,,,2026-09-10T11:17:15Z,2026-09-10T11:31:55.762000Z,-880.762,5 broad exchange/service-like funding groups excluded from ownership score; 10 early wallets bought in the same slot; 6 early buys had near-identical SOL sizes (0.001 SOL rounding); 50 early wallets bought before the callout
KIRK,JAqRn24FuQ5MFReXNgXb8uFej5vHJDxhVtebpQvHTQZy,CONFIRMED_BUNDLE,CONFIRMED,20,42.5874034890143,FcZ2LoVNYvdva15Wkg3FbRHrbTma2UrW8B5eDQc4WJre,,2026-09-10T12:08:32Z,2026-09-10T12:15:26.749000Z,-414.749,2 early wallets share direct funder FcZ2LoVNYvdva15Wkg3FbRHrbTma2UrW8B5eDQc4WJre; 3 broad exchange/service-like funding groups excluded from ownership score; 2 early wallets bought in the same transaction; 3 early wallets were brand-new or very fresh; 5 early buys had near-identical SOL sizes (0.001 SOL rounding); 50 early wallets bought before the callout
BOLD,5DoZAeBkoci5t5zPhUiuhQFjuzYTfkSv5Seojsxppump,COORDINATED_EARLY_BUYERS,MEDIUM,33,67.7441646836085,,,2026-09-10T13:06:22Z,2026-09-10T13:11:37.383000Z,-315.383,7 broad exchange/service-like funding groups excluded from ownership score; 5 early wallets bought in the same slot; 5 early buys had near-identical SOL sizes (0.001 SOL rounding); 50 early wallets bought before the callout
Erika,sMe5iUcgTe4VXmg4WaShF5kuk6GmcKF3y4HqKGZpump,COORDINATED_EARLY_BUYERS,MEDIUM,35,53.5102504494773,,,2026-09-10T17:05:13Z,2026-09-10T17:11:37.458000Z,-384.458,4 broad exchange/service-like funding groups excluded from ownership score; 2 early wallets bought in the same transaction; 3 early buys had near-identical SOL sizes (0.001 SOL rounding); 50 early wallets bought before the callout
casino,2BucyGvsg9wwTwsaFsEUFgdphrCtp94pDRtHowJUpump,SUSPECTED_BUNDLE,HIGH,43,66.9392596861782,DsMFNuYhbHP6m4x3XEHV36SjXQV68WLgXPwqmPLDRsAN,,2026-09-10T18:31:10Z,2026-09-10T18:46:30.887000Z,-920.887,2 early wallets share direct funder DsMFNuYhbHP6m4x3XEHV36SjXQV68WLgXPwqmPLDRsAN; 9 broad exchange/service-like funding groups excluded from ownership score; 11 early wallets bought in the same slot; 6 early buys had near-identical SOL sizes (0.001 SOL rounding); 50 early wallets bought before the callout
bundloor,9hAojtonqe4RUQarvUYZhFqC99VK1S3LCewYkSjnpump,COORDINATED_EARLY_BUYERS,MEDIUM,29,49.1863290012733,,,2026-09-12T12:36:51Z,2026-09-12T12:40:02.927000Z,-191.927,4 broad exchange/service-like funding groups excluded from ownership score; 5 early wallets bought in the same slot; 3 early wallets were brand-new or very fresh; 7 early buys had near-identical SOL sizes (0.001 SOL rounding); 50 early wallets bought before the callout
Pearl,9mqJNDG2squcqZt2zC7cWWNtVozUbQUnzVnP1jG6pump,COORDINATED_EARLY_BUYERS,MEDIUM,36,59.5270068311449,,,2026-09-13T16:48:26Z,2026-09-13T16:52:57.263000Z,-271.263,4 broad exchange/service-like funding groups excluded from ownership score; 12 early wallets bought in the same slot; 3 early wallets were brand-new or very fresh; 5 early buys had near-identical SOL sizes (0.001 SOL rounding); 50 early wallets bought before the callout
ASS,7p4MwwkUaMv4gBThVkW46QjwVaosaUrccbFV1MbXpump,COORDINATED_EARLY_BUYERS,MEDIUM,18,34.9115469706917,,,2026-09-13T19:41:21Z,2026-09-13T19:44:31.901000Z,-190.901,7 broad exchange/service-like funding groups excluded from ownership score; 5 early wallets bought in the same slot; 4 early wallets were brand-new or very fresh; 7 early buys had near-identical SOL sizes (0.001 SOL rounding); 50 early wallets bought before the callout
21,4kkrecvSVnnkK3RZcJ85tNFiZu9pWg584yHjNCqEpump,SUSPECTED_BUNDLE,HIGH,41,41.9068393131076,5vw3atpao8BifitJHxhns7B7NrsNbmLyiBYXfLDSjbLr,,2026-09-14T09:59:02Z,2026-09-14T10:03:57.476000Z,-295.476,2 early wallets share direct funder 5vw3atpao8BifitJHxhns7B7NrsNbmLyiBYXfLDSjbLr; 5 broad exchange/service-like funding groups excluded from ownership score; 6 early wallets bought in the same slot; 5 early buys had near-identical SOL sizes (0.001 SOL rounding); 50 early wallets bought before the callout
つむぎ,F41TwidZvJJcsx9c2BMwS6eH9W6HcUT4LzPmGvK9WU6N,COORDINATED_EARLY_BUYERS,MEDIUM,17,12.7175930332928,,,2026-09-15T12:31:05Z,2026-09-15T12:36:30.159000Z,-325.159,2 broad exchange/service-like funding groups excluded from ownership score; 7 early wallets bought in the same slot; 6 early buys had near-identical SOL sizes (0.001 SOL rounding); 50 early wallets bought before the callout
FOOL,5nnWe5SCBaNMC3oNiR7utth6kx3mH1dhmCarjDb91shW,COORDINATED_EARLY_BUYERS,MEDIUM,30,58.0007263439118,,,2026-09-15T15:21:49Z,2026-09-15T15:24:33.367000Z,-164.367,2 broad exchange/service-like funding groups excluded from ownership score; 6 early wallets bought in the same slot; 7 early buys had near-identical SOL sizes (0.001 SOL rounding); 50 early wallets bought before the callout
🟢,dy6zeSw9j2zHprXLwk1uUGAD4d2HF5R3pAFrL6bRAKs,COORDINATED_EARLY_BUYERS,MEDIUM,23,40.4787902516986,,,2026-09-15T16:02:08Z,2026-09-15T16:08:34.584000Z,-386.584,2 broad exchange/service-like funding groups excluded from ownership score; 6 early wallets bought in the same slot; 3 early buys had near-identical SOL sizes (0.001 SOL rounding); 50 early wallets bought before the callout
vibedog,2Tiw1Tna3kAut868cjXuKoyrv8U8gi1YjTaXw7Czpump,COORDINATED_EARLY_BUYERS,MEDIUM,18,58.4678272477156,,,2026-09-15T16:33:02Z,2026-09-15T16:34:54.372000Z,-112.372,4 broad exchange/service-like funding groups excluded from ownership score; 4 early wallets bought in the same slot; 6 early buys had near-identical SOL sizes (0.001 SOL rounding); 50 early wallets bought before the callout
ANON,9ek8utEujXFmiM9wXcWKPF18y57PmeG8rsiBZGzzpump,SUSPECTED_BUNDLE,HIGH,26,34.5972648193266,71Zqe4aVMmucqrx3sBmsE9Sw8CKPgM57AjSixzeG6Yty,,2026-09-15T17:25:44Z,2026-09-15T17:25:52.813000Z,-8.813,2 early wallets share direct funder 71Zqe4aVMmucqrx3sBmsE9Sw8CKPgM57AjSixzeG6Yty; 1 broad exchange/service-like funding groups excluded from ownership score; 7 early wallets bought in the same slot; 7 early buys had near-identical SOL sizes (0.001 SOL rounding); 17 early wallets bought before the callout
Dumbocrat,4ZUjJ5EJbwfh7teotB29uHc1SC3SiqbrkwJoNgsxibbU,COORDINATED_EARLY_BUYERS,MEDIUM,23,54.2484933881317,,,2026-09-15T19:57:54Z,2026-09-15T20:01:15.679000Z,-201.679,3 broad exchange/service-like funding groups excluded from ownership score; 4 early wallets bought in the same slot; 4 early wallets were brand-new or very fresh; 3 early buys had near-identical SOL sizes (0.001 SOL rounding); 50 early wallets bought before the callout
clockinu,DkDwxjD5JFK7hd7qUNHqNaTeqDGcZ1ia3Y6E7EUiehEn,SUSPECTED_BUNDLE,CONFIRMED,10,9.658686708717001,5MT5KH1Gn7hdmtpMxCtqUsco5DGRgCwGDe6t47SvKT6,,2026-09-16T13:27:30Z,2026-09-16T13:40:29.962000Z,-779.962,2 early wallets share direct funder 5MT5KH1Gn7hdmtpMxCtqUsco5DGRgCwGDe6t47SvKT6; 2 broad exchange/service-like funding groups excluded from ownership score; 5 early wallets bought in the same slot; 3 early wallets were brand-new or very fresh; 3 early buys had near-identical SOL sizes (0.001 SOL rounding); 50 early wallets bought before the callout
Drake,AgB5SxiP1DFZbW9uDAH7s8Mhv1HF21nJv67tnAAYpump,SUSPECTED_BUNDLE,HIGH,47,90.1151302841091,suqh5sHtr8HyJ7q8scBimULPkPpA557prMG47xCHQfK,,2026-09-16T13:53:15Z,2026-09-16T13:54:59.303000Z,-104.303,2 early wallets share direct funder suqh5sHtr8HyJ7q8scBimULPkPpA557prMG47xCHQfK; 4 broad exchange/service-like funding groups excluded from ownership score; 12 early wallets bought in the same slot; 3 early buys had near-identical SOL sizes (0.001 SOL rounding); 50 early wallets bought before the callout
spy,Er5RuNhTEwJH5dHv9c3YGATjgkLCETH4dKazntyWEtXY,COORDINATED_EARLY_BUYERS,MEDIUM,26,43.7602449074809,,,2026-09-17T12:59:45Z,2026-09-17T13:02:15.307000Z,-150.307,4 broad exchange/service-like funding groups excluded from ownership score; 6 early wallets bought in the same slot; 5 early wallets were brand-new or very fresh; 4 early buys had near-identical SOL sizes (0.001 SOL rounding); 50 early wallets bought before the callout
ACHIEVEMENTS,CziyAr14UNUrfkxpioWSumkLXMwWnDWN2bu2WR5ao7kc,COORDINATED_EARLY_BUYERS,MEDIUM,21,65.1132748128827,,,2026-09-17T13:44:36Z,2026-09-17T13:51:20.917000Z,-404.917,3 broad exchange/service-like funding groups excluded from ownership score; 7 early wallets bought in the same slot; 5 early buys had near-identical SOL sizes (0.001 SOL rounding); 50 early wallets bought before the callout
feecat,omskHvyNvQSn3PFak3E8JHQJeSVJFsrc6izWT12pump,CONFIRMED_BUNDLE,CONFIRMED,41,60.1649295639258,4kAsV9ZBCZV6dvgpxxf5Yes2ZKUQ42nJvbwYUeUR9PhS,,2026-09-17T14:55:59Z,2026-09-17T14:59:37.101000Z,-218.101,2 early wallets share direct funder 4kAsV9ZBCZV6dvgpxxf5Yes2ZKUQ42nJvbwYUeUR9PhS; 4 broad exchange/service-like funding groups excluded from ownership score; 2 early wallets bought in the same transaction; 4 early wallets were brand-new or very fresh; 3 early buys had near-identical SOL sizes (0.001 SOL rounding); 50 early wallets bought before the callout
Normie,3uYT8w1FxasDGmM4WDG5kXu6D9BGvyP3iEfPJEVb6ewT,COORDINATED_EARLY_BUYERS,MEDIUM,32,46.7749910948847,,,2026-09-17T16:21:11Z,2026-09-17T16:23:30.568000Z,-139.568,6 broad exchange/service-like funding groups excluded from ownership score; 2 early wallets bought in the same transaction; 3 early buys had near-identical SOL sizes (0.001 SOL rounding); 50 early wallets bought before the callout
honse,BZYpLHhui3qRNokWFg2JcX8CYtMqzWHR5R4xowjcbPqh,SUSPECTED_BUNDLE,CONFIRMED,28,69.2405766796827,3Q3pUQ5fkRjJFaMEuH7j3NQut3SuMRhASU6BRAgwsKMV,,2026-09-19T14:35:31Z,2026-09-19T14:36:26.297000Z,-55.297,2 early wallets share direct funder 3Q3pUQ5fkRjJFaMEuH7j3NQut3SuMRhASU6BRAgwsKMV; 3 broad exchange/service-like funding groups excluded from ownership score; 8 early wallets bought in the same slot; 5 early wallets were brand-new or very fresh; 4 early buys had near-identical SOL sizes (0.001 SOL rounding); 50 early wallets bought before the callout
ACORNELIUS,9xhMStAAufkH5jA5nevaGy6M9fCsQ74BZnsXyo93DkfA,SUSPECTED_BUNDLE,HIGH,38,50.9941661686749,6kbLaokSE3pR3XX8ZzAFjtY7xkem7QRheJM9PZdJjjJV,,2026-09-19T15:12:24Z,2026-09-19T15:15:06.580000Z,-162.58,4 early wallets share direct funder 6kbLaokSE3pR3XX8ZzAFjtY7xkem7QRheJM9PZdJjjJV; 5 broad exchange/service-like funding groups excluded from ownership score; 8 early wallets bought in the same slot; 4 early buys had near-identical SOL sizes (0.001 SOL rounding); 50 early wallets bought before the callout
goldfish,55bKo8bj1YVEgsbwkkd4Nwu7JhaZF9trUgbvpZ3YeVCA,COORDINATED_EARLY_BUYERS,MEDIUM,23,51.2161711504564,,,2026-09-21T11:14:14Z,2026-09-21T11:18:29.452000Z,-255.452,3 broad exchange/service-like funding groups excluded from ownership score; 5 early wallets bought in the same slot; 6 early buys had near-identical SOL sizes (0.001 SOL rounding); 50 early wallets bought before the callout
TIMUR,ASftCNtzPNmK3nMDvpQNvpLauKS45Vkq7kwTPutqUBL1,SUSPECTED_BUNDLE,HIGH,28,58.834141040621,BHzUgVfdVVVqZF86v9S6aye8tizs4d8cZdAFXG6ku2EG,,2026-09-22T12:32:08Z,2026-09-22T12:42:42.368000Z,-634.368,2 early wallets share direct funder BHzUgVfdVVVqZF86v9S6aye8tizs4d8cZdAFXG6ku2EG; 6 broad exchange/service-like funding groups excluded from ownership score; 8 early wallets bought in the same slot; 3 early buys had near-identical SOL sizes (0.001 SOL rounding); 50 early wallets bought before the callout
Pochi,2iSB473Z7L2ndpWs3n22tb7H3KSGpswDTH3jP7qCCAZT,COORDINATED_EARLY_BUYERS,MEDIUM,38,54.6400178367616,,,2026-09-22T14:10:03Z,2026-09-22T14:29:44.962000Z,-1181.962,5 broad exchange/service-like funding groups excluded from ownership score; 12 early wallets bought in the same slot; 4 early wallets were brand-new or very fresh; 3 early buys had near-identical SOL sizes (0.001 SOL rounding); 50 early wallets bought before the callout
PLAN,47r9YPDeTVpwHjAakoVgnzNTJRChXC8f4KSUqMbEsBbM,COORDINATED_EARLY_BUYERS,MEDIUM,24,69.0301682146318,,,2026-09-22T20:53:19Z,2026-09-22T20:55:31.809000Z,-132.809,7 broad exchange/service-like funding groups excluded from ownership score; 2 early wallets bought in the same transaction; 50 early wallets bought before the callout
GIGACAT,GKTxLXsmkjLDo89XmPa5htwK7sAzdqZ3jmfV6gaTvK67,SUSPECTED_BUNDLE,CONFIRMED,26,61.2611479949738,QT3EFRuVnCV9aVMgZrAsfbqBo4LqYkQp4EAPKY5kYLk,,2026-09-23T12:23:39Z,2026-09-23T12:25:15.049000Z,-96.049,2 early wallets share direct funder QT3EFRuVnCV9aVMgZrAsfbqBo4LqYkQp4EAPKY5kYLk; 5 broad exchange/service-like funding groups excluded from ownership score; 5 early wallets bought in the same slot; 3 early wallets were brand-new or very fresh; 3 early buys had near-identical SOL sizes (0.001 SOL rounding); 50 early wallets bought before the callout
AURACAT,21XJbyQWEhmeoxKRHdGrEjetSfHopvtp68LWzdvT471M,SUSPECTED_BUNDLE,HIGH,22,53.8906066212378,3t9t1Q98Z5edthGo3cQXPhuL1Y8tPmWryqWQcK3gWe8k,,2026-09-23T15:50:35Z,2026-09-23T15:55:17.758000Z,-282.758,2 early wallets share direct funder 3t9t1Q98Z5edthGo3cQXPhuL1Y8tPmWryqWQcK3gWe8k; 4 broad exchange/service-like funding groups excluded from ownership score; 4 early wallets bought in the same slot; 4 early buys had near-identical SOL sizes (0.001 SOL rounding); 50 early wallets bought before the callout
ACTX,GfqKCwNeAdHHi97AmgCLP5qrwcSJRDdyZ1huiU6xUXTz,CONFIRMED_BUNDLE,CONFIRMED,27,65.1345238230292,Hmc2dLxZZ4xfHqn2wFCTBu11oCpYiuwsj23JBjJmD4ni,,2026-09-23T16:30:17Z,2026-09-23T16:31:50.164000Z,-93.164,2 early wallets share direct funder Hmc2dLxZZ4xfHqn2wFCTBu11oCpYiuwsj23JBjJmD4ni; 6 broad exchange/service-like funding groups excluded from ownership score; 3 early wallets bought in the same transaction; 4 early wallets were brand-new or very fresh; 5 early buys had near-identical SOL sizes (0.001 SOL rounding); 50 early wallets bought before the callout
CHONK,5pSEZw1iytqYznD7crsGyKNek7q5JkjBqj2KmfqxUVZd,COORDINATED_EARLY_BUYERS,MEDIUM,29,78.5491807561424,,,2026-09-24T16:46:14Z,2026-09-24T16:48:46.328000Z,-152.328,5 broad exchange/service-like funding groups excluded from ownership score; 6 early wallets bought in the same slot; 8 early buys had near-identical SOL sizes (0.001 SOL rounding); 50 early wallets bought before the callout
Rowdy,3f8CKfznVUGrFfhcq8ZBY9M1xyDeEQGrh6iH372h3ebN,SUSPECTED_BUNDLE,CONFIRMED,30,47.5408808351482,DhqjSn3wgTMAua6Cd9DHSZUtLuXMsyqky7Hy4mgtxvN6,,2026-09-25T16:10:22Z,2026-09-25T16:11:52.883000Z,-90.883,6 early wallets share direct funder DhqjSn3wgTMAua6Cd9DHSZUtLuXMsyqky7Hy4mgtxvN6; 4 broad exchange/service-like funding groups excluded from ownership score; 9 early wallets bought in the same slot; 10 early wallets were brand-new or very fresh; 6 early buys had near-identical SOL sizes (0.001 SOL rounding); 50 early wallets bought before the callout
NEVER,69N7rm9nnp6sVoULtp5toD26F25rYum8593GupxkUYvH,SUSPECTED_BUNDLE,CONFIRMED,37,32.5235090268065,DhqjSn3wgTMAua6Cd9DHSZUtLuXMsyqky7Hy4mgtxvN6,,2026-09-26T12:42:33Z,2026-09-26T12:46:09.362000Z,-216.362,16 early wallets share direct funder DhqjSn3wgTMAua6Cd9DHSZUtLuXMsyqky7Hy4mgtxvN6; 2 broad exchange/service-like funding groups excluded from ownership score; 14 early wallets bought in the same slot; 18 early wallets were brand-new or very fresh; 17 early buys had near-identical SOL sizes (0.001 SOL rounding); 50 early wallets bought before the callout
Memes,7dACCWZXF4Lr9ftxFpi7TJk7a3hcPpUwGPAcTuXDpump,CONFIRMED_BUNDLE,HIGH,42,62.6789385866117,4kAsV9ZBCZV6dvgpxxf5Yes2ZKUQ42nJvbwYUeUR9PhS,,2026-09-28T18:52:37Z,2026-09-28T18:54:14.624000Z,-97.624,2 early wallets share direct funder 4kAsV9ZBCZV6dvgpxxf5Yes2ZKUQ42nJvbwYUeUR9PhS; 3 broad exchange/service-like funding groups excluded from ownership score; 3 early wallets bought in the same transaction; 4 early buys had near-identical SOL sizes (0.001 SOL rounding); 50 early wallets bought before the callout
BBB,rMPLDvnn6KR773WNhZvtFNcgFwnRkc7UbPkUaiMpump,SUSPECTED_BUNDLE,CONFIRMED,32,75.3802207805586,BHzUgVfdVVVqZF86v9S6aye8tizs4d8cZdAFXG6ku2EG,,2026-09-29T11:15:11Z,2026-09-29T11:32:26.347000Z,-1035.347,2 early wallets share direct funder BHzUgVfdVVVqZF86v9S6aye8tizs4d8cZdAFXG6ku2EG; 2 broad exchange/service-like funding groups excluded from ownership score; 7 early wallets bought in the same slot; 3 early wallets were brand-new or very fresh; 3 early buys had near-identical SOL sizes (0.001 SOL rounding); 50 early wallets bought before the callout
DRAKE,25GrKYrc3y4LZmmuhppYgFRCKb7JyZ6grum4WhLYvA1z,SUSPECTED_BUNDLE,HIGH,31,65.7261445036425,DhqjSn3wgTMAua6Cd9DHSZUtLuXMsyqky7Hy4mgtxvN6,,2026-09-29T12:41:07Z,2026-09-29T12:43:30.551000Z,-143.551,3 early wallets share direct funder DhqjSn3wgTMAua6Cd9DHSZUtLuXMsyqky7Hy4mgtxvN6; 5 broad exchange/service-like funding groups excluded from ownership score; 10 early wallets bought in the same slot; 4 early buys had near-identical SOL sizes (0.001 SOL rounding); 50 early wallets bought before the callout
MARTIN,49aM4HrGABwG9F8iAn385zzcsS6mxHEFY8YN3H7y1Cd9,COORDINATED_EARLY_BUYERS,MEDIUM,48,79.2721300536283,,,2026-09-29T15:56:39Z,2026-09-29T16:00:36.969000Z,-237.969,4 broad exchange/service-like funding groups excluded from ownership score; 2 early wallets bought in the same transaction; 4 early wallets were brand-new or very fresh; 5 early buys had near-identical SOL sizes (0.001 SOL rounding); 50 early wallets bought before the callout
HERZOGIAN,5Sg1vv51KGCSDF2gBHgbNATCEXFjYtVhWgztNUwtgJYD,SUSPECTED_BUNDLE,HIGH,42,63.5424230988205,HUgpmqL6r4Z4iEZiVuNZ6J6QnAsSZpsL8giVyVtz3QhT,,2026-09-30T13:38:55Z,2026-09-30T13:42:22.120000Z,-207.12,2 early wallets share direct funder HUgpmqL6r4Z4iEZiVuNZ6J6QnAsSZpsL8giVyVtz3QhT; 5 broad exchange/service-like funding groups excluded from ownership score; 9 early wallets bought in the same slot; 3 early buys had near-identical SOL sizes (0.001 SOL rounding); 50 early wallets bought before the callout
JADOODOO,DJejJn1iJntJVTAixy4VRgqJFF3NMKPEMgVzbJFmpump,SUSPECTED_BUNDLE,CONFIRMED,26,59.369243868080495,HLFNxeqTwD25mYoEYT7mMnRAuQrUMZ98Gaji1vgVzDsh,,2026-09-30T15:42:55Z,2026-09-30T15:44:35.892000Z,-100.892,2 early wallets share direct funder HLFNxeqTwD25mYoEYT7mMnRAuQrUMZ98Gaji1vgVzDsh; 6 broad exchange/service-like funding groups excluded from ownership score; 8 early wallets bought in the same slot; 3 early wallets were brand-new or very fresh; 4 early buys had near-identical SOL sizes (0.001 SOL rounding); 50 early wallets bought before the callout
SI,BE5ciZmcADAX78u2a1GrFiPMPC3rNXtdPGUrhzWB4k5d,COORDINATED_EARLY_BUYERS,MEDIUM,25,51.5779666180636,,,2026-10-01T13:05:43Z,2026-10-01T13:07:06.421000Z,-83.421,6 broad exchange/service-like funding groups excluded from ownership score; 9 early wallets bought in the same slot; 5 early wallets were brand-new or very fresh; 4 early buys had near-identical SOL sizes (0.001 SOL rounding); 50 early wallets bought before the callout
BTC,8ypYfW5cjafrfAZij8TZj5SFHAbPNpiRio96LMzypDkn,COORDINATED_EARLY_BUYERS,MEDIUM,32,42.6226484998813,,,2026-10-01T13:47:23Z,2026-10-01T13:50:09.782000Z,-166.782,12 early wallets bought in the same slot; 8 early wallets were brand-new or very fresh; 3 early buys had near-identical SOL sizes (0.001 SOL rounding); 50 early wallets bought before the callout
Binturong,UsrcsZMqw6p53Fohu16UCBjsbjqc73XmoRFZDcnCtMR,SUSPECTED_BUNDLE,HIGH,39,53.7655386534436,5ZtzVYRuF7sEhot31S68xHRCKDMkDdFtTp1iujTRjowV,,2026-10-02T15:39:35Z,2026-10-02T15:42:16.079000Z,-161.079,2 early wallets share direct funder 5ZtzVYRuF7sEhot31S68xHRCKDMkDdFtTp1iujTRjowV; 5 broad exchange/service-like funding groups excluded from ownership score; 16 early wallets bought in the same slot; 5 early buys had near-identical SOL sizes (0.001 SOL rounding); 50 early wallets bought before the callout
bid,EHUzmwAzmUix7TkwVr7b16U9ChJDr3RpjfXshR5swy5j,COORDINATED_EARLY_BUYERS,MEDIUM,37,72.5852299576265,,,2026-10-02T18:34:24Z,2026-10-02T18:38:13.101000Z,-229.101,3 broad exchange/service-like funding groups excluded from ownership score; 9 early wallets bought in the same slot; 4 early buys had near-identical SOL sizes (0.001 SOL rounding); 50 early wallets bought before the callout
Knox,6akNLpNd11oq4q5zxhXGwr5jwUi6Ke4CvKmF6QeUwJCQ,SUSPECTED_BUNDLE,HIGH,43,67.0406882637966,G83xr8WJL8BTvWVwSmmcnwvEbjitD8ZDZVKAVHi6tian,,2026-10-03T14:56:15Z,2026-10-03T14:59:45.073000Z,-210.073,2 early wallets share direct funder G83xr8WJL8BTvWVwSmmcnwvEbjitD8ZDZVKAVHi6tian; 4 broad exchange/service-like funding groups excluded from ownership score; 16 early wallets bought in the same slot; 3 early buys had near-identical SOL sizes (0.001 SOL rounding); 50 early wallets bought before the callout
Somalia,G9r7nnHSgvb7LUfCE8kavRaKokEMMYBjVHGKvQ6dpump,COORDINATED_EARLY_BUYERS,MEDIUM,40,81.27261853134091,,,2026-10-03T16:07:46Z,2026-10-03T16:22:05.285000Z,-859.285,3 broad exchange/service-like funding groups excluded from ownership score; 9 early wallets bought in the same slot; 4 early buys had near-identical SOL sizes (0.001 SOL rounding); 50 early wallets bought before the callout
AI,9PNfxvTARzdxvQas2uknW57bnfMCS1dxW1He7rPbuhuQ,COORDINATED_EARLY_BUYERS,MEDIUM,25,60.1576031425611,,,2026-10-03T17:57:24Z,2026-10-03T17:58:58.595000Z,-94.595,3 broad exchange/service-like funding groups excluded from ownership score; 6 early wallets bought in the same slot; 5 early buys had near-identical SOL sizes (0.001 SOL rounding); 50 early wallets bought before the callout
AlxCooks,6XD1vorwquLXjTSL5W4MJMGewZBeiEcPFmZw527TSwva,COORDINATED_EARLY_BUYERS,MEDIUM,36,40.657384180609,,,2026-10-03T19:09:17Z,2026-10-03T19:11:00.378000Z,-103.378,4 broad exchange/service-like funding groups excluded from ownership score; 10 early wallets bought in the same slot; 4 early buys had near-identical SOL sizes (0.001 SOL rounding); 50 early wallets bought before the callout
quarantinu,H8oe2SCksJcYzhPeS4TsbteusgZW5k7QaZ4boKyq8C7U,SUSPECTED_BUNDLE,CONFIRMED,31,66.318043012524,EsynuVtJPpuU8xxmKnRF5mcJCyN19wh3CfNngEw4C2rM,,2026-10-05T10:27:39Z,2026-10-05T10:34:23.488000Z,-404.488,2 early wallets share direct funder EsynuVtJPpuU8xxmKnRF5mcJCyN19wh3CfNngEw4C2rM; 6 broad exchange/service-like funding groups excluded from ownership score; 11 early wallets bought in the same slot; 5 early wallets were brand-new or very fresh; 4 early buys had near-identical SOL sizes (0.001 SOL rounding); 50 early wallets bought before the callout
KWIF,57ANN8dAbPX8x1BEFFwzBttkzwpKZBEiJkdiWSzVNQvS,COORDINATED_EARLY_BUYERS,MEDIUM,27,57.9192949341366,,,2026-10-05T13:16:28Z,2026-10-05T13:18:59.802000Z,-151.802,4 broad exchange/service-like funding groups excluded from ownership score; 2 early wallets bought in the same transaction; 4 early buys had near-identical SOL sizes (0.001 SOL rounding); 50 early wallets bought before the callout
BRUNO,7HiD5rzoZxAYXEJ8Z4t3WgM8VE1iSKWJdxPPyEdDNzwN,SUSPECTED_BUNDLE,HIGH,35,86.1246828168811,EsynuVtJPpuU8xxmKnRF5mcJCyN19wh3CfNngEw4C2rM,,2026-10-05T17:57:27Z,2026-10-05T17:59:58.381000Z,-151.381,2 early wallets share direct funder EsynuVtJPpuU8xxmKnRF5mcJCyN19wh3CfNngEw4C2rM; 8 broad exchange/service-like funding groups excluded from ownership score; 12 early wallets bought in the same slot; 4 early buys had near-identical SOL sizes (0.001 SOL rounding); 50 early wallets bought before the callout
Craig,5o43e7gYZWFNEpdqkegHY6LXkhMXB1z6f7d6TAVGEMTM,SUSPECTED_BUNDLE,HIGH,26,58.370316001938,PMJA8UQDyWTFw2Smhyp9jGA6aTaP7jKHR7BPudrgyYN,,2026-10-06T10:51:38Z,2026-10-06T10:54:04.554000Z,-146.554,2 early wallets share direct funder PMJA8UQDyWTFw2Smhyp9jGA6aTaP7jKHR7BPudrgyYN; 4 broad exchange/service-like funding groups excluded from ownership score; 5 early wallets bought in the same slot; 3 early buys had near-identical SOL sizes (0.001 SOL rounding); 50 early wallets bought before the callout
dabcat,5EZ7yagvcsHcwH3e17khLwGzhFrCsx7CKS7ZN6J6i4Lh,SUSPECTED_BUNDLE,HIGH,38,79.0312188275378,G83xr8WJL8BTvWVwSmmcnwvEbjitD8ZDZVKAVHi6tian,,2026-10-06T11:24:04Z,2026-10-06T11:35:32.206000Z,-688.206,2 early wallets share direct funder G83xr8WJL8BTvWVwSmmcnwvEbjitD8ZDZVKAVHi6tian; 6 broad exchange/service-like funding groups excluded from ownership score; 18 early wallets bought in the same slot; 5 early wallets were brand-new or very fresh; 50 early wallets bought before the callout
MEMETARD,7mRDn1rAqjwFQXacodr1UmkNdvAGPbtNP9k5jvBZqt9J,SUSPECTED_BUNDLE,CONFIRMED,28,53.585859151249,3Q3pUQ5fkRjJFaMEuH7j3NQut3SuMRhASU6BRAgwsKMV,,2026-10-06T12:46:37Z,2026-10-06T12:47:37.481000Z,-60.481,2 early wallets share direct funder 3Q3pUQ5fkRjJFaMEuH7j3NQut3SuMRhASU6BRAgwsKMV; 3 broad exchange/service-like funding groups excluded from ownership score; 8 early wallets bought in the same slot; 7 early wallets were brand-new or very fresh; 8 early buys had near-identical SOL sizes (0.001 SOL rounding); 50 early wallets bought before the callout
