mint,token_name,symbol,creator,launch_timestamp,call_timestamp,status,source,error
4sjtHGeAKP6DoMUdvFqQuiYKhhPpwa9XCxUyuFD2pump,100m Speedrun,SPEEDRUN,6JneZvbobH6V9KC434SHtfbvtrkpumBkF2LrXZHfdfpJ,2026-08-28T15:15:01Z,2026-08-28T15:29:18.163000Z,complete,pump.fun,
7Q9VxTczrzgvjXWbJJZibR7hbYAohngsNsuEhdEcpump,Super Mario Kitten,MARIO,HZqdo7GqQq69o3N9oRDbkz12MUAmrHb51crc8GsbxjC2,2026-08-29T18:06:33Z,2026-08-29T18:07:30.018000Z,complete,pump.fun,
5L6As5obMTXxKwjmGBy1LTRwW2Hm1PjSK18JhETrpump,The Fattest Marmot,Dawn,4Ku2W1ZapnRZWhp3rBP9Rf5JehTm6pSfwkSsBhYrCkij,2026-08-30T04:50:21Z,2026-08-30T05:19:21.229000Z,complete,pump.fun,
CSLP8Vp7u9hrXQi7crPXqCp7BaJaG4JrNxqvR3jDpump,chimp,chimp,CXoUJHtBGnuNR6zJ3zm8nTnNzCwXxFViXh29d1kTJQmK,2026-08-31T11:01:42Z,2026-08-31T11:05:44.192000Z,complete,pump.fun,
4GRTznsfLTRqaB2uMAFmmgaWtvfVyBb4qCsTjskUpump,toadonputer,puter,CxxcsDAobcZPeYgWUGfuXb4Via5QNm9xhdU96dUTKsfR,2026-08-31T12:22:58Z,2026-08-31T12:27:03.619000Z,complete,pump.fun,
DQ2H7qcj262RAKfSxGYeL7cYJq54mVdXe4gYxUwxpump,wen rollie,rollie,4HXb7ivgvjbHC3TBesmmD9LovH8tmTv9DZsq12GMvEpU,2026-08-31T12:55:13Z,2026-08-31T12:57:43.420000Z,complete,pump.fun,
7xXo3JYBqzh6D91XRppzFRLfw8wJHypeukGaNWwKgZ8m,happinesscoin,happiness,bwamJzztZsepfkteWRChggmXuiiCQvpLqPietdNfSXa,2026-08-31T19:10:57Z,2026-08-31T19:21:29.047000Z,complete,pump.fun,
28HydoWU7TZQxWiVQxGZyspE3qgWdCHToNDVgLoNpump,The Pumpkin Cat,Bert,FaTRbXNsAhvH94GKLoVTVPcFGtXtVNFLv7DwpzWjmfMc,2026-09-01T11:45:36Z,2026-09-01T11:48:16.189000Z,complete,pump.fun,
6wSQipxdE9Suf8tVNaCEbcqavUbLT7gL9tibpm3Jpump,Clicking Warriors,WARRIORS,D9gQ6RhKEpnobPBUdWY5bPQt2p3zGk3iVz6ChpUi2ArA,2026-09-01T12:45:45Z,2026-09-01T12:49:29.688000Z,complete,pump.fun,
4prKtarobdhYDY4Hu3uGZMx7Je4HqPJeLVyxN6m4Ld3T,HackINU,HackINU,FCUPh2jMpii3kPmLmSEiLDuaBG78uiU6AndovkgBYhm9,2026-09-01T14:05:24Z,2026-09-01T14:11:37.296000Z,complete,pump.fun,
F59cEB3A7RAKHGtkvR577swnPSP6EsdaBoL5AcVZpump,dogwifwig,RALPHIE,FfrmL2Ykh3YS4ivHroYxfJucKmBTc8XTYaJJu9KGGn2D,2026-09-02T11:42:14Z,2026-09-02T12:19:59.922000Z,complete,pump.fun,
EoKqyKksc4ekiPVuBD9FiztYQHkV59x8KTcZ3ReLpump,Solana is home,HOME,DqeVuNmymZEqzNQmFUvMGAL6xaB49TN7yCmx3h3FpYaK,2026-09-02T13:01:44Z,2026-09-02T13:13:47.125000Z,complete,pump.fun,
Ajz86fyiygsv8kZkUyDxogxkz5VfKRs4HTEABVTfpump,Hope,HOPE,GpTXmkdvrTajqkzX1fBmC4BUjSboF9dHgfnqPqj8WAc4,2026-09-02T16:53:00Z,2026-09-02T17:06:30.583000Z,complete,pump.fun,
FuF2M5T79HJdpJUbp46qwWssLXQ1Xjf1yiNSfyo5UEGC,catwifhats,Benny,Ex4t6m3MLwaTEqvg2YzN7GEU2JmCHrWZEBzUimVzTnmr,2026-09-03T11:12:35Z,2026-09-03T11:23:40.610000Z,complete,pump.fun,
8G7aM6Gco4fHjVpmVvUdVvhKMKaWXJEqkCKRvPdepump,catwifbirkin,WIF,29yFzeBZgxf5zqrAkKXwgZtQehRf4pL8WbV2nRJikbw8,2026-09-03T12:46:23Z,2026-09-03T13:13:02.498000Z,complete,pump.fun,
BmU6YJP2YCAo8sc2dkeR8KjvF3rGFBHZL25ejysppump,Pairlesscoin,PAIRLESS,DWHEZ8JnfGtud25Gjhn3MndpTMshNEd12WMu2ciCa7ri,2026-09-03T14:52:17Z,2026-09-03T14:57:07.732000Z,complete,pump.fun,
8qT3o4k4aUmyLrgd7hHYmVxin3kFhQ9QsXdSXTP6pump,cwoin,cwoin,29yFzeBZgxf5zqrAkKXwgZtQehRf4pL8WbV2nRJikbw8,2026-09-03T15:40:31Z,2026-09-03T15:44:59.146000Z,complete,pump.fun,
AmWCcDf6tG7zB3VPeDVjeXL5N567fXAiHcTKw3xXpump,ASSTRA,ASSTRA,FiwwHe2obYsFoxprUXRWdAgHxMfKwK7ca9YB3g8bmX13,2026-09-03T18:08:25Z,2026-09-03T18:18:30.782000Z,complete,pump.fun,
B3xU49SW3khA7m5Lgata2fmPxZeQRuaJbCruPsVDpump,Poke,POKE,7moqFjvm2MwAiMtCZoqYoTAPzRBxxMRT2ddyHThQuWjr,2026-09-03T18:43:52Z,2026-09-03T18:49:58.373000Z,complete,pump.fun,
CHygERrxnc5QByNCwxUNSMhP7tKJA7rh6hNBdJ2spump,ARCADE.GOV,ARCADE.GOV,BtKJ2RYx274LJoXcyWrJ71bG7LeF53w6vTACuCNbhr9,2026-09-03T21:04:24Z,2026-09-03T21:21:39.307000Z,complete,pump.fun,
9CzNGAEutxKHJ5CwYC5Lk8X8YzgYrQnvKChP2BFEpump,You Cant Stop The Memes,MEMES,Dqv8whmAjdC4EtQ22AEgaYymfaD4mCPvyz5Uy3ghE67c,2026-09-04T12:55:35Z,2026-09-04T13:06:58.280000Z,complete,pump.fun,
AbpJywMWmkf1MFonRddPVogSwPPZHB9pG4x2nKb1YaPn,The hood stays down,hood,bwamJzztZsepfkteWRChggmXuiiCQvpLqPietdNfSXa,2026-09-04T13:34:21Z,2026-09-04T13:40:18.393000Z,complete,pump.fun,
13V3CbY7Q7AXnf24FMsUaQrmLxnRU4Md9phDEWZvpump,rubenhood,rubenhood,DefK9f7DnBDfNrFFAdWweXpLJKVrCQWGLqpD3CGWH1Rm,2026-09-04T14:05:45Z,2026-09-04T14:13:47.812000Z,complete,pump.fun,
D4aEpQLW45YnWrBmztcpJHqabbPtFe9F9PTv8Umvpump,LOOONG DOG,LOOONG,14onpqnhGahiwPK3PDyr1vrVNNvk6Bdasps15DQxvYuC,2026-09-05T16:04:25Z,2026-09-05T17:07:02.070000Z,complete,pump.fun,
DTm66ivA96mhuQnqTy1cv7uELS4MHdYtpbRGJdW9t7Fn,Toly The Trencher,TOLY,dtrzJPj7yDdvm6eRqBAgxsK2sMJeD9HhBEBB3XMedXy,2026-09-05T19:06:28Z,2026-09-05T19:10:08.504000Z,complete,pump.fun,
3coFBLantjJkMRmzaQ4znMQQzfqFYTyBeNhdXYAzpump,Pumployee,PUMPLOYEE,J87UST7jVkLWxf5irqTJTSTYPoevXy3jKrFNw8Pr665f,2026-09-05T20:17:06Z,2026-09-05T20:27:15.115000Z,complete,pump.fun,
3GeNgcFpMwH9ts5b3W3jddtfwhwAURaykTy8YjtrGQWT,Memecoin World,Memeworld,bwamJzztZsepfkteWRChggmXuiiCQvpLqPietdNfSXa,2026-09-06T13:24:28Z,2026-09-06T13:28:08.298000Z,complete,pump.fun,
xeKm1qmxyHLJZLdwKpsZdx5UFtYyb124GTWRZWypump,PUMPFOLIO,PUMPFOLIO,HPRBXaMARD4wCijg3H9NDSH8JTVFwk3fe4PVes1Gemn8,2026-09-07T13:10:44Z,2026-09-07T13:13:56.771000Z,complete,pump.fun,
6gKx5EMvnymTVz2JgFhJAqpGxTYaBdVsaLb9YfPfvg4Y,americacoin,AMERICACOIN,bwamJzztZsepfkteWRChggmXuiiCQvpLqPietdNfSXa,2026-09-07T14:45:59Z,2026-09-07T14:55:35.809000Z,complete,pump.fun,
7271ZR6GBzaGqdtP28ZqZ5BKRt2ziu4AnPnVCAL7pump,The Immortal Pill,Rentosertib,GpTXmkdvrTajqkzX1fBmC4BUjSboF9dHgfnqPqj8WAc4,2026-09-07T15:25:08Z,2026-09-07T15:44:29.671000Z,complete,pump.fun,
BUPNYwndVGfzVb6RG6q2PX53VdAimw2Mi98QxqeWpump,Poopcoin,POOP,7moqFjvm2MwAiMtCZoqYoTAPzRBxxMRT2ddyHThQuWjr,2026-09-07T17:23:13Z,2026-09-07T17:39:34.540000Z,complete,pump.fun,
2A6sLqrw8WN6KkgnCsN4xJkyAowBZHr2H9xQ4u3Mpump,FigureAppleRobinhoodTesla,FART,AufH68UFBGSVVRL9D7u5W6NySCrukL4fWfSRTxDcJC6u,2026-09-08T10:50:59Z,2026-09-08T11:04:44.614000Z,complete,pump.fun,
4n32UBFWKJNPQayeN25GrLJHswbja41XFMxebcg9pump,SLOPCOIN,SLOP,BQZwsNhExqercZ7czXYSLC7jjz8m1HmWdndZJ6XSSci1,2026-09-08T12:39:45Z,2026-09-08T12:54:50.717000Z,complete,pump.fun,
hHc9579gpKUnvYvgcKyjdpe1UhmfVfGzGwMQCADpump,Google Bucks,G,8NJ7Ujpji8uMF2675mqaTSEm2DCbfJA7fiRKtiaqkaLN,2026-09-07T12:03:33Z,2026-09-08T13:47:28.073000Z,complete,pump.fun,
HJPjdsDmcvgCj4MV3NvqCWd78qDP8BMzGfrsk4Nbpump,Just a Memecoin,Memecoin ,36A6mEN5rYJdVTb6fMqVvG6ez8g2mTYdr1omWcQ1kDKG,2026-09-08T15:08:14Z,2026-09-08T15:27:36.749000Z,complete,pump.fun,
5o9sE9FEVC12zWBd2zqPXAhoVyRiNjGfaYX6hS3Ppump,Are You Still Watching,WATCHING,HobTtmHRwoaikD93XiPjnSwd9DJDWfDGtKfy3ke3Q8VF,2026-09-08T16:33:22Z,2026-09-08T16:38:24.573000Z,complete,pump.fun,
6VMsrZvNaSzddT6vkY6dEDoFMeK5EoHD4KCAycfQpump,Nasdih,Nasdih,2F6p8TXy3DXDx8zygmMJXXvpCJVBPznq9jaqbNVQpT18,2026-09-08T17:01:21Z,2026-09-08T17:05:52.819000Z,complete,pump.fun,
7aLLQRBpGCaSLmmHGf34MGtbdtTumiB14d14TtDnpump,A Safe Investment,CONDOM,9gpdgZTNxvSrbiBcFM8aWdCUBvQrcprQR4TmsJLU2M9L,2026-09-08T18:10:02Z,2026-09-08T18:13:45.352000Z,complete,pump.fun,
GL7M1C4QeLoURyexYgdhuP8SvaPh5LHQLRqKha3epump,True Adam,Adam,2F6p8TXy3DXDx8zygmMJXXvpCJVBPznq9jaqbNVQpT18,2026-09-08T18:38:57Z,2026-09-08T18:40:46.153000Z,complete,pump.fun,
44s336LDz8bXp4rpxy1qwUfysZ4THjpReQWTKQg7pump,Wen Moon,Wen,8NJ7Ujpji8uMF2675mqaTSEm2DCbfJA7fiRKtiaqkaLN,2026-09-09T15:51:49Z,2026-09-09T15:55:56.219000Z,complete,pump.fun,
6sFMbTF2VTzutzKekenJujFZBqb4TiBZJKfyLMUbpump,cute animal tek,cat,95ZCf3jKMHeFYvPXVZW3Ek6AEPDyjebosqnc7eNioVMo,2026-09-09T16:38:38Z,2026-09-09T16:44:19.477000Z,complete,pump.fun,
H9GGsNc7vA4hN13N1oU4itq8x3mrdZBdw2XdK3Mipump,Hoodlana,Hoodlana,95ZCf3jKMHeFYvPXVZW3Ek6AEPDyjebosqnc7eNioVMo,2026-09-09T16:54:19Z,2026-09-09T16:56:42.723000Z,complete,pump.fun,
67afrnTxo8DVc52Uev61Yo4Yr9BGQpRw1RpPMWcx42La,The Windows Wallpaper,Bliss,E6CYzvJygzBfHaywAnSb5F3NHVEAiMZvsPB1oan58zRv,2026-09-09T17:43:21Z,2026-09-09T17:48:06.136000Z,complete,pump.fun,
EkTkjVEfhvgkoCwheMTnr8mhEmJ6Q7ZR8q7ZMCcnpump,groinbase,groinbase,29yFzeBZgxf5zqrAkKXwgZtQehRf4pL8WbV2nRJikbw8,2026-09-09T19:19:01Z,2026-09-09T19:21:45.321000Z,complete,pump.fun,
3vfxnHSCS139RZiw6MPZaEvhySnjbEi81GuF5EdNpump,Actually Smart Summon,ASS,5FqUo9aBjsp7QeeyN6Vi2ZmF2fjS4H5EU7wnAQwPy17z,2026-09-10T11:17:15Z,2026-09-10T11:31:55.762000Z,complete,pump.fun,
JAqRn24FuQ5MFReXNgXb8uFej5vHJDxhVtebpQvHTQZy,Official Kirk Coin,KIRK,GeUnv1jmtviRbR7Gu1JnXSGkUMUgFVBHuEVQVpTaUX1W,2026-09-10T12:08:32Z,2026-09-10T12:15:26.749000Z,complete,pump.fun,
5DoZAeBkoci5t5zPhUiuhQFjuzYTfkSv5Seojsxppump,boldleonidas,BOLD,Fzz2amRoCCpEvxtwdurs8qLVLSdrd3dcraJVpNjE4rp4,2026-09-10T13:06:22Z,2026-09-10T13:11:37.383000Z,complete,pump.fun,
sMe5iUcgTe4VXmg4WaShF5kuk6GmcKF3y4HqKGZpump,Erika Kirk,Erika,73cKPD4JSwWExruwFU5LWiHwdLPt72TTScDELiD8bqwn,2026-09-10T17:05:13Z,2026-09-10T17:11:37.458000Z,complete,pump.fun,
2BucyGvsg9wwTwsaFsEUFgdphrCtp94pDRtHowJUpump,no crying in the casino,casino,D9gQ6RhKEpnobPBUdWY5bPQt2p3zGk3iVz6ChpUi2ArA,2026-09-10T18:31:10Z,2026-09-10T18:46:30.887000Z,complete,pump.fun,
9hAojtonqe4RUQarvUYZhFqC99VK1S3LCewYkSjnpump,the bundloor,bundloor,4sa1QUXoEmfE8QarH7PaSu45vx88N4MvZFC9pMshc1jG,2026-09-12T12:36:51Z,2026-09-12T12:40:02.927000Z,complete,pump.fun,
9mqJNDG2squcqZt2zC7cWWNtVozUbQUnzVnP1jG6pump,Mini Therapy Horse,Pearl,7moqFjvm2MwAiMtCZoqYoTAPzRBxxMRT2ddyHThQuWjr,2026-09-13T16:48:26Z,2026-09-13T16:52:57.263000Z,complete,pump.fun,
7p4MwwkUaMv4gBThVkW46QjwVaosaUrccbFV1MbXpump,A Super Sender,ASS,29yFzeBZgxf5zqrAkKXwgZtQehRf4pL8WbV2nRJikbw8,2026-09-13T19:41:21Z,2026-09-13T19:44:31.901000Z,complete,pump.fun,
4kkrecvSVnnkK3RZcJ85tNFiZu9pWg584yHjNCqEpump,21,21,2b2N2p7xCS9ibDqxwYgXpDSTniJwwye7n93WYuzmr74s,2026-09-14T09:59:02Z,2026-09-14T10:03:57.476000Z,complete,pump.fun,
F41TwidZvJJcsx9c2BMwS6eH9W6HcUT4LzPmGvK9WU6N,The GIGA Doge,つむぎ,BTFYZFjKbUHFgtzGqgbjA4SJt9HeH5Y85dynGweUBJw2,2026-09-15T12:30:52Z,2026-09-15T12:36:30.159000Z,complete,pump.fun,
5nnWe5SCBaNMC3oNiR7utth6kx3mH1dhmCarjDb91shW,The Greater Fool Theory,FOOL,BoEVpctnMRtB7XhaJ99gNRGhP88HojtPvJ76BwX1gUwQ,2026-09-15T15:21:49Z,2026-09-15T15:24:33.367000Z,complete,pump.fun,
dy6zeSw9j2zHprXLwk1uUGAD4d2HF5R3pAFrL6bRAKs,🟢,🟢,Dqv8whmAjdC4EtQ22AEgaYymfaD4mCPvyz5Uy3ghE67c,2026-09-15T16:02:08Z,2026-09-15T16:08:34.584000Z,complete,pump.fun,
2Tiw1Tna3kAut868cjXuKoyrv8U8gi1YjTaXw7Czpump,vibedog,vibedog,9DL1JJZMZbPAaaqkGwzS2LWTtHYveVmjsJkH93aLnWNU,2026-09-15T16:33:02Z,2026-09-15T16:34:54.372000Z,complete,pump.fun,
9ek8utEujXFmiM9wXcWKPF18y57PmeG8rsiBZGzzpump,Act Now Or Never,ANON,CpFBC2iK4rqLKpXLYASG17mkLNzydBK1L4V8SF78a3KA,2026-09-15T17:23:25.999000Z,2026-09-15T17:25:52.813000Z,complete,pump.fun,
4ZUjJ5EJbwfh7teotB29uHc1SC3SiqbrkwJoNgsxibbU,Dumbocrat,Dumbocrat,AsibLmSGjDUDE4o8NzhtSjZUmJ7FuQzZbdQWHF7hLoY4,2026-09-15T19:57:54Z,2026-09-15T20:01:15.679000Z,complete,pump.fun,
DkDwxjD5JFK7hd7qUNHqNaTeqDGcZ1ia3Y6E7EUiehEn,clocked inu,clockinu,AsibLmSGjDUDE4o8NzhtSjZUmJ7FuQzZbdQWHF7hLoY4,2026-09-16T13:26:48Z,2026-09-16T13:40:29.962000Z,complete,pump.fun,
AgB5SxiP1DFZbW9uDAH7s8Mhv1HF21nJv67tnAAYpump,Emo Drake,Drake,6gAgy3F1tLxeBWb8UhGEnmXYVRoaz3w1Lzv6APyhfoHk,2026-09-16T13:53:15Z,2026-09-16T13:54:59.303000Z,complete,pump.fun,
Er5RuNhTEwJH5dHv9c3YGATjgkLCETH4dKazntyWEtXY,spy dog,spy,CzbN6T1gKkKutvuPXcxNmV8FLqzjsDWebWmg9o8e2ZbU,2026-09-17T12:59:45Z,2026-09-17T13:02:15.307000Z,complete,pump.fun,
CziyAr14UNUrfkxpioWSumkLXMwWnDWN2bu2WR5ao7kc,PUMPFUN ACHIEVEMENTS,ACHIEVEMENTS,2XZycmQxaEBr2n6xZpkxtv5PMtapZKU9bpAZsTA72pJR,2026-09-17T13:44:36Z,2026-09-17T13:51:20.917000Z,complete,pump.fun,
omskHvyNvQSn3PFak3E8JHQJeSVJFsrc6izWT12pump,feecat,feecat,6kkjU6JUUwP7v3wsZPvXbmEjvTTQvfAiUhWZTCQ8p1Qh,2026-09-17T14:55:59Z,2026-09-17T14:59:37.101000Z,complete,pump.fun,
3uYT8w1FxasDGmM4WDG5kXu6D9BGvyP3iEfPJEVb6ewT,Normie coin,Normie,twamXGa9GVEnhEurqZD9w8g6zdSa8sVRBxR8s8DR9hj,2026-09-17T16:21:11Z,2026-09-17T16:23:30.568000Z,complete,pump.fun,
BZYpLHhui3qRNokWFg2JcX8CYtMqzWHR5R4xowjcbPqh,honse,honse,DWHEZ8JnfGtud25Gjhn3MndpTMshNEd12WMu2ciCa7ri,2026-09-19T14:35:31Z,2026-09-19T14:36:26.297000Z,complete,pump.fun,
9xhMStAAufkH5jA5nevaGy6M9fCsQ74BZnsXyo93DkfA,acornelius,ACORNELIUS,8Wz4CQpTsuMtf71mNTJNP7Anm2E8pidZLRUj8taahYWF,2026-09-19T15:12:24Z,2026-09-19T15:15:06.580000Z,complete,pump.fun,
55bKo8bj1YVEgsbwkkd4Nwu7JhaZF9trUgbvpZ3YeVCA,buy and forget,goldfish,2SJVK1Xhz2WWmsFhLHNpP9CM8q1mTwW7EXSVpHgsFJEs,2026-09-21T11:14:14Z,2026-09-21T11:18:29.452000Z,complete,pump.fun,
ASftCNtzPNmK3nMDvpQNvpLauKS45Vkq7kwTPutqUBL1,Larp Final Boss,TIMUR,Hp34goKgAhAYW6sw9iFAZofvDTr3DAhtkSKF1R9bAk2P,2026-09-22T12:32:08Z,2026-09-22T12:42:42.368000Z,complete,pump.fun,
2iSB473Z7L2ndpWs3n22tb7H3KSGpswDTH3jP7qCCAZT,The Giga Dog,Pochi,Hp34goKgAhAYW6sw9iFAZofvDTr3DAhtkSKF1R9bAk2P,2026-09-22T14:10:03Z,2026-09-22T14:29:44.962000Z,complete,pump.fun,
47r9YPDeTVpwHjAakoVgnzNTJRChXC8f4KSUqMbEsBbM,Trust The Plan,PLAN,75GMVrr2xfgAeybuNg1VMHqFE3GTFJLzEHo6xC4MwUzF,2026-09-22T20:53:19Z,2026-09-22T20:55:31.809000Z,complete,pump.fun,
GKTxLXsmkjLDo89XmPa5htwK7sAzdqZ3jmfV6gaTvK67,gigacat,GIGACAT,5FqUo9aBjsp7QeeyN6Vi2ZmF2fjS4H5EU7wnAQwPy17z,2026-09-23T12:23:39Z,2026-09-23T12:25:15.049000Z,complete,pump.fun,
21XJbyQWEhmeoxKRHdGrEjetSfHopvtp68LWzdvT471M,auracat,AURACAT,2KFogVS83AeBQc8ayhCQnAUeD2yK7hVTjqSC13vDtm8d,2026-09-23T15:50:35Z,2026-09-23T15:55:17.758000Z,complete,pump.fun,
GfqKCwNeAdHHi97AmgCLP5qrwcSJRDdyZ1huiU6xUXTz,Ban Artificial Superintelligence,ACTX,bwamJzztZsepfkteWRChggmXuiiCQvpLqPietdNfSXa,2026-09-23T16:30:17Z,2026-09-23T16:31:50.164000Z,complete,pump.fun,
5pSEZw1iytqYznD7crsGyKNek7q5JkjBqj2KmfqxUVZd,Honky Chonk Beardonkadonk⁣⁣,CHONK,6nU2L7MQVUWjtdKHVpuZA9aind73nd3rXC4YFo8KQCy4,2026-09-24T16:46:14Z,2026-09-24T16:48:46.328000Z,complete,pump.fun,
3f8CKfznVUGrFfhcq8ZBY9M1xyDeEQGrh6iH372h3ebN,Rowdy The Skatedog,Rowdy,Bb7iZcL3qj88yViNmUF37TZoQCJcLREjURY77rkJxGmA,2026-09-25T16:10:22Z,2026-09-25T16:11:52.883000Z,complete,pump.fun,
69N7rm9nnp6sVoULtp5toD26F25rYum8593GupxkUYvH,Never Kill Yourself,NEVER,Bb7iZcL3qj88yViNmUF37TZoQCJcLREjURY77rkJxGmA,2026-09-26T12:42:33Z,2026-09-26T12:46:09.362000Z,complete,pump.fun,
7dACCWZXF4Lr9ftxFpi7TJk7a3hcPpUwGPAcTuXDpump,Return To Memes,Memes,6kkjU6JUUwP7v3wsZPvXbmEjvTTQvfAiUhWZTCQ8p1Qh,2026-09-28T18:52:37Z,2026-09-28T18:54:14.624000Z,complete,pump.fun,
rMPLDvnn6KR773WNhZvtFNcgFwnRkc7UbPkUaiMpump,Bling Bling Boy,BBB,DTHCimq1B8bsm78e2sDQ2ip3qP5UmU1kLwZWPAW11oHa,2026-09-29T11:15:11Z,2026-09-29T11:32:26.347000Z,complete,pump.fun,
25GrKYrc3y4LZmmuhppYgFRCKb7JyZ6grum4WhLYvA1z,Optimistic Drake,DRAKE,Bb7iZcL3qj88yViNmUF37TZoQCJcLREjURY77rkJxGmA,2026-09-29T12:41:07Z,2026-09-29T12:43:30.551000Z,complete,pump.fun,
49aM4HrGABwG9F8iAn385zzcsS6mxHEFY8YN3H7y1Cd9,Ricky Martin,MARTIN,Hp34goKgAhAYW6sw9iFAZofvDTr3DAhtkSKF1R9bAk2P,2026-09-29T15:56:39Z,2026-09-29T16:00:36.969000Z,complete,pump.fun,
5Sg1vv51KGCSDF2gBHgbNATCEXFjYtVhWgztNUwtgJYD,The Herzogian Ethos,HERZOGIAN,FFdBLYqL9rs5fUT38ArE8GV2L3BziEgG5LJUu6sshfkF,2026-09-30T13:38:55Z,2026-09-30T13:42:22.120000Z,complete,pump.fun,
DJejJn1iJntJVTAixy4VRgqJFF3NMKPEMgVzbJFmpump,Generational Crashout,JADOODOO,E4FPggw9yDp9PNJDuRoLYDr6a5HKCsAterw3fygLpZEA,2026-09-30T15:42:55Z,2026-09-30T15:44:35.892000Z,complete,pump.fun,
BE5ciZmcADAX78u2a1GrFiPMPC3rNXtdPGUrhzWB4k5d,Special Inu,SI,C3yvxfMZ7BSTXHmEsDmH3TnGyEMucgQ5QwmhZkegzFmP,2026-10-01T13:05:43Z,2026-10-01T13:07:06.421000Z,complete,pump.fun,
8ypYfW5cjafrfAZij8TZj5SFHAbPNpiRio96LMzypDkn,breastcoin,BTC,bwamJzztZsepfkteWRChggmXuiiCQvpLqPietdNfSXa,2026-10-01T13:47:21Z,2026-10-01T13:50:09.782000Z,complete,pump.fun,
UsrcsZMqw6p53Fohu16UCBjsbjqc73XmoRFZDcnCtMR,BearCatMonkey,Binturong,C3yvxfMZ7BSTXHmEsDmH3TnGyEMucgQ5QwmhZkegzFmP,2026-10-02T15:39:35Z,2026-10-02T15:42:16.079000Z,complete,pump.fun,
EHUzmwAzmUix7TkwVr7b16U9ChJDr3RpjfXshR5swy5j,badly illustrated dog,bid,CXoUJHtBGnuNR6zJ3zm8nTnNzCwXxFViXh29d1kTJQmK,2026-10-02T18:34:24Z,2026-10-02T18:38:13.101000Z,complete,pump.fun,
6akNLpNd11oq4q5zxhXGwr5jwUi6Ke4CvKmF6QeUwJCQ,Justice For Knox,Knox,C3yvxfMZ7BSTXHmEsDmH3TnGyEMucgQ5QwmhZkegzFmP,2026-10-03T14:56:15Z,2026-10-03T14:59:45.073000Z,complete,pump.fun,
G9r7nnHSgvb7LUfCE8kavRaKokEMMYBjVHGKvQ6dpump,Somali Pirate Game ,Somalia,8ExM9dgr9e73DNf79CC6CmUUvicmqMw7xdddzH5uVArs,2026-10-03T16:07:46Z,2026-10-03T16:22:05.285000Z,complete,pump.fun,
9PNfxvTARzdxvQas2uknW57bnfMCS1dxW1He7rPbuhuQ,Artificial Inufluencer,AI,timeworn2X1EwMLSzeVhdVTbVSzSCKuibKd2kQ2Lsyn,2026-10-03T17:57:24Z,2026-10-03T17:58:58.595000Z,complete,pump.fun,
6XD1vorwquLXjTSL5W4MJMGewZBeiEcPFmZw527TSwva,AlxCooks,AlxCooks,timeworn2X1EwMLSzeVhdVTbVSzSCKuibKd2kQ2Lsyn,2026-10-03T19:09:15Z,2026-10-03T19:11:00.378000Z,complete,pump.fun,
H8oe2SCksJcYzhPeS4TsbteusgZW5k7QaZ4boKyq8C7U,quarantinu,quarantinu,C3yvxfMZ7BSTXHmEsDmH3TnGyEMucgQ5QwmhZkegzFmP,2026-10-05T10:27:39Z,2026-10-05T10:34:23.488000Z,complete,pump.fun,
57ANN8dAbPX8x1BEFFwzBttkzwpKZBEiJkdiWSzVNQvS,KittenWifHat,KWIF,GpTXmkdvrTajqkzX1fBmC4BUjSboF9dHgfnqPqj8WAc4,2026-10-05T13:16:28Z,2026-10-05T13:18:59.802000Z,complete,pump.fun,
7HiD5rzoZxAYXEJ8Z4t3WgM8VE1iSKWJdxPPyEdDNzwN,Corps Lance Cpl. Bruno,BRUNO,C3yvxfMZ7BSTXHmEsDmH3TnGyEMucgQ5QwmhZkegzFmP,2026-10-05T17:57:27Z,2026-10-05T17:59:58.381000Z,complete,pump.fun,
5o43e7gYZWFNEpdqkegHY6LXkhMXB1z6f7d6TAVGEMTM,Prophet of Doom,Craig,8NJ7Ujpji8uMF2675mqaTSEm2DCbfJA7fiRKtiaqkaLN,2026-10-06T10:51:38Z,2026-10-06T10:54:04.554000Z,complete,pump.fun,
5EZ7yagvcsHcwH3e17khLwGzhFrCsx7CKS7ZN6J6i4Lh,dabcat,dabcat,C3yvxfMZ7BSTXHmEsDmH3TnGyEMucgQ5QwmhZkegzFmP,2026-10-06T11:24:04Z,2026-10-06T11:35:32.206000Z,complete,pump.fun,
7mRDn1rAqjwFQXacodr1UmkNdvAGPbtNP9k5jvBZqt9J,MEMETARD,MEMETARD,DWHEZ8JnfGtud25Gjhn3MndpTMshNEd12WMu2ciCa7ri,2026-10-06T12:46:37Z,2026-10-06T12:47:37.481000Z,complete,pump.fun,
